season,week,game_type,gameday,home_team,away_team,home_score,away_score,home_rest,away_rest,div_game
1999,1,REG,1999-09-12,ATL,MIN,14,17,7,7,0
1999,1,REG,1999-09-12,CHI,KC,20,17,7,7,0
1999,1,REG,1999-09-12,CLE,PIT,0,43,7,7,1
1999,1,REG,1999-09-12,GB,LV,28,24,7,7,0
1999,1,REG,1999-09-12,IND,BUF,31,14,7,7,1
1999,1,REG,1999-09-12,JAX,SF,41,3,7,7,0
1999,1,REG,1999-09-12,NO,CAR,19,10,7,7,1
1999,1,REG,1999-09-12,NYJ,NE,28,30,7,7,1
1999,1,REG,1999-09-12,PHI,ARI,24,25,7,7,1
1999,1,REG,1999-09-12,SEA,DET,20,28,7,7,0
1999,1,REG,1999-09-12,LA,BAL,27,10,7,7,0
1999,1,REG,1999-09-12,TB,NYG,13,17,7,7,0
1999,1,REG,1999-09-12,TEN,CIN,36,35,7,7,1
1999,1,REG,1999-09-12,WAS,DAL,35,41,7,7,1
1999,1,REG,1999-09-13,DEN,MIA,21,38,7,7,0
1999,2,REG,1999-09-19,BAL,PIT,20,23,7,7,1
1999,2,REG,1999-09-19,BUF,NYJ,17,3,7,7,1
1999,2,REG,1999-09-19,CAR,JAX,20,22,7,7,0
1999,2,REG,1999-09-19,CHI,SEA,13,14,7,7,0
1999,2,REG,1999-09-19,CIN,LAC,7,34,7,14,0
1999,2,REG,1999-09-19,DET,GB,23,15,7,7,1
1999,2,REG,1999-09-19,KC,DEN,26,10,7,6,1
1999,2,REG,1999-09-19,MIA,ARI,19,16,6,7,0
1999,2,REG,1999-09-19,MIN,LV,17,22,7,7,0
1999,2,REG,1999-09-19,NE,IND,31,28,7,7,1
1999,2,REG,1999-09-19,NYG,WAS,21,50,7,7,1
1999,2,REG,1999-09-19,PHI,TB,5,19,7,7,0
1999,2,REG,1999-09-19,SF,NO,28,21,7,7,1
1999,2,REG,1999-09-19,TEN,CLE,26,9,7,7,1
1999,2,REG,1999-09-20,DAL,ATL,24,7,8,8,0
1999,3,REG,1999-09-26,BAL,CLE,17,10,7,7,1
1999,3,REG,1999-09-26,BUF,PHI,26,0,7,7,0
1999,3,REG,1999-09-26,CAR,CIN,27,3,7,7,0
1999,3,REG,1999-09-26,GB,MIN,23,20,7,7,1
1999,3,REG,1999-09-26,JAX,TEN,19,20,7,7,1
1999,3,REG,1999-09-26,KC,DET,31,21,7,7,0
1999,3,REG,1999-09-26,NE,NYG,16,14,7,7,0
1999,3,REG,1999-09-26,NYJ,WAS,20,27,7,7,0
1999,3,REG,1999-09-26,LV,CHI,24,17,7,7,0
1999,3,REG,1999-09-26,PIT,SEA,10,29,7,7,0
1999,3,REG,1999-09-26,LAC,IND,19,27,7,7,0
1999,3,REG,1999-09-26,LA,ATL,35,7,14,6,1
1999,3,REG,1999-09-26,TB,DEN,13,10,7,7,0
1999,3,REG,1999-09-27,ARI,SF,10,24,8,8,0
1999,4,REG,1999-10-03,ATL,BAL,13,19,7,7,0
1999,4,REG,1999-10-03,CHI,NO,14,10,7,14,0
1999,4,REG,1999-10-03,CIN,LA,10,38,7,7,0
1999,4,REG,1999-10-03,CLE,NE,7,19,7,7,0
1999,4,REG,1999-10-03,DAL,ARI,35,7,13,6,1
1999,4,REG,1999-10-03,DEN,NYJ,13,21,7,7,0
1999,4,REG,1999-10-03,MIN,TB,21,14,7,7,1
1999,4,REG,1999-10-03,NYG,PHI,16,15,7,7,1
1999,4,REG,1999-10-03,PIT,JAX,3,17,7,7,1
1999,4,REG,1999-10-03,LAC,KC,21,14,7,7,1
1999,4,REG,1999-10-03,SEA,LV,22,21,7,7,1
1999,4,REG,1999-10-03,SF,TEN,24,22,6,7,0
1999,4,REG,1999-10-03,WAS,CAR,38,36,7,7,0
1999,4,REG,1999-10-04,MIA,BUF,18,23,15,8,1
1999,5,REG,1999-10-10,ARI,NYG,14,3,7,7,1
1999,5,REG,1999-10-10,BUF,PIT,24,21,6,7,0
1999,5,REG,1999-10-10,CLE,CIN,17,18,7,7,1
1999,5,REG,1999-10-10,DET,LAC,10,20,14,7,0
1999,5,REG,1999-10-10,GB,TB,26,23,14,7,1
1999,5,REG,1999-10-10,IND,MIA,31,34,14,6,1
1999,5,REG,1999-10-10,KC,NE,16,14,7,7,0
1999,5,REG,1999-10-10,MIN,CHI,22,24,7,7,1
1999,5,REG,1999-10-10,NO,ATL,17,20,7,7,1
1999,5,REG,1999-10-10,LV,DEN,13,16,7,7,1
1999,5,REG,1999-10-10,PHI,DAL,13,10,7,7,1
1999,5,REG,1999-10-10,LA,SF,42,20,7,7,1
1999,5,REG,1999-10-10,TEN,BAL,14,11,7,7,1
1999,5,REG,1999-10-11,NYJ,JAX,6,16,8,8,0
1999,6,REG,1999-10-17,ARI,WAS,10,24,7,14,1
1999,6,REG,1999-10-17,ATL,LA,13,41,7,7,1
1999,6,REG,1999-10-17,BUF,LV,14,20,7,7,0
1999,6,REG,1999-10-17,CHI,PHI,16,20,7,7,0
1999,6,REG,1999-10-17,CIN,PIT,3,17,7,7,1
1999,6,REG,1999-10-17,DEN,GB,31,10,7,7,0
1999,6,REG,1999-10-17,DET,MIN,25,23,7,7,1
1999,6,REG,1999-10-17,JAX,CLE,24,7,6,7,1
1999,6,REG,1999-10-17,NE,MIA,30,31,7,7,1
1999,6,REG,1999-10-17,NO,TEN,21,24,7,7,0
1999,6,REG,1999-10-17,NYJ,IND,13,16,6,7,1
1999,6,REG,1999-10-17,LAC,SEA,13,10,7,14,1
1999,6,REG,1999-10-17,SF,CAR,29,31,7,14,1
1999,6,REG,1999-10-18,NYG,DAL,13,10,8,8,1
1999,7,REG,1999-10-21,BAL,KC,8,35,11,11,0
1999,7,REG,1999-10-24,CAR,DET,9,24,7,7,0
1999,7,REG,1999-10-24,DAL,WAS,38,20,6,7,1
1999,7,REG,1999-10-24,IND,CIN,31,10,7,7,0
1999,7,REG,1999-10-24,MIA,PHI,16,13,7,7,0
1999,7,REG,1999-10-24,MIN,SF,40,16,7,7,0
1999,7,REG,1999-10-24,NE,DEN,24,23,7,7,0
1999,7,REG,1999-10-24,NYG,NO,31,3,6,7,0
1999,7,REG,1999-10-24,LV,NYJ,24,23,7,7,0
1999,7,REG,1999-10-24,LAC,GB,3,31,7,7,0
1999,7,REG,1999-10-24,SEA,BUF,26,16,7,7,0
1999,7,REG,1999-10-24,LA,CLE,34,3,7,7,0
1999,7,REG,1999-10-24,TB,CHI,6,3,14,7,1
1999,7,REG,1999-10-25,PIT,ATL,13,9,8,8,0
1999,8,REG,1999-10-31,ARI,NE,3,27,14,7,0
1999,8,REG,1999-10-31,ATL,CAR,27,20,6,7,1
1999,8,REG,1999-10-31,BAL,BUF,10,13,10,7,0
1999,8,REG,1999-10-31,CIN,JAX,10,41,7,14,1
1999,8,REG,1999-10-31,DEN,MIN,20,23,7,7,0
1999,8,REG,1999-10-31,DET,TB,20,3,7,7,1
1999,8,REG,1999-10-31,IND,DAL,34,24,7,7,0
1999,8,REG,1999-10-31,KC,LAC,34,0,10,7,1
1999,8,REG,1999-10-31,NO,CLE,16,21,7,7,0
1999,8,REG,1999-10-31,LV,MIA,9,16,7,7,0
1999,8,REG,1999-10-31,PHI,NYG,17,23,7,7,1
1999,8,REG,1999-10-31,TEN,LA,24,21,14,7,0
1999,8,REG,1999-10-31,WAS,CHI,48,22,7,7,0
1999,8,REG,1999-11-01,GB,SEA,7,27,8,8,0
1999,9,REG,1999-11-07,ATL,JAX,7,30,7,7,0
1999,9,REG,1999-11-07,CAR,PHI,33,7,7,7,0
1999,9,REG,1999-11-07,CLE,BAL,9,41,7,7,1
1999,9,REG,1999-11-07,DET,LA,31,27,7,7,0
1999,9,REG,1999-11-07,GB,CHI,13,14,6,7,1
1999,9,REG,1999-11-07,IND,KC,25,17,7,7,0
1999,9,REG,1999-11-07,MIA,TEN,17,0,7,7,0
1999,9,REG,1999-11-07,NO,TB,16,31,7,7,0
1999,9,REG,1999-11-07,NYJ,ARI,12,7,14,7,0
1999,9,REG,1999-11-07,LAC,DEN,17,33,7,7,1
1999,9,REG,1999-11-07,SEA,CIN,37,20,6,7,0
1999,9,REG,1999-11-07,SF,PIT,6,27,14,13,0
1999,9,REG,1999-11-07,WAS,BUF,17,34,7,7,0
1999,9,REG,1999-11-08,MIN,DAL,27,17,8,8,0
1999,10,REG,1999-11-14,ARI,DET,23,19,7,7,0
1999,10,REG,1999-11-14,BUF,MIA,23,3,7,7,1
1999,10,REG,1999-11-14,CHI,MIN,24,27,7,6,1
1999,10,REG,1999-11-14,CIN,TEN,14,24,7,7,1
1999,10,REG,1999-11-14,DAL,GB,27,13,6,7,0
1999,10,REG,1999-11-14,JAX,BAL,6,3,7,7,1
1999,10,REG,1999-11-14,NO,SF,24,6,7,7,1
1999,10,REG,1999-11-14,NYG,IND,19,27,14,7,0
1999,10,REG,1999-11-14,LV,LAC,28,9,14,7,1
1999,10,REG,1999-11-14,PHI,WAS,35,28,7,7,1
1999,10,REG,1999-11-14,PIT,CLE,15,16,7,7,1
1999,10,REG,1999-11-14,SEA,DEN,20,17,7,7,1
1999,10,REG,1999-11-14,LA,CAR,35,10,7,7,1
1999,10,REG,1999-11-14,TB,KC,17,10,7,7,0
1999,10,REG,1999-11-15,NE,NYJ,17,24,15,8,1
1999,11,REG,1999-11-21,ARI,DAL,13,9,7,7,1
1999,11,REG,1999-11-21,CIN,BAL,31,34,7,7,1
1999,11,REG,1999-11-21,CLE,CAR,17,31,7,7,0
1999,11,REG,1999-11-21,GB,DET,26,17,7,7,1
1999,11,REG,1999-11-21,JAX,NO,41,23,7,7,0
1999,11,REG,1999-11-21,KC,SEA,19,31,7,7,1
1999,11,REG,1999-11-21,MIA,NE,27,17,7,6,1
1999,11,REG,1999-11-21,NYJ,BUF,17,7,6,7,1
1999,11,REG,1999-11-21,PHI,IND,17,44,7,7,0
1999,11,REG,1999-11-21,LAC,CHI,20,23,7,7,0
1999,11,REG,1999-11-21,SF,LA,7,23,7,7,1
1999,11,REG,1999-11-21,TB,ATL,19,10,7,14,0
1999,11,REG,1999-11-21,TEN,PIT,16,10,7,7,1
1999,11,REG,1999-11-21,WAS,NYG,23,13,7,7,1
1999,11,REG,1999-11-22,DEN,LV,27,21,8,8,1
1999,12,REG,1999-11-25,DAL,MIA,20,0,4,4,0
1999,12,REG,1999-11-25,DET,CHI,21,17,4,4,1
1999,12,REG,1999-11-28,BAL,JAX,23,30,7,7,1
1999,12,REG,1999-11-28,BUF,NE,17,7,7,7,1
1999,12,REG,1999-11-28,CAR,ATL,34,28,7,7,1
1999,12,REG,1999-11-28,CLE,TEN,21,33,7,7,1
1999,12,REG,1999-11-28,IND,NYJ,13,6,7,7,1
1999,12,REG,1999-11-28,MIN,LAC,35,27,14,7,0
1999,12,REG,1999-11-28,NYG,ARI,24,34,7,7,1
1999,12,REG,1999-11-28,LV,KC,34,37,6,7,1
1999,12,REG,1999-11-28,PIT,CIN,20,27,7,7,1
1999,12,REG,1999-11-28,SEA,TB,3,16,7,7,0
1999,12,REG,1999-11-28,LA,NO,43,12,7,7,1
1999,12,REG,1999-11-28,WAS,PHI,20,17,7,7,1
1999,12,REG,1999-11-29,SF,GB,3,20,8,8,0
1999,13,REG,1999-12-02,JAX,PIT,20,6,4,4,1
1999,13,REG,1999-12-05,ARI,PHI,21,17,7,7,1
1999,13,REG,1999-12-05,ATL,NO,35,12,7,7,1
1999,13,REG,1999-12-05,BAL,TEN,41,14,7,7,1
1999,13,REG,1999-12-05,CAR,LA,21,34,7,7,1
1999,13,REG,1999-12-05,CHI,GB,19,35,10,6,1
1999,13,REG,1999-12-05,CIN,SF,44,30,7,6,0
1999,13,REG,1999-12-05,DEN,KC,10,16,13,7,1
1999,13,REG,1999-12-05,DET,WAS,33,17,10,7,0
1999,13,REG,1999-12-05,MIA,IND,34,37,10,7,1
1999,13,REG,1999-12-05,NE,DAL,13,6,7,10,0
1999,13,REG,1999-12-05,NYG,NYJ,41,28,7,7,0
1999,13,REG,1999-12-05,LV,SEA,30,21,7,7,1
1999,13,REG,1999-12-05,LAC,CLE,23,10,7,7,0
1999,13,REG,1999-12-06,TB,MIN,24,17,8,8,1
1999,14,REG,1999-12-09,TEN,LV,21,14,4,4,0
1999,14,REG,1999-12-12,BUF,NYG,17,19,14,7,0
1999,14,REG,1999-12-12,CIN,CLE,44,28,7,7,1
1999,14,REG,1999-12-12,DAL,PHI,20,10,7,7,1
1999,14,REG,1999-12-12,GB,CAR,31,33,7,7,0
1999,14,REG,1999-12-12,IND,NE,20,15,7,7,1
1999,14,REG,1999-12-12,KC,MIN,31,28,7,6,0
1999,14,REG,1999-12-12,NO,LA,14,30,7,7,1
1999,14,REG,1999-12-12,NYJ,MIA,28,20,7,7,1
1999,14,REG,1999-12-12,PIT,BAL,24,31,10,7,1
1999,14,REG,1999-12-12,SEA,LAC,16,19,7,7,1
1999,14,REG,1999-12-12,SF,ATL,26,7,7,7,1
1999,14,REG,1999-12-12,TB,DET,23,16,6,7,1
1999,14,REG,1999-12-12,WAS,ARI,28,3,7,7,1
1999,14,REG,1999-12-13,JAX,DEN,27,24,11,8,0
1999,15,REG,1999-12-18,CAR,SF,41,24,6,6,1
1999,15,REG,1999-12-18,KC,PIT,35,19,6,6,0
1999,15,REG,1999-12-19,ARI,BUF,21,31,7,7,0
1999,15,REG,1999-12-19,BAL,NO,31,8,7,7,0
1999,15,REG,1999-12-19,CHI,DET,28,10,14,7,1
1999,15,REG,1999-12-19,CLE,JAX,14,24,7,6,1
1999,15,REG,1999-12-19,DAL,NYJ,21,22,7,7,0
1999,15,REG,1999-12-19,DEN,SEA,36,30,6,7,1
1999,15,REG,1999-12-19,IND,WAS,24,21,7,7,0
1999,15,REG,1999-12-19,MIA,LAC,12,9,7,7,0
1999,15,REG,1999-12-19,LV,TB,45,0,10,7,0
1999,15,REG,1999-12-19,PHI,NE,24,9,7,7,0
1999,15,REG,1999-12-19,LA,NYG,31,10,7,7,0
1999,15,REG,1999-12-19,TEN,ATL,30,17,10,7,0
1999,15,REG,1999-12-20,MIN,GB,24,20,8,8,1
1999,16,REG,1999-12-24,NO,DAL,31,24,5,5,0
1999,16,REG,1999-12-25,DET,DEN,7,17,6,6,0
1999,16,REG,1999-12-26,ATL,ARI,37,14,7,7,0
1999,16,REG,1999-12-26,BAL,CIN,22,0,7,14,1
1999,16,REG,1999-12-26,CLE,IND,28,29,7,7,0
1999,16,REG,1999-12-26,NE,BUF,10,13,7,7,1
1999,16,REG,1999-12-26,NYG,MIN,17,34,7,6,0
1999,16,REG,1999-12-26,PIT,CAR,30,20,8,8,0
1999,16,REG,1999-12-26,LAC,LV,23,20,7,7,1
1999,16,REG,1999-12-26,SEA,KC,23,14,7,8,1
1999,16,REG,1999-12-26,SF,WAS,20,26,8,7,0
1999,16,REG,1999-12-26,LA,CHI,34,12,7,7,0
1999,16,REG,1999-12-26,TB,GB,29,10,7,6,1
1999,16,REG,1999-12-26,TEN,JAX,41,14,7,7,1
1999,16,REG,1999-12-27,MIA,NYJ,31,38,8,8,1
1999,17,REG,2000-01-02,BUF,IND,31,6,7,7,1
1999,17,REG,2000-01-02,CAR,NO,45,13,7,9,1
1999,17,REG,2000-01-02,CHI,TB,6,20,7,7,1
1999,17,REG,2000-01-02,DAL,NYG,26,18,9,7,1
1999,17,REG,2000-01-02,DEN,LAC,6,12,8,7,1
1999,17,REG,2000-01-02,GB,ARI,49,24,7,7,0
1999,17,REG,2000-01-02,JAX,CIN,24,7,7,7,1
1999,17,REG,2000-01-02,KC,LV,38,41,7,7,1
1999,17,REG,2000-01-02,MIN,DET,24,17,7,8,1
1999,17,REG,2000-01-02,NE,BAL,20,3,7,7,0
1999,17,REG,2000-01-02,NYJ,SEA,19,9,6,7,0
1999,17,REG,2000-01-02,PHI,LA,38,31,14,7,0
1999,17,REG,2000-01-02,PIT,TEN,36,47,7,7,1
1999,17,REG,2000-01-02,WAS,MIA,21,10,7,6,0
1999,17,REG,2000-01-03,ATL,SF,34,29,8,8,1
1999,18,WC,2000-01-08,TEN,BUF,22,16,6,6,0
1999,18,WC,2000-01-08,WAS,DET,27,13,6,6,0
1999,18,WC,2000-01-09,MIN,DAL,27,10,7,7,0
1999,18,WC,2000-01-09,SEA,MIA,17,20,7,7,0
1999,19,DIV,2000-01-15,JAX,MIA,62,7,13,6,0
1999,19,DIV,2000-01-15,TB,WAS,14,13,13,7,0
1999,19,DIV,2000-01-16,IND,TEN,16,19,14,8,0
1999,19,DIV,2000-01-16,LA,MIN,49,37,14,7,0
1999,20,CON,2000-01-23,JAX,TEN,14,33,8,7,1
1999,20,CON,2000-01-23,LA,TB,11,6,7,8,0
1999,21,SB,2000-01-30,TEN,LA,16,23,7,7,0
2000,1,REG,2000-09-03,ATL,SF,36,28,7,7,1
2000,1,REG,2000-09-03,CLE,JAX,7,27,7,7,1
2000,1,REG,2000-09-03,KC,IND,14,27,7,7,0
2000,1,REG,2000-09-03,MIN,CHI,30,27,7,7,1
2000,1,REG,2000-09-03,NE,TB,16,21,7,7,0
2000,1,REG,2000-09-03,NO,DET,10,14,7,7,0
2000,1,REG,2000-09-03,NYG,ARI,21,16,7,7,1
2000,1,REG,2000-09-03,PIT,BAL,0,16,7,7,1
2000,1,REG,2000-09-03,WAS,CAR,20,17,7,7,0
2000,1,REG,2000-09-03,DAL,PHI,14,41,7,7,1
2000,1,REG,2000-09-03,GB,NYJ,16,20,7,7,0
2000,1,REG,2000-09-03,MIA,SEA,23,0,7,7,0
2000,1,REG,2000-09-03,LV,LAC,9,6,7,7,1
2000,1,REG,2000-09-03,BUF,TEN,16,13,7,7,0
2000,1,REG,2000-09-04,LA,DEN,41,36,7,7,0
2000,2,REG,2000-09-10,IND,LV,31,38,7,7,0
2000,2,REG,2000-09-10,BAL,JAX,39,36,7,7,1
2000,2,REG,2000-09-10,BUF,GB,27,18,7,7,0
2000,2,REG,2000-09-10,CIN,CLE,7,24,14,7,1
2000,2,REG,2000-09-10,MIN,MIA,13,7,7,7,0
2000,2,REG,2000-09-10,PHI,NYG,18,33,7,7,1
2000,2,REG,2000-09-10,TB,CHI,41,0,7,7,1
2000,2,REG,2000-09-10,TEN,KC,17,14,7,7,0
2000,2,REG,2000-09-10,DEN,ATL,42,14,6,7,0
2000,2,REG,2000-09-10,DET,WAS,15,10,7,7,0
2000,2,REG,2000-09-10,LAC,NO,27,28,7,7,0
2000,2,REG,2000-09-10,SEA,LA,34,37,7,6,0
2000,2,REG,2000-09-10,SF,CAR,22,38,7,7,1
2000,2,REG,2000-09-10,ARI,DAL,32,31,7,7,1
2000,2,REG,2000-09-11,NYJ,NE,20,19,8,8,1
2000,3,REG,2000-09-17,CAR,ATL,10,15,7,7,1
2000,3,REG,2000-09-17,CLE,PIT,23,20,7,14,1
2000,3,REG,2000-09-17,DET,TB,10,31,7,7,1
2000,3,REG,2000-09-17,GB,PHI,6,3,7,7,0
2000,3,REG,2000-09-17,JAX,CIN,13,0,7,7,1
2000,3,REG,2000-09-17,KC,LAC,42,10,7,7,1
2000,3,REG,2000-09-17,NYJ,BUF,27,14,6,7,1
2000,3,REG,2000-09-17,LA,SF,41,24,7,7,1
2000,3,REG,2000-09-17,LV,DEN,24,33,7,7,1
2000,3,REG,2000-09-17,CHI,NYG,7,14,7,7,0
2000,3,REG,2000-09-17,NE,MIN,13,21,6,7,0
2000,3,REG,2000-09-17,SEA,NO,20,10,7,7,0
2000,3,REG,2000-09-17,MIA,BAL,19,6,7,7,0
2000,3,REG,2000-09-18,WAS,DAL,21,27,8,8,1
2000,4,REG,2000-09-24,ATL,LA,20,41,7,7,1
2000,4,REG,2000-09-24,BAL,CIN,37,0,7,7,1
2000,4,REG,2000-09-24,CHI,DET,14,21,7,7,1
2000,4,REG,2000-09-24,DAL,SF,24,41,6,7,0
2000,4,REG,2000-09-24,MIA,NE,10,3,7,7,1
2000,4,REG,2000-09-24,NO,PHI,7,21,7,7,0
2000,4,REG,2000-09-24,PIT,TEN,20,23,7,14,1
2000,4,REG,2000-09-24,ARI,GB,3,29,14,7,0
2000,4,REG,2000-09-24,DEN,KC,22,23,7,7,1
2000,4,REG,2000-09-24,LV,CLE,36,10,7,7,0
2000,4,REG,2000-09-24,LAC,SEA,12,20,7,7,1
2000,4,REG,2000-09-24,TB,NYJ,17,21,7,7,0
2000,4,REG,2000-09-24,NYG,WAS,6,16,7,6,1
2000,4,REG,2000-09-25,IND,JAX,43,14,15,8,0
2000,5,REG,2000-10-01,BUF,IND,16,18,14,6,1
2000,5,REG,2000-10-01,CAR,DAL,13,16,14,7,0
2000,5,REG,2000-10-01,CLE,BAL,0,12,7,7,1
2000,5,REG,2000-10-01,DET,MIN,24,31,7,14,1
2000,5,REG,2000-10-01,JAX,PIT,13,24,6,7,1
2000,5,REG,2000-10-01,LA,LAC,57,31,7,7,0
2000,5,REG,2000-10-01,TEN,NYG,28,14,7,7,0
2000,5,REG,2000-10-01,CIN,MIA,16,31,7,7,0
2000,5,REG,2000-10-01,DEN,NE,19,28,7,7,0
2000,5,REG,2000-10-01,GB,CHI,24,27,7,7,1
2000,5,REG,2000-10-01,SF,ARI,27,20,7,7,0
2000,5,REG,2000-10-01,WAS,TB,20,17,7,7,0
2000,5,REG,2000-10-01,PHI,ATL,38,10,7,7,0
2000,5,REG,2000-10-02,KC,SEA,24,17,8,8,1
2000,6,REG,2000-10-08,CHI,NO,10,31,7,14,0
2000,6,REG,2000-10-08,CIN,TEN,14,23,7,7,1
2000,6,REG,2000-10-08,DET,GB,31,24,7,7,1
2000,6,REG,2000-10-08,MIA,BUF,22,13,7,7,1
2000,6,REG,2000-10-08,NE,IND,24,16,7,7,1
2000,6,REG,2000-10-08,NYJ,PIT,3,20,14,7,0
2000,6,REG,2000-10-08,PHI,WAS,14,17,7,7,1
2000,6,REG,2000-10-08,ARI,CLE,29,21,7,7,0
2000,6,REG,2000-10-08,ATL,NYG,6,13,7,7,0
2000,6,REG,2000-10-08,CAR,SEA,26,3,7,6,0
2000,6,REG,2000-10-08,LAC,DEN,7,21,7,7,1
2000,6,REG,2000-10-08,SF,LV,28,34,7,14,0
2000,6,REG,2000-10-08,JAX,BAL,10,15,7,7,1
2000,6,REG,2000-10-09,MIN,TB,30,23,8,8,1
2000,7,REG,2000-10-15,BUF,LAC,27,24,7,7,0
2000,7,REG,2000-10-15,KC,LV,17,20,13,7,1
2000,7,REG,2000-10-15,NO,CAR,24,6,7,7,1
2000,7,REG,2000-10-15,NYG,DAL,19,14,7,14,1
2000,7,REG,2000-10-15,PIT,CIN,15,0,7,7,1
2000,7,REG,2000-10-15,LA,ATL,45,29,14,7,1
2000,7,REG,2000-10-15,WAS,BAL,10,3,7,7,0
2000,7,REG,2000-10-15,ARI,PHI,14,33,7,7,1
2000,7,REG,2000-10-15,DEN,CLE,44,10,7,7,0
2000,7,REG,2000-10-15,NE,NYJ,17,34,7,7,1
2000,7,REG,2000-10-15,SEA,IND,24,37,7,7,0
2000,7,REG,2000-10-15,GB,SF,31,28,7,7,0
2000,7,REG,2000-10-15,CHI,MIN,16,28,7,6,1
2000,7,REG,2000-10-16,TEN,JAX,27,13,8,8,1
2000,8,REG,2000-10-19,TB,DET,14,28,10,11,1
2000,8,REG,2000-10-22,IND,NE,30,23,7,7,1
2000,8,REG,2000-10-22,ATL,NO,19,21,7,7,1
2000,8,REG,2000-10-22,BAL,TEN,6,14,7,6,1
2000,8,REG,2000-10-22,CAR,SF,34,16,7,7,1
2000,8,REG,2000-10-22,CIN,DEN,31,21,7,7,0
2000,8,REG,2000-10-22,DAL,ARI,48,7,7,7,1
2000,8,REG,2000-10-22,KC,LA,54,34,7,7,0
2000,8,REG,2000-10-22,MIN,BUF,31,27,7,7,0
2000,8,REG,2000-10-22,PHI,CHI,13,9,7,7,0
2000,8,REG,2000-10-22,LV,SEA,31,3,7,7,1
2000,8,REG,2000-10-22,PIT,CLE,22,0,7,7,1
2000,8,REG,2000-10-22,JAX,WAS,16,35,6,7,0
2000,8,REG,2000-10-23,NYJ,MIA,40,37,8,15,1
2000,9,REG,2000-10-29,ATL,CAR,13,12,7,7,1
2000,9,REG,2000-10-29,BAL,PIT,6,9,7,7,1
2000,9,REG,2000-10-29,BUF,NYJ,23,20,7,6,1
2000,9,REG,2000-10-29,CLE,CIN,3,12,7,7,1
2000,9,REG,2000-10-29,IND,DET,30,18,7,10,0
2000,9,REG,2000-10-29,MIA,GB,28,20,6,14,0
2000,9,REG,2000-10-29,TB,MIN,41,13,10,7,1
2000,9,REG,2000-10-29,ARI,NO,10,21,7,7,0
2000,9,REG,2000-10-29,NYG,PHI,24,7,14,7,1
2000,9,REG,2000-10-29,SF,LA,24,34,7,7,1
2000,9,REG,2000-10-29,DAL,JAX,17,23,7,7,0
2000,9,REG,2000-10-29,SEA,KC,19,24,7,7,1
2000,9,REG,2000-10-29,LAC,LV,13,15,14,7,1
2000,9,REG,2000-10-30,WAS,TEN,21,27,8,8,0
2000,10,REG,2000-11-05,ATL,TB,14,27,7,7,0
2000,10,REG,2000-11-05,CHI,IND,27,24,14,7,0
2000,10,REG,2000-11-05,CIN,BAL,7,27,7,7,1
2000,10,REG,2000-11-05,CLE,NYG,3,24,7,7,0
2000,10,REG,2000-11-05,DET,MIA,8,23,7,7,0
2000,10,REG,2000-11-05,NE,BUF,13,16,14,7,1
2000,10,REG,2000-11-05,NO,SF,31,15,7,7,1
2000,10,REG,2000-11-05,PHI,DAL,16,13,7,7,1
2000,10,REG,2000-11-05,TEN,PIT,9,7,6,7,1
2000,10,REG,2000-11-05,ARI,WAS,16,15,7,6,1
2000,10,REG,2000-11-05,NYJ,DEN,23,30,7,14,0
2000,10,REG,2000-11-05,LV,KC,49,31,7,7,1
2000,10,REG,2000-11-05,SEA,LAC,17,15,7,7,1
2000,10,REG,2000-11-05,LA,CAR,24,27,7,7,1
2000,10,REG,2000-11-06,GB,MIN,26,20,8,8,1
2000,11,REG,2000-11-12,BUF,CHI,20,3,7,7,0
2000,11,REG,2000-11-12,CAR,NO,10,20,7,7,1
2000,11,REG,2000-11-12,DAL,CIN,23,6,7,7,0
2000,11,REG,2000-11-12,DET,ATL,13,10,7,7,0
2000,11,REG,2000-11-12,JAX,SEA,21,28,14,7,0
2000,11,REG,2000-11-12,MIN,ARI,31,14,6,7,0
2000,11,REG,2000-11-12,PIT,PHI,23,26,7,7,0
2000,11,REG,2000-11-12,TEN,BAL,23,24,7,7,1
2000,11,REG,2000-11-12,CLE,NE,19,11,7,7,0
2000,11,REG,2000-11-12,LAC,MIA,7,17,7,7,0
2000,11,REG,2000-11-12,SF,KC,21,7,7,7,0
2000,11,REG,2000-11-12,NYG,LA,24,38,7,7,0
2000,11,REG,2000-11-12,TB,GB,20,15,7,6,1
2000,11,REG,2000-11-12,IND,NYJ,23,15,7,7,1
2000,11,REG,2000-11-13,DEN,LV,27,24,8,8,1
2000,12,REG,2000-11-19,CHI,TB,13,10,7,7,1
2000,12,REG,2000-11-19,GB,IND,26,24,7,7,0
2000,12,REG,2000-11-19,KC,BUF,17,21,7,7,0
2000,12,REG,2000-11-19,MIN,CAR,31,17,7,7,0
2000,12,REG,2000-11-19,NE,CIN,16,13,7,7,0
2000,12,REG,2000-11-19,NO,LV,22,31,7,6,0
2000,12,REG,2000-11-19,NYG,DET,21,31,7,7,0
2000,12,REG,2000-11-19,PHI,ARI,34,9,7,7,1
2000,12,REG,2000-11-19,TEN,CLE,24,10,7,7,1
2000,12,REG,2000-11-19,DEN,LAC,38,37,6,7,1
2000,12,REG,2000-11-19,MIA,NYJ,3,20,7,7,1
2000,12,REG,2000-11-19,BAL,DAL,27,0,7,7,0
2000,12,REG,2000-11-19,SF,ATL,16,6,7,7,1
2000,12,REG,2000-11-19,PIT,JAX,24,34,7,7,1
2000,12,REG,2000-11-20,LA,WAS,20,33,8,15,0
2000,13,REG,2000-11-23,DET,NE,34,9,4,4,0
2000,13,REG,2000-11-23,DAL,MIN,15,27,4,4,0
2000,13,REG,2000-11-26,BAL,CLE,44,7,7,7,1
2000,13,REG,2000-11-26,CIN,PIT,28,48,7,7,1
2000,13,REG,2000-11-26,NYJ,CHI,17,10,7,7,0
2000,13,REG,2000-11-26,LA,NO,24,31,6,7,1
2000,13,REG,2000-11-26,TB,BUF,31,17,7,7,0
2000,13,REG,2000-11-26,WAS,PHI,20,23,6,7,1
2000,13,REG,2000-11-26,LV,ATL,41,14,7,7,0
2000,13,REG,2000-11-26,IND,MIA,14,17,7,7,1
2000,13,REG,2000-11-26,JAX,TEN,16,13,7,7,1
2000,13,REG,2000-11-26,LAC,KC,17,16,7,7,1
2000,13,REG,2000-11-26,SEA,DEN,31,38,14,7,1
2000,13,REG,2000-11-26,ARI,NYG,7,31,7,7,1
2000,13,REG,2000-11-27,CAR,GB,31,14,8,8,0
2000,14,REG,2000-11-30,MIN,DET,24,17,7,7,1
2000,14,REG,2000-12-03,ATL,SEA,10,30,7,7,0
2000,14,REG,2000-12-03,BUF,MIA,6,33,7,7,1
2000,14,REG,2000-12-03,CAR,LA,16,3,6,7,1
2000,14,REG,2000-12-03,CIN,ARI,24,13,7,7,0
2000,14,REG,2000-12-03,NO,DEN,23,38,7,7,0
2000,14,REG,2000-12-03,PHI,TEN,13,15,7,7,0
2000,14,REG,2000-12-03,PIT,LV,21,20,7,7,0
2000,14,REG,2000-12-03,TB,DAL,27,7,7,10,0
2000,14,REG,2000-12-03,WAS,NYG,7,9,7,7,1
2000,14,REG,2000-12-03,LAC,SF,17,45,7,14,0
2000,14,REG,2000-12-03,JAX,CLE,48,0,7,7,1
2000,14,REG,2000-12-03,NYJ,IND,27,17,7,7,1
2000,14,REG,2000-12-03,CHI,GB,6,28,7,6,1
2000,14,REG,2000-12-04,NE,KC,30,24,11,8,0
2000,15,REG,2000-12-10,BAL,LAC,24,3,14,7,0
2000,15,REG,2000-12-10,CHI,NE,24,17,7,6,0
2000,15,REG,2000-12-10,CLE,PHI,24,35,7,7,0
2000,15,REG,2000-12-10,GB,DET,26,13,7,10,1
2000,15,REG,2000-12-10,JAX,ARI,44,10,7,7,0
2000,15,REG,2000-12-10,KC,CAR,15,14,6,7,0
2000,15,REG,2000-12-10,MIA,TB,13,16,7,7,0
2000,15,REG,2000-12-10,NYG,PIT,30,10,7,7,0
2000,15,REG,2000-12-10,TEN,CIN,35,3,7,7,1
2000,15,REG,2000-12-10,DEN,SEA,31,24,7,7,1
2000,15,REG,2000-12-10,DAL,WAS,32,13,7,7,1
2000,15,REG,2000-12-10,SF,NO,27,31,7,7,1
2000,15,REG,2000-12-10,LA,MIN,40,29,7,10,0
2000,15,REG,2000-12-10,LV,NYJ,31,7,7,7,0
2000,15,REG,2000-12-11,IND,BUF,44,20,8,8,1
2000,16,REG,2000-12-16,PIT,WAS,24,3,6,6,0
2000,16,REG,2000-12-16,SEA,LV,27,24,6,6,1
2000,16,REG,2000-12-17,BUF,NE,10,13,6,7,1
2000,16,REG,2000-12-17,CAR,LAC,30,22,7,7,0
2000,16,REG,2000-12-17,CIN,JAX,17,14,7,7,1
2000,16,REG,2000-12-17,CLE,TEN,0,24,7,7,1
2000,16,REG,2000-12-17,KC,DEN,20,7,7,7,1
2000,16,REG,2000-12-17,MIN,GB,28,33,7,7,1
2000,16,REG,2000-12-17,NO,ATL,23,7,7,14,1
2000,16,REG,2000-12-17,NYJ,DET,7,10,7,7,0
2000,16,REG,2000-12-17,SF,CHI,17,0,7,7,0
2000,16,REG,2000-12-17,ARI,BAL,7,13,7,7,0
2000,16,REG,2000-12-17,MIA,IND,13,20,7,6,1
2000,16,REG,2000-12-17,DAL,NYG,13,17,7,7,1
2000,16,REG,2000-12-18,TB,LA,38,35,8,8,0
2000,17,REG,2000-12-23,NYG,JAX,28,25,6,6,0
2000,17,REG,2000-12-23,DEN,SF,38,9,6,6,0
2000,17,REG,2000-12-23,SEA,BUF,23,42,7,6,0
2000,17,REG,2000-12-24,ATL,KC,29,13,7,7,0
2000,17,REG,2000-12-24,BAL,NYJ,34,20,7,7,0
2000,17,REG,2000-12-24,DET,CHI,20,23,7,7,1
2000,17,REG,2000-12-24,GB,TB,17,14,7,6,1
2000,17,REG,2000-12-24,NE,MIA,24,27,7,7,1
2000,17,REG,2000-12-24,NO,LA,21,26,7,6,1
2000,17,REG,2000-12-24,PHI,CIN,16,7,14,7,0
2000,17,REG,2000-12-24,WAS,ARI,20,3,8,7,1
2000,17,REG,2000-12-24,LAC,PIT,21,34,7,8,0
2000,17,REG,2000-12-24,IND,MIN,31,10,7,7,0
2000,17,REG,2000-12-24,LV,CAR,52,9,8,7,0
2000,17,REG,2000-12-25,TEN,DAL,31,0,8,8,0
2000,18,WC,2000-12-30,MIA,IND,23,17,6,6,1
2000,18,WC,2000-12-30,NO,LA,31,28,6,6,1
2000,18,WC,2000-12-31,BAL,DEN,21,3,7,8,0
2000,18,WC,2000-12-31,PHI,TB,21,3,7,7,0
2000,19,DIV,2001-01-06,MIN,NO,34,16,13,7,0
2000,19,DIV,2001-01-06,LV,MIA,27,0,13,7,0
2000,19,DIV,2001-01-07,TEN,BAL,10,24,13,7,1
2000,19,DIV,2001-01-07,NYG,PHI,20,10,15,7,1
2000,20,CON,2001-01-14,NYG,MIN,41,0,7,8,0
2000,20,CON,2001-01-14,LV,BAL,3,16,8,7,0
2000,21,SB,2001-01-28,NYG,BAL,7,34,14,14,0
2001,1,REG,2001-09-09,BAL,CHI,17,6,7,7,0
2001,1,REG,2001-09-09,BUF,NO,6,24,7,7,0
2001,1,REG,2001-09-09,CIN,NE,23,17,7,7,0
2001,1,REG,2001-09-09,CLE,SEA,6,9,7,7,0
2001,1,REG,2001-09-09,DAL,TB,6,10,7,7,0
2001,1,REG,2001-09-09,GB,DET,28,6,7,7,1
2001,1,REG,2001-09-09,JAX,PIT,21,3,7,7,1
2001,1,REG,2001-09-09,KC,LV,24,27,7,7,1
2001,1,REG,2001-09-09,MIN,CAR,13,24,7,7,0
2001,1,REG,2001-09-09,NYJ,IND,24,45,7,7,1
2001,1,REG,2001-09-09,PHI,LA,17,20,7,7,0
2001,1,REG,2001-09-09,LAC,WAS,30,3,7,7,0
2001,1,REG,2001-09-09,SF,ATL,16,13,7,7,1
2001,1,REG,2001-09-09,TEN,MIA,23,31,7,7,0
2001,1,REG,2001-09-10,DEN,NYG,31,20,7,7,0
2001,2,REG,2001-09-23,ATL,CAR,24,16,14,14,1
2001,2,REG,2001-09-23,CHI,MIN,17,10,14,14,1
2001,2,REG,2001-09-23,CIN,BAL,21,10,14,14,1
2001,2,REG,2001-09-23,CLE,DET,24,14,14,14,0
2001,2,REG,2001-09-23,DAL,LAC,21,32,14,14,0
2001,2,REG,2001-09-23,IND,BUF,42,26,14,14,1
2001,2,REG,2001-09-23,JAX,TEN,13,6,14,14,1
2001,2,REG,2001-09-23,KC,NYG,3,13,14,13,0
2001,2,REG,2001-09-23,MIA,LV,18,15,14,14,0
2001,2,REG,2001-09-23,NE,NYJ,3,10,14,14,1
2001,2,REG,2001-09-23,SEA,PHI,3,27,14,14,0
2001,2,REG,2001-09-23,SF,LA,26,30,14,14,1
2001,2,REG,2001-09-23,ARI,DEN,17,38,14,13,0
2001,2,REG,2001-09-24,GB,WAS,37,0,15,15,0
2001,3,REG,2001-09-30,BUF,PIT,3,20,7,21,0
2001,3,REG,2001-09-30,CAR,GB,7,28,7,6,0
2001,3,REG,2001-09-30,MIN,TB,20,16,7,21,1
2001,3,REG,2001-09-30,NE,IND,44,13,7,7,1
2001,3,REG,2001-09-30,NYG,NO,21,13,7,21,0
2001,3,REG,2001-09-30,LA,MIA,42,10,7,7,0
2001,3,REG,2001-09-30,WAS,KC,13,45,6,7,0
2001,3,REG,2001-09-30,ARI,ATL,14,34,7,7,0
2001,3,REG,2001-09-30,DEN,BAL,13,20,7,7,0
2001,3,REG,2001-09-30,JAX,CLE,14,23,7,7,1
2001,3,REG,2001-09-30,LV,SEA,38,14,7,7,1
2001,3,REG,2001-09-30,LAC,CIN,28,14,7,7,0
2001,3,REG,2001-09-30,PHI,DAL,40,18,7,7,1
2001,3,REG,2001-10-01,NYJ,SF,17,19,8,8,0
2001,4,REG,2001-10-07,ATL,CHI,3,31,7,14,0
2001,4,REG,2001-10-07,BAL,TEN,26,7,7,14,1
2001,4,REG,2001-10-07,CLE,LAC,20,16,7,7,0
2001,4,REG,2001-10-07,MIA,NE,30,10,7,7,1
2001,4,REG,2001-10-07,NO,MIN,28,15,7,7,0
2001,4,REG,2001-10-07,NYG,WAS,23,9,7,7,1
2001,4,REG,2001-10-07,PHI,ARI,20,21,7,7,1
2001,4,REG,2001-10-07,PIT,CIN,16,7,7,7,1
2001,4,REG,2001-10-07,BUF,NYJ,36,42,7,6,1
2001,4,REG,2001-10-07,DEN,KC,20,6,7,7,1
2001,4,REG,2001-10-07,SEA,JAX,24,15,7,7,0
2001,4,REG,2001-10-07,LV,DAL,28,21,7,7,0
2001,4,REG,2001-10-07,TB,GB,14,10,7,7,1
2001,4,REG,2001-10-07,SF,CAR,24,14,6,7,1
2001,4,REG,2001-10-08,DET,LA,0,35,15,8,0
2001,5,REG,2001-10-14,ATL,SF,31,37,7,7,1
2001,5,REG,2001-10-14,CAR,NO,25,27,7,7,1
2001,5,REG,2001-10-14,CHI,ARI,20,13,7,7,0
2001,5,REG,2001-10-14,CIN,CLE,24,14,7,7,1
2001,5,REG,2001-10-14,GB,BAL,31,23,7,7,0
2001,5,REG,2001-10-14,KC,PIT,17,20,7,7,0
2001,5,REG,2001-10-14,MIN,DET,31,26,7,6,1
2001,5,REG,2001-10-14,NE,LAC,29,26,7,7,0
2001,5,REG,2001-10-14,LA,NYG,15,14,6,7,0
2001,5,REG,2001-10-14,TEN,TB,31,28,7,7,0
2001,5,REG,2001-10-14,NYJ,MIA,21,17,7,7,1
2001,5,REG,2001-10-14,SEA,DEN,34,21,7,7,1
2001,5,REG,2001-10-14,IND,LV,18,23,14,7,0
2001,5,REG,2001-10-15,DAL,WAS,9,7,8,8,1
2001,6,REG,2001-10-18,JAX,BUF,10,13,11,11,0
2001,6,REG,2001-10-21,CIN,CHI,0,24,7,7,0
2001,6,REG,2001-10-21,CLE,BAL,24,14,7,7,1
2001,6,REG,2001-10-21,DET,TEN,24,27,7,7,0
2001,6,REG,2001-10-21,IND,NE,17,38,7,7,1
2001,6,REG,2001-10-21,NO,ATL,13,20,7,7,1
2001,6,REG,2001-10-21,NYJ,LA,14,34,7,7,0
2001,6,REG,2001-10-21,TB,PIT,10,17,7,7,0
2001,6,REG,2001-10-21,WAS,CAR,17,14,6,7,0
2001,6,REG,2001-10-21,ARI,KC,24,16,7,7,0
2001,6,REG,2001-10-21,LAC,DEN,27,10,7,7,1
2001,6,REG,2001-10-21,MIN,GB,35,13,7,7,1
2001,6,REG,2001-10-22,NYG,PHI,9,10,8,15,1
2001,7,REG,2001-10-25,KC,IND,28,35,4,4,0
2001,7,REG,2001-10-28,BAL,JAX,18,17,7,10,1
2001,7,REG,2001-10-28,CAR,NYJ,12,13,7,7,0
2001,7,REG,2001-10-28,CHI,SF,37,31,7,14,0
2001,7,REG,2001-10-28,DET,CIN,27,31,7,7,0
2001,7,REG,2001-10-28,LA,NO,31,34,7,7,1
2001,7,REG,2001-10-28,TB,MIN,41,14,7,7,1
2001,7,REG,2001-10-28,DAL,ARI,17,3,13,7,1
2001,7,REG,2001-10-28,WAS,NYG,35,21,7,6,1
2001,7,REG,2001-10-28,DEN,NE,31,20,7,7,0
2001,7,REG,2001-10-28,PHI,LV,10,20,6,14,0
2001,7,REG,2001-10-28,LAC,BUF,27,24,7,10,0
2001,7,REG,2001-10-28,SEA,MIA,20,24,14,14,0
2001,7,REG,2001-10-29,PIT,TEN,34,7,8,8,1
2001,8,REG,2001-11-04,ATL,NE,10,24,14,7,0
2001,8,REG,2001-11-04,BUF,IND,14,30,7,10,1
2001,8,REG,2001-11-04,GB,TB,21,20,14,7,1
2001,8,REG,2001-11-04,MIA,CAR,23,6,7,7,0
2001,8,REG,2001-11-04,NYG,DAL,27,24,7,7,1
2001,8,REG,2001-11-04,PIT,BAL,10,13,6,7,1
2001,8,REG,2001-11-04,TEN,JAX,28,24,6,7,1
2001,8,REG,2001-11-04,ARI,PHI,7,21,7,7,1
2001,8,REG,2001-11-04,SF,DET,21,13,7,7,0
2001,8,REG,2001-11-04,CHI,CLE,27,21,7,14,0
2001,8,REG,2001-11-04,LAC,KC,20,25,7,10,1
2001,8,REG,2001-11-04,WAS,SEA,27,14,7,7,0
2001,8,REG,2001-11-04,NO,NYJ,9,16,7,7,0
2001,8,REG,2001-11-05,LV,DEN,38,28,8,8,1
2001,9,REG,2001-11-11,ATL,DAL,20,13,7,7,0
2001,9,REG,2001-11-11,CHI,GB,12,20,7,7,1
2001,9,REG,2001-11-11,CLE,PIT,12,15,7,7,1
2001,9,REG,2001-11-11,DET,TB,17,20,7,7,1
2001,9,REG,2001-11-11,IND,MIA,24,27,7,7,1
2001,9,REG,2001-11-11,JAX,CIN,30,13,7,14,1
2001,9,REG,2001-11-11,NE,BUF,21,11,7,7,1
2001,9,REG,2001-11-11,NYJ,KC,27,7,7,7,0
2001,9,REG,2001-11-11,LA,CAR,48,14,14,7,1
2001,9,REG,2001-11-11,DEN,LAC,26,16,6,7,1
2001,9,REG,2001-11-11,ARI,NYG,10,17,7,7,1
2001,9,REG,2001-11-11,PHI,MIN,48,17,7,14,0
2001,9,REG,2001-11-11,SF,NO,28,27,7,7,1
2001,9,REG,2001-11-11,SEA,LV,34,27,7,6,1
2001,9,REG,2001-11-12,TEN,BAL,10,16,8,8,1
2001,10,REG,2001-11-18,BAL,CLE,17,27,6,7,1
2001,10,REG,2001-11-18,BUF,SEA,20,23,7,7,0
2001,10,REG,2001-11-18,CAR,SF,22,25,7,7,1
2001,10,REG,2001-11-18,CIN,TEN,7,20,7,6,1
2001,10,REG,2001-11-18,DAL,PHI,3,36,7,7,1
2001,10,REG,2001-11-18,GB,ATL,20,23,7,7,0
2001,10,REG,2001-11-18,MIA,NYJ,0,24,7,7,1
2001,10,REG,2001-11-18,NO,IND,34,20,7,7,0
2001,10,REG,2001-11-18,LV,LAC,34,24,7,7,1
2001,10,REG,2001-11-18,PIT,JAX,20,7,7,7,1
2001,10,REG,2001-11-18,ARI,DET,45,38,7,7,0
2001,10,REG,2001-11-18,DEN,WAS,10,17,7,14,0
2001,10,REG,2001-11-18,TB,CHI,24,27,7,7,1
2001,10,REG,2001-11-18,NE,LA,17,24,7,7,0
2001,10,REG,2001-11-19,MIN,NYG,28,16,8,8,0
2001,11,REG,2001-11-22,DET,GB,27,29,4,4,1
2001,11,REG,2001-11-22,DAL,DEN,24,26,4,4,0
2001,11,REG,2001-11-25,BUF,MIA,27,34,7,7,1
2001,11,REG,2001-11-25,CAR,ATL,7,10,7,7,1
2001,11,REG,2001-11-25,CLE,CIN,18,0,7,7,1
2001,11,REG,2001-11-25,IND,SF,21,40,7,7,0
2001,11,REG,2001-11-25,JAX,BAL,21,24,7,7,1
2001,11,REG,2001-11-25,KC,SEA,19,7,14,7,1
2001,11,REG,2001-11-25,PHI,WAS,3,13,7,7,1
2001,11,REG,2001-11-25,TEN,PIT,24,34,7,7,1
2001,11,REG,2001-11-25,NE,NO,34,17,7,7,0
2001,11,REG,2001-11-25,LAC,ARI,17,20,7,7,0
2001,11,REG,2001-11-25,NYG,LV,10,28,6,7,0
2001,11,REG,2001-11-25,MIN,CHI,6,13,6,7,1
2001,11,REG,2001-11-26,LA,TB,17,24,8,8,0
2001,12,REG,2001-11-29,KC,PHI,10,23,4,4,0
2001,12,REG,2001-12-02,BAL,IND,39,27,7,7,0
2001,12,REG,2001-12-02,CHI,DET,13,10,7,10,1
2001,12,REG,2001-12-02,CIN,TB,13,16,7,6,0
2001,12,REG,2001-12-02,CLE,TEN,15,31,7,7,1
2001,12,REG,2001-12-02,MIA,DEN,21,10,7,10,0
2001,12,REG,2001-12-02,NO,CAR,27,23,7,7,1
2001,12,REG,2001-12-02,NYJ,NE,16,17,14,7,1
2001,12,REG,2001-12-02,PIT,MIN,21,16,7,7,0
2001,12,REG,2001-12-02,SEA,LAC,13,10,7,7,1
2001,12,REG,2001-12-02,ATL,LA,6,35,7,6,1
2001,12,REG,2001-12-02,LV,ARI,31,34,7,7,0
2001,12,REG,2001-12-02,WAS,DAL,14,20,7,10,1
2001,12,REG,2001-12-02,SF,BUF,35,0,7,7,0
2001,12,REG,2001-12-03,JAX,GB,21,28,8,11,0
2001,13,REG,2001-12-09,ATL,NO,10,28,7,7,1
2001,13,REG,2001-12-09,BUF,CAR,25,24,7,7,0
2001,13,REG,2001-12-09,CIN,JAX,10,14,7,6,1
2001,13,REG,2001-12-09,DAL,NYG,20,13,7,14,1
2001,13,REG,2001-12-09,GB,CHI,17,7,6,7,1
2001,13,REG,2001-12-09,MIN,TEN,42,24,7,7,0
2001,13,REG,2001-12-09,NE,CLE,27,16,7,7,0
2001,13,REG,2001-12-09,PHI,LAC,24,14,10,7,0
2001,13,REG,2001-12-09,LA,SF,27,14,7,7,1
2001,13,REG,2001-12-09,TB,DET,15,12,7,7,1
2001,13,REG,2001-12-09,ARI,WAS,10,20,7,7,1
2001,13,REG,2001-12-09,LV,KC,28,26,7,10,1
2001,13,REG,2001-12-09,PIT,NYJ,18,7,7,7,0
2001,13,REG,2001-12-09,DEN,SEA,20,7,7,7,1
2001,13,REG,2001-12-10,MIA,IND,41,6,8,8,1
2001,14,REG,2001-12-15,NYG,ARI,17,13,6,6,1
2001,14,REG,2001-12-15,LAC,LV,6,13,6,6,1
2001,14,REG,2001-12-16,BUF,NE,9,12,7,7,1
2001,14,REG,2001-12-16,CHI,TB,27,3,7,7,1
2001,14,REG,2001-12-16,CLE,JAX,10,15,7,7,1
2001,14,REG,2001-12-16,DET,MIN,27,24,7,7,1
2001,14,REG,2001-12-16,IND,ATL,41,27,6,7,0
2001,14,REG,2001-12-16,KC,DEN,26,23,7,7,1
2001,14,REG,2001-12-16,NYJ,CIN,15,14,7,7,0
2001,14,REG,2001-12-16,WAS,PHI,6,20,7,7,1
2001,14,REG,2001-12-16,SF,MIA,21,0,7,6,0
2001,14,REG,2001-12-16,SEA,DAL,29,3,7,7,0
2001,14,REG,2001-12-16,TEN,GB,26,20,7,7,0
2001,14,REG,2001-12-16,BAL,PIT,21,26,14,7,1
2001,14,REG,2001-12-17,NO,LA,21,34,8,8,1
2001,15,REG,2001-12-22,LV,TEN,10,13,7,6,0
2001,15,REG,2001-12-22,NE,MIA,20,13,6,6,1
2001,15,REG,2001-12-22,SF,PHI,13,3,6,6,0
2001,15,REG,2001-12-23,ATL,BUF,33,30,7,7,0
2001,15,REG,2001-12-23,BAL,CIN,16,0,7,7,1
2001,15,REG,2001-12-23,CAR,LA,32,38,14,6,1
2001,15,REG,2001-12-23,KC,LAC,20,17,7,8,1
2001,15,REG,2001-12-23,MIN,JAX,3,33,7,7,0
2001,15,REG,2001-12-23,NYG,SEA,27,24,8,7,0
2001,15,REG,2001-12-23,PIT,DET,47,14,7,7,0
2001,15,REG,2001-12-23,TB,NO,48,21,7,6,0
2001,15,REG,2001-12-23,WAS,CHI,15,20,7,7,0
2001,15,REG,2001-12-23,ARI,DAL,17,10,8,7,1
2001,15,REG,2001-12-23,GB,CLE,30,7,7,7,0
2001,15,REG,2001-12-23,IND,NYJ,28,29,7,7,1
2001,16,REG,2001-12-29,TB,BAL,22,10,6,6,0
2001,16,REG,2001-12-30,CAR,ARI,7,30,7,7,0
2001,16,REG,2001-12-30,CIN,PIT,26,23,7,7,1
2001,16,REG,2001-12-30,DAL,SF,27,21,7,8,0
2001,16,REG,2001-12-30,DET,CHI,0,24,7,7,1
2001,16,REG,2001-12-30,GB,MIN,24,13,7,7,1
2001,16,REG,2001-12-30,JAX,KC,26,30,7,7,0
2001,16,REG,2001-12-30,MIA,ATL,21,14,8,7,0
2001,16,REG,2001-12-30,NYJ,BUF,9,14,7,7,1
2001,16,REG,2001-12-30,LA,IND,42,17,7,7,0
2001,16,REG,2001-12-30,TEN,CLE,38,41,8,7,1
2001,16,REG,2001-12-30,PHI,NYG,24,21,8,7,1
2001,16,REG,2001-12-30,DEN,LV,23,17,14,8,1
2001,16,REG,2001-12-30,LAC,SEA,22,25,7,7,1
2001,16,REG,2001-12-30,NO,WAS,10,40,7,7,0
2001,17,REG,2002-01-06,IND,DEN,29,10,7,7,0
2001,17,REG,2002-01-06,CAR,NE,6,38,7,15,0
2001,17,REG,2002-01-06,CHI,JAX,33,13,7,7,0
2001,17,REG,2002-01-06,DET,DAL,15,10,7,7,0
2001,17,REG,2002-01-06,NO,SF,0,38,7,7,1
2001,17,REG,2002-01-06,NYG,GB,25,34,7,7,0
2001,17,REG,2002-01-06,PIT,CLE,28,7,7,7,1
2001,17,REG,2002-01-06,TEN,CIN,21,23,7,7,1
2001,17,REG,2002-01-06,WAS,ARI,20,17,7,7,1
2001,17,REG,2002-01-06,LA,ATL,31,13,7,7,1
2001,17,REG,2002-01-06,MIA,BUF,34,7,7,7,1
2001,17,REG,2002-01-06,LV,NYJ,22,24,7,7,0
2001,17,REG,2002-01-06,SEA,KC,21,18,7,7,1
2001,17,REG,2002-01-06,TB,PHI,13,17,8,7,0
2001,17,REG,2002-01-07,BAL,MIN,19,3,9,8,0
2001,18,WC,2002-01-12,PHI,TB,31,9,6,6,0
2001,18,WC,2002-01-12,LV,NYJ,38,24,6,6,0
2001,18,WC,2002-01-13,GB,SF,25,15,7,7,0
2001,18,WC,2002-01-13,MIA,BAL,3,20,7,6,0
2001,19,DIV,2002-01-19,CHI,PHI,19,33,13,7,0
2001,19,DIV,2002-01-19,NE,LV,16,13,13,7,0
2001,19,DIV,2002-01-20,PIT,BAL,27,10,14,7,1
2001,19,DIV,2002-01-20,LA,GB,45,17,14,7,0
2001,20,CON,2002-01-27,PIT,NE,17,24,7,8,0
2001,20,CON,2002-01-27,LA,PHI,29,24,7,8,0
2001,21,SB,2002-02-03,NE,LA,20,17,7,7,0
2002,1,REG,2002-09-05,NYG,SF,13,16,7,7,0
2002,1,REG,2002-09-08,BUF,NYJ,31,37,7,7,1
2002,1,REG,2002-09-08,CAR,BAL,10,7,7,7,0
2002,1,REG,2002-09-08,CHI,MIN,27,23,7,7,1
2002,1,REG,2002-09-08,CIN,LAC,6,34,7,7,0
2002,1,REG,2002-09-08,CLE,KC,39,40,7,7,0
2002,1,REG,2002-09-08,GB,ATL,37,34,7,7,0
2002,1,REG,2002-09-08,JAX,IND,25,28,7,7,1
2002,1,REG,2002-09-08,MIA,DET,49,21,7,7,0
2002,1,REG,2002-09-08,TEN,PHI,27,24,7,7,0
2002,1,REG,2002-09-08,WAS,ARI,31,23,7,7,0
2002,1,REG,2002-09-08,DEN,LA,23,16,7,7,0
2002,1,REG,2002-09-08,LV,SEA,31,17,7,7,0
2002,1,REG,2002-09-08,TB,NO,20,26,7,7,1
2002,1,REG,2002-09-08,HOU,DAL,19,10,7,7,0
2002,1,REG,2002-09-09,NE,PIT,30,14,7,7,0
2002,2,REG,2002-09-15,ATL,CHI,13,14,7,7,0
2002,2,REG,2002-09-15,BAL,TB,0,25,7,7,0
2002,2,REG,2002-09-15,CAR,DET,31,7,7,7,0
2002,2,REG,2002-09-15,CLE,CIN,20,7,7,7,1
2002,2,REG,2002-09-15,DAL,TEN,21,13,7,7,0
2002,2,REG,2002-09-15,IND,MIA,13,21,7,7,0
2002,2,REG,2002-09-15,KC,JAX,16,23,7,7,0
2002,2,REG,2002-09-15,NO,GB,35,20,7,7,0
2002,2,REG,2002-09-15,NYJ,NE,7,44,7,6,1
2002,2,REG,2002-09-15,SEA,ARI,13,24,7,7,1
2002,2,REG,2002-09-15,LA,NYG,21,26,7,10,0
2002,2,REG,2002-09-15,MIN,BUF,39,45,7,7,0
2002,2,REG,2002-09-15,LAC,HOU,24,3,7,7,0
2002,2,REG,2002-09-15,SF,DEN,14,24,10,7,0
2002,2,REG,2002-09-15,PIT,LV,17,30,6,7,0
2002,2,REG,2002-09-16,WAS,PHI,7,37,8,8,1
2002,3,REG,2002-09-22,CHI,NO,23,29,7,7,0
2002,3,REG,2002-09-22,HOU,IND,3,23,7,7,1
2002,3,REG,2002-09-22,MIA,NYJ,30,3,7,7,1
2002,3,REG,2002-09-22,MIN,CAR,14,21,7,7,0
2002,3,REG,2002-09-22,NE,KC,41,38,7,7,0
2002,3,REG,2002-09-22,PHI,DAL,44,13,6,7,1
2002,3,REG,2002-09-22,TEN,CLE,28,31,7,7,0
2002,3,REG,2002-09-22,ARI,LAC,15,23,7,7,0
2002,3,REG,2002-09-22,DEN,BUF,28,23,7,7,0
2002,3,REG,2002-09-22,DET,GB,31,37,7,7,1
2002,3,REG,2002-09-22,NYG,SEA,9,6,7,7,0
2002,3,REG,2002-09-22,SF,WAS,20,10,7,6,0
2002,3,REG,2002-09-22,ATL,CIN,30,3,7,7,0
2002,3,REG,2002-09-23,TB,LA,26,14,8,8,0
2002,4,REG,2002-09-29,BUF,CHI,33,27,7,7,0
2002,4,REG,2002-09-29,DET,NO,26,21,7,7,0
2002,4,REG,2002-09-29,GB,CAR,17,14,7,7,0
2002,4,REG,2002-09-29,JAX,NYJ,28,3,14,7,0
2002,4,REG,2002-09-29,KC,MIA,48,30,7,7,0
2002,4,REG,2002-09-29,PHI,HOU,35,17,7,7,0
2002,4,REG,2002-09-29,PIT,CLE,16,13,14,7,1
2002,4,REG,2002-09-29,LA,DAL,10,13,6,7,0
2002,4,REG,2002-09-29,ARI,NYG,21,7,7,7,0
2002,4,REG,2002-09-29,CIN,TB,7,35,7,6,0
2002,4,REG,2002-09-29,LV,TEN,52,25,14,7,0
2002,4,REG,2002-09-29,LAC,NE,21,14,7,7,0
2002,4,REG,2002-09-29,SEA,MIN,48,23,7,7,0
2002,4,REG,2002-09-30,BAL,DEN,34,23,15,8,0
2002,5,REG,2002-10-06,ATL,TB,6,20,14,7,1
2002,5,REG,2002-10-06,BUF,LV,31,49,7,7,0
2002,5,REG,2002-10-06,CAR,ARI,13,16,7,7,0
2002,5,REG,2002-10-06,DAL,NYG,17,21,7,7,1
2002,5,REG,2002-10-06,IND,CIN,28,21,14,7,0
2002,5,REG,2002-10-06,MIA,NE,26,13,7,7,1
2002,5,REG,2002-10-06,NO,PIT,32,29,7,7,0
2002,5,REG,2002-10-06,TEN,WAS,14,31,7,14,0
2002,5,REG,2002-10-06,DEN,LAC,26,9,6,7,1
2002,5,REG,2002-10-06,NYJ,KC,25,29,7,7,0
2002,5,REG,2002-10-06,JAX,PHI,28,25,7,7,0
2002,5,REG,2002-10-06,SF,LA,37,13,14,7,1
2002,5,REG,2002-10-06,CLE,BAL,21,26,7,6,1
2002,5,REG,2002-10-07,CHI,GB,21,34,8,8,1
2002,6,REG,2002-10-13,CIN,PIT,7,34,7,7,1
2002,6,REG,2002-10-13,DAL,CAR,14,13,7,7,0
2002,6,REG,2002-10-13,HOU,BUF,24,31,14,7,0
2002,6,REG,2002-10-13,IND,BAL,22,20,7,7,0
2002,6,REG,2002-10-13,MIN,DET,31,24,14,14,1
2002,6,REG,2002-10-13,NE,GB,10,28,7,6,0
2002,6,REG,2002-10-13,NYG,ATL,10,17,7,7,0
2002,6,REG,2002-10-13,TB,CLE,17,3,7,7,0
2002,6,REG,2002-10-13,WAS,NO,27,43,7,7,0
2002,6,REG,2002-10-13,LAC,KC,35,34,7,7,1
2002,6,REG,2002-10-13,LA,LV,28,13,7,7,0
2002,6,REG,2002-10-13,TEN,JAX,23,14,7,7,1
2002,6,REG,2002-10-13,DEN,MIA,22,24,7,7,0
2002,6,REG,2002-10-14,SEA,SF,21,28,15,8,1
2002,7,REG,2002-10-20,ATL,CAR,30,0,7,7,1
2002,7,REG,2002-10-20,BAL,JAX,17,10,7,7,0
2002,7,REG,2002-10-20,DET,CHI,23,20,7,13,1
2002,7,REG,2002-10-20,KC,DEN,34,37,7,7,1
2002,7,REG,2002-10-20,MIA,BUF,10,23,7,7,1
2002,7,REG,2002-10-20,NO,SF,35,27,7,6,0
2002,7,REG,2002-10-20,NYJ,MIN,20,7,14,7,0
2002,7,REG,2002-10-20,LA,SEA,37,20,7,6,1
2002,7,REG,2002-10-20,CLE,HOU,34,17,7,7,0
2002,7,REG,2002-10-20,LV,LAC,21,27,7,7,1
2002,7,REG,2002-10-20,ARI,DAL,9,6,14,7,0
2002,7,REG,2002-10-20,GB,WAS,30,9,7,7,0
2002,7,REG,2002-10-20,PHI,TB,20,10,14,7,0
2002,7,REG,2002-10-21,PIT,IND,28,10,8,8,0
2002,8,REG,2002-10-27,BAL,PIT,18,31,7,6,1
2002,8,REG,2002-10-27,BUF,DET,24,17,7,7,0
2002,8,REG,2002-10-27,CAR,TB,9,12,7,7,1
2002,8,REG,2002-10-27,CIN,TEN,24,30,14,14,0
2002,8,REG,2002-10-27,DAL,SEA,14,17,7,7,0
2002,8,REG,2002-10-27,KC,LV,20,10,7,7,1
2002,8,REG,2002-10-27,MIN,CHI,25,7,7,7,1
2002,8,REG,2002-10-27,NO,ATL,35,37,7,7,1
2002,8,REG,2002-10-27,NYJ,CLE,21,24,7,7,0
2002,8,REG,2002-10-27,SF,ARI,38,28,7,7,1
2002,8,REG,2002-10-27,JAX,HOU,19,21,7,7,1
2002,8,REG,2002-10-27,NE,DEN,16,24,14,7,0
2002,8,REG,2002-10-27,WAS,IND,26,21,7,6,0
2002,8,REG,2002-10-28,PHI,NYG,17,3,8,15,1
2002,9,REG,2002-11-03,ATL,BAL,20,17,7,7,0
2002,9,REG,2002-11-03,BUF,NE,7,38,7,7,1
2002,9,REG,2002-11-03,CHI,PHI,13,19,7,6,0
2002,9,REG,2002-11-03,CLE,PIT,20,23,7,7,1
2002,9,REG,2002-11-03,DET,DAL,9,7,7,7,0
2002,9,REG,2002-11-03,HOU,CIN,3,38,7,7,0
2002,9,REG,2002-11-03,IND,TEN,15,23,7,7,1
2002,9,REG,2002-11-03,TB,MIN,38,24,7,7,0
2002,9,REG,2002-11-03,LAC,NYJ,13,44,14,7,0
2002,9,REG,2002-11-03,ARI,LA,14,27,7,14,1
2002,9,REG,2002-11-03,LV,SF,20,23,7,7,0
2002,9,REG,2002-11-03,SEA,WAS,3,14,7,7,0
2002,9,REG,2002-11-03,NYG,JAX,24,17,6,7,0
2002,9,REG,2002-11-04,GB,MIA,24,10,15,15,0
2002,10,REG,2002-11-10,BAL,CIN,38,27,7,7,1
2002,10,REG,2002-11-10,CAR,NO,24,34,14,14,1
2002,10,REG,2002-11-10,GB,DET,40,14,6,7,1
2002,10,REG,2002-11-10,MIN,NYG,20,27,7,7,0
2002,10,REG,2002-11-10,PHI,IND,13,35,7,7,0
2002,10,REG,2002-11-10,PIT,ATL,34,34,7,7,0
2002,10,REG,2002-11-10,LA,LAC,28,24,7,7,0
2002,10,REG,2002-11-10,TEN,HOU,17,10,7,7,1
2002,10,REG,2002-11-10,ARI,SEA,6,27,7,7,1
2002,10,REG,2002-11-10,JAX,WAS,26,7,7,7,0
2002,10,REG,2002-11-10,CHI,NE,30,33,7,7,0
2002,10,REG,2002-11-10,SF,KC,17,13,7,14,0
2002,10,REG,2002-11-10,NYJ,MIA,13,10,7,6,1
2002,10,REG,2002-11-11,DEN,LV,10,34,15,8,1
2002,11,REG,2002-11-17,ATL,NO,24,17,7,7,1
2002,11,REG,2002-11-17,CIN,CLE,20,27,7,14,1
2002,11,REG,2002-11-17,HOU,JAX,21,24,7,7,1
2002,11,REG,2002-11-17,IND,DAL,20,3,7,14,0
2002,11,REG,2002-11-17,KC,BUF,17,16,7,14,0
2002,11,REG,2002-11-17,MIN,GB,31,21,7,7,1
2002,11,REG,2002-11-17,NYG,WAS,19,17,7,7,1
2002,11,REG,2002-11-17,PHI,ARI,38,14,7,7,0
2002,11,REG,2002-11-17,TEN,PIT,31,23,7,7,0
2002,11,REG,2002-11-17,LAC,SF,20,17,7,7,0
2002,11,REG,2002-11-17,TB,CAR,23,10,14,7,1
2002,11,REG,2002-11-17,DET,NYJ,14,31,7,7,0
2002,11,REG,2002-11-17,MIA,BAL,26,7,7,7,0
2002,11,REG,2002-11-17,SEA,DEN,9,31,7,6,0
2002,11,REG,2002-11-17,LV,NE,27,20,6,7,0
2002,11,REG,2002-11-18,LA,CHI,21,16,8,8,0
2002,12,REG,2002-11-24,BAL,TEN,13,12,7,7,0
2002,12,REG,2002-11-24,CAR,ATL,0,41,7,7,1
2002,12,REG,2002-11-24,CHI,DET,20,17,6,7,1
2002,12,REG,2002-11-24,DAL,JAX,21,19,7,7,0
2002,12,REG,2002-11-24,MIA,LAC,30,3,7,7,0
2002,12,REG,2002-11-24,NE,MIN,24,17,7,7,0
2002,12,REG,2002-11-24,NO,CLE,15,24,7,7,0
2002,12,REG,2002-11-24,NYJ,BUF,31,13,7,7,1
2002,12,REG,2002-11-24,PIT,CIN,29,21,7,7,1
2002,12,REG,2002-11-24,WAS,LA,20,17,7,6,0
2002,12,REG,2002-11-24,ARI,LV,20,41,7,7,0
2002,12,REG,2002-11-24,SEA,KC,39,32,7,7,0
2002,12,REG,2002-11-24,HOU,NYG,16,14,7,7,0
2002,12,REG,2002-11-24,TB,GB,21,7,7,7,0
2002,12,REG,2002-11-24,DEN,IND,20,23,7,7,0
2002,12,REG,2002-11-25,SF,PHI,17,38,8,8,0
2002,13,REG,2002-11-28,DET,NE,12,20,4,4,0
2002,13,REG,2002-11-28,DAL,WAS,27,20,4,4,1
2002,13,REG,2002-12-01,BUF,MIA,38,21,7,7,1
2002,13,REG,2002-12-01,CIN,BAL,23,27,7,7,1
2002,13,REG,2002-12-01,CLE,CAR,6,13,7,7,0
2002,13,REG,2002-12-01,GB,CHI,30,20,7,7,1
2002,13,REG,2002-12-01,JAX,PIT,23,25,7,7,0
2002,13,REG,2002-12-01,KC,ARI,49,0,7,7,0
2002,13,REG,2002-12-01,MIN,ATL,24,30,7,7,0
2002,13,REG,2002-12-01,NYG,TEN,29,32,7,7,0
2002,13,REG,2002-12-01,IND,HOU,19,3,7,7,1
2002,13,REG,2002-12-01,LAC,DEN,30,27,7,7,1
2002,13,REG,2002-12-01,PHI,LA,10,3,6,7,0
2002,13,REG,2002-12-01,SF,SEA,31,24,6,7,1
2002,13,REG,2002-12-01,NO,TB,23,20,7,7,1
2002,13,REG,2002-12-02,LV,NYJ,26,20,8,8,0
2002,14,REG,2002-12-08,CAR,CIN,52,31,7,7,0
2002,14,REG,2002-12-08,DAL,SF,27,31,10,7,0
2002,14,REG,2002-12-08,JAX,CLE,20,21,7,7,0
2002,14,REG,2002-12-08,KC,LA,49,10,7,7,0
2002,14,REG,2002-12-08,NE,BUF,27,17,10,7,1
2002,14,REG,2002-12-08,PIT,HOU,6,24,7,7,0
2002,14,REG,2002-12-08,TB,ATL,34,10,7,7,1
2002,14,REG,2002-12-08,TEN,IND,27,17,7,7,1
2002,14,REG,2002-12-08,WAS,NYG,21,27,10,7,1
2002,14,REG,2002-12-08,ARI,DET,23,20,7,10,0
2002,14,REG,2002-12-08,BAL,NO,25,37,7,7,0
2002,14,REG,2002-12-08,SEA,PHI,20,27,7,7,0
2002,14,REG,2002-12-08,NYJ,DEN,19,13,6,7,0
2002,14,REG,2002-12-08,LAC,LV,7,27,7,6,1
2002,14,REG,2002-12-08,GB,MIN,26,22,7,7,1
2002,14,REG,2002-12-09,MIA,CHI,27,9,8,8,0
2002,15,REG,2002-12-15,ATL,SEA,24,30,7,7,0
2002,15,REG,2002-12-15,BUF,LAC,20,13,7,7,0
2002,15,REG,2002-12-15,CHI,NYJ,20,13,6,7,0
2002,15,REG,2002-12-15,CIN,JAX,15,29,7,7,0
2002,15,REG,2002-12-15,CLE,IND,23,28,7,7,0
2002,15,REG,2002-12-15,DET,TB,20,23,7,7,0
2002,15,REG,2002-12-15,HOU,BAL,19,23,7,7,0
2002,15,REG,2002-12-15,MIA,LV,23,17,6,7,0
2002,15,REG,2002-12-15,NO,MIN,31,32,7,7,0
2002,15,REG,2002-12-15,PHI,WAS,34,21,7,7,1
2002,15,REG,2002-12-15,PIT,CAR,30,14,7,7,0
2002,15,REG,2002-12-15,DEN,KC,31,24,7,7,1
2002,15,REG,2002-12-15,NYG,DAL,37,7,7,7,1
2002,15,REG,2002-12-15,SF,GB,14,20,7,7,0
2002,15,REG,2002-12-15,LA,ARI,30,28,7,7,1
2002,15,REG,2002-12-16,TEN,NE,24,7,8,8,0
2002,16,REG,2002-12-21,MIN,MIA,20,17,6,6,0
2002,16,REG,2002-12-21,ARI,SF,14,17,6,6,1
2002,16,REG,2002-12-21,DAL,PHI,3,27,6,6,1
2002,16,REG,2002-12-22,ATL,DET,36,15,7,7,0
2002,16,REG,2002-12-22,CAR,CHI,24,14,7,7,0
2002,16,REG,2002-12-22,CIN,NO,20,13,7,7,0
2002,16,REG,2002-12-22,GB,BUF,10,0,7,7,0
2002,16,REG,2002-12-22,IND,NYG,27,44,7,7,0
2002,16,REG,2002-12-22,JAX,TEN,10,28,7,6,1
2002,16,REG,2002-12-22,KC,LAC,24,22,7,7,1
2002,16,REG,2002-12-22,WAS,HOU,26,10,7,7,0
2002,16,REG,2002-12-22,SEA,LA,30,10,7,7,1
2002,16,REG,2002-12-22,BAL,CLE,13,14,7,7,1
2002,16,REG,2002-12-22,LV,DEN,28,16,7,7,1
2002,16,REG,2002-12-22,NE,NYJ,17,30,6,7,1
2002,16,REG,2002-12-23,TB,PIT,7,17,8,8,0
2002,17,REG,2002-12-28,NYG,PHI,10,7,6,7,1
2002,17,REG,2002-12-28,LV,KC,24,0,6,6,1
2002,17,REG,2002-12-29,BUF,CIN,27,9,7,7,0
2002,17,REG,2002-12-29,CLE,ATL,24,16,7,7,0
2002,17,REG,2002-12-29,DET,MIN,36,38,7,8,1
2002,17,REG,2002-12-29,HOU,TEN,3,13,7,7,1
2002,17,REG,2002-12-29,NE,MIA,27,24,7,8,1
2002,17,REG,2002-12-29,NO,CAR,6,10,7,7,1
2002,17,REG,2002-12-29,PIT,BAL,34,31,6,7,1
2002,17,REG,2002-12-29,WAS,DAL,20,14,7,8,1
2002,17,REG,2002-12-29,IND,JAX,20,13,7,7,1
2002,17,REG,2002-12-29,DEN,ARI,37,7,7,8,0
2002,17,REG,2002-12-29,NYJ,GB,42,17,7,7,0
2002,17,REG,2002-12-29,LAC,SEA,28,31,7,7,0
2002,17,REG,2002-12-29,CHI,TB,0,15,7,6,0
2002,17,REG,2002-12-30,LA,SF,31,20,8,9,1
2002,18,WC,2003-01-04,NYJ,IND,41,0,6,6,0
2002,18,WC,2003-01-04,GB,ATL,7,27,6,6,0
2002,18,WC,2003-01-05,PIT,CLE,36,33,7,7,1
2002,18,WC,2003-01-05,SF,NYG,39,38,6,8,0
2002,19,DIV,2003-01-11,TEN,PIT,34,31,13,6,0
2002,19,DIV,2003-01-11,PHI,ATL,20,6,14,7,0
2002,19,DIV,2003-01-12,TB,SF,31,6,14,7,0
2002,19,DIV,2003-01-12,LV,NYJ,30,10,15,8,0
2002,20,CON,2003-01-19,PHI,TB,10,27,8,7,0
2002,20,CON,2003-01-19,LV,TEN,41,24,7,8,0
2002,21,SB,2003-01-26,TB,LV,48,21,7,7,0
2003,1,REG,2003-09-04,WAS,NYJ,16,13,7,7,0
2003,1,REG,2003-09-07,BUF,NE,31,0,7,7,1
2003,1,REG,2003-09-07,CAR,JAX,24,23,7,7,0
2003,1,REG,2003-09-07,CIN,DEN,10,30,7,7,0
2003,1,REG,2003-09-07,CLE,IND,6,9,7,7,0
2003,1,REG,2003-09-07,DET,ARI,42,24,7,7,0
2003,1,REG,2003-09-07,GB,MIN,25,30,7,7,1
2003,1,REG,2003-09-07,KC,LAC,27,14,7,7,1
2003,1,REG,2003-09-07,MIA,HOU,20,21,7,7,0
2003,1,REG,2003-09-07,NYG,LA,23,13,7,7,0
2003,1,REG,2003-09-07,PIT,BAL,34,15,7,7,1
2003,1,REG,2003-09-07,DAL,ATL,13,27,7,7,0
2003,1,REG,2003-09-07,SEA,NO,27,10,7,7,0
2003,1,REG,2003-09-07,SF,CHI,49,7,7,7,0
2003,1,REG,2003-09-07,TEN,LV,25,20,7,7,0
2003,1,REG,2003-09-08,PHI,TB,0,17,7,7,0
2003,2,REG,2003-09-14,ATL,WAS,31,33,7,10,0
2003,2,REG,2003-09-14,BAL,CLE,33,13,7,7,1
2003,2,REG,2003-09-14,GB,DET,31,6,7,7,1
2003,2,REG,2003-09-14,IND,TEN,33,7,7,7,1
2003,2,REG,2003-09-14,JAX,BUF,17,38,7,7,0
2003,2,REG,2003-09-14,KC,PIT,41,20,7,7,0
2003,2,REG,2003-09-14,NO,HOU,31,10,7,7,0
2003,2,REG,2003-09-14,NYJ,MIA,10,21,10,7,1
2003,2,REG,2003-09-14,LA,SF,27,24,7,7,1
2003,2,REG,2003-09-14,ARI,SEA,0,38,7,7,1
2003,2,REG,2003-09-14,TB,CAR,9,12,6,7,1
2003,2,REG,2003-09-14,LV,CIN,23,20,7,7,0
2003,2,REG,2003-09-14,PHI,NE,10,31,6,7,0
2003,2,REG,2003-09-14,LAC,DEN,13,37,7,7,1
2003,2,REG,2003-09-14,MIN,CHI,24,13,7,7,1
2003,2,REG,2003-09-15,NYG,DAL,32,35,8,8,1
2003,3,REG,2003-09-21,ATL,TB,10,31,7,7,1
2003,3,REG,2003-09-21,CIN,PIT,10,17,7,7,1
2003,3,REG,2003-09-21,DET,MIN,13,23,7,7,1
2003,3,REG,2003-09-21,HOU,KC,14,42,7,7,0
2003,3,REG,2003-09-21,IND,JAX,23,13,7,7,1
2003,3,REG,2003-09-21,NE,NYJ,23,16,7,7,1
2003,3,REG,2003-09-21,TEN,NO,27,12,7,7,0
2003,3,REG,2003-09-21,ARI,GB,20,13,7,7,0
2003,3,REG,2003-09-21,SEA,LA,24,23,7,7,1
2003,3,REG,2003-09-21,WAS,NYG,21,24,7,6,1
2003,3,REG,2003-09-21,LAC,BAL,10,24,7,7,0
2003,3,REG,2003-09-21,SF,CLE,12,13,7,7,0
2003,3,REG,2003-09-21,MIA,BUF,17,7,7,7,1
2003,3,REG,2003-09-22,DEN,LV,31,10,8,8,1
2003,4,REG,2003-09-28,BUF,PHI,13,23,7,14,0
2003,4,REG,2003-09-28,CLE,CIN,14,21,7,7,1
2003,4,REG,2003-09-28,HOU,JAX,24,20,7,7,1
2003,4,REG,2003-09-28,MIN,SF,35,7,7,7,0
2003,4,REG,2003-09-28,PIT,TEN,13,30,7,7,0
2003,4,REG,2003-09-28,LA,ARI,37,13,7,7,1
2003,4,REG,2003-09-28,WAS,NE,20,17,7,7,0
2003,4,REG,2003-09-28,BAL,KC,10,17,7,7,0
2003,4,REG,2003-09-28,LV,LAC,34,31,6,7,1
2003,4,REG,2003-09-28,CAR,ATL,23,3,14,7,1
2003,4,REG,2003-09-28,DEN,DET,20,16,6,7,0
2003,4,REG,2003-09-28,NYJ,DAL,6,17,7,13,0
2003,4,REG,2003-09-28,NO,IND,21,55,7,7,0
2003,4,REG,2003-09-29,CHI,GB,23,38,15,8,1
2003,5,REG,2003-10-05,ATL,MIN,26,39,7,7,0
2003,5,REG,2003-10-05,BUF,CIN,22,16,7,7,0
2003,5,REG,2003-10-05,CAR,NO,19,13,7,7,1
2003,5,REG,2003-10-05,CHI,LV,24,21,6,7,0
2003,5,REG,2003-10-05,DAL,ARI,24,7,7,7,0
2003,5,REG,2003-10-05,GB,SEA,35,13,6,14,0
2003,5,REG,2003-10-05,KC,DEN,24,23,7,7,1
2003,5,REG,2003-10-05,NE,TEN,38,30,7,7,0
2003,5,REG,2003-10-05,NYG,MIA,10,23,14,14,0
2003,5,REG,2003-10-05,JAX,LAC,27,21,7,7,0
2003,5,REG,2003-10-05,PHI,WAS,27,25,7,7,1
2003,5,REG,2003-10-05,SF,DET,24,17,7,7,0
2003,5,REG,2003-10-05,PIT,CLE,13,33,7,7,1
2003,5,REG,2003-10-06,TB,IND,35,38,15,8,0
2003,6,REG,2003-10-12,CLE,LV,13,7,7,7,0
2003,6,REG,2003-10-12,DAL,PHI,23,21,7,7,1
2003,6,REG,2003-10-12,GB,KC,34,40,7,7,0
2003,6,REG,2003-10-12,IND,CAR,20,23,6,7,0
2003,6,REG,2003-10-12,JAX,MIA,10,24,7,7,0
2003,6,REG,2003-10-12,NE,NYG,17,6,7,7,0
2003,6,REG,2003-10-12,NO,CHI,20,13,7,7,0
2003,6,REG,2003-10-12,TEN,HOU,38,17,7,14,1
2003,6,REG,2003-10-12,WAS,TB,13,35,7,6,0
2003,6,REG,2003-10-12,ARI,BAL,18,26,7,14,0
2003,6,REG,2003-10-12,DEN,PIT,17,14,7,7,0
2003,6,REG,2003-10-12,NYJ,BUF,30,3,14,7,1
2003,6,REG,2003-10-12,SEA,SF,20,19,7,7,1
2003,6,REG,2003-10-13,LA,ATL,36,0,15,8,0
2003,7,REG,2003-10-19,ATL,NO,17,45,6,7,1
2003,7,REG,2003-10-19,CAR,TEN,17,37,7,7,0
2003,7,REG,2003-10-19,CIN,BAL,34,26,14,7,1
2003,7,REG,2003-10-19,CLE,LAC,20,26,7,14,0
2003,7,REG,2003-10-19,DET,DAL,7,38,14,7,0
2003,7,REG,2003-10-19,MIA,NE,13,19,7,7,1
2003,7,REG,2003-10-19,MIN,DEN,28,20,14,7,0
2003,7,REG,2003-10-19,NYG,PHI,10,14,7,7,1
2003,7,REG,2003-10-19,LA,GB,34,24,6,7,0
2003,7,REG,2003-10-19,HOU,NYJ,14,19,7,7,0
2003,7,REG,2003-10-19,BUF,WAS,24,7,7,7,0
2003,7,REG,2003-10-19,SEA,CHI,24,17,7,7,0
2003,7,REG,2003-10-19,SF,TB,24,7,7,7,0
2003,7,REG,2003-10-20,LV,KC,10,17,8,8,1
2003,8,REG,2003-10-26,BAL,DEN,26,6,7,7,0
2003,8,REG,2003-10-26,CHI,DET,24,16,7,7,1
2003,8,REG,2003-10-26,CIN,SEA,27,24,7,7,0
2003,8,REG,2003-10-26,JAX,TEN,17,30,14,7,1
2003,8,REG,2003-10-26,MIN,NYG,17,29,7,7,0
2003,8,REG,2003-10-26,NE,CLE,9,3,7,7,0
2003,8,REG,2003-10-26,NO,CAR,20,23,7,7,1
2003,8,REG,2003-10-26,PIT,LA,21,33,14,7,0
2003,8,REG,2003-10-26,TB,DAL,16,0,7,7,0
2003,8,REG,2003-10-26,ARI,SF,16,13,14,7,1
2003,8,REG,2003-10-26,IND,HOU,30,21,14,7,1
2003,8,REG,2003-10-26,PHI,NYJ,24,17,7,7,0
2003,8,REG,2003-10-26,KC,BUF,38,5,6,7,0
2003,8,REG,2003-10-27,LAC,MIA,10,26,8,8,0
2003,9,REG,2003-11-02,BAL,JAX,24,17,7,7,0
2003,9,REG,2003-11-02,CHI,LAC,20,7,7,6,0
2003,9,REG,2003-11-02,DET,LV,23,13,7,13,0
2003,9,REG,2003-11-02,HOU,CAR,14,10,7,7,0
2003,9,REG,2003-11-02,MIA,IND,17,23,6,7,0
2003,9,REG,2003-11-02,NYJ,NYG,28,31,7,7,0
2003,9,REG,2003-11-02,TB,NO,14,17,7,7,1
2003,9,REG,2003-11-02,ARI,CIN,17,14,7,7,0
2003,9,REG,2003-11-02,SEA,PIT,23,16,7,7,0
2003,9,REG,2003-11-02,ATL,PHI,16,23,14,7,0
2003,9,REG,2003-11-02,DAL,WAS,21,14,7,14,1
2003,9,REG,2003-11-02,SF,LA,30,10,7,7,1
2003,9,REG,2003-11-02,MIN,GB,27,30,7,14,1
2003,9,REG,2003-11-03,DEN,NE,26,30,8,8,0
2003,10,REG,2003-11-09,CAR,TB,27,24,7,7,1
2003,10,REG,2003-11-09,CIN,HOU,34,27,7,7,0
2003,10,REG,2003-11-09,DET,CHI,12,10,7,7,1
2003,10,REG,2003-11-09,JAX,IND,28,23,7,7,1
2003,10,REG,2003-11-09,KC,CLE,41,20,14,14,0
2003,10,REG,2003-11-09,NYG,ATL,7,27,7,7,0
2003,10,REG,2003-11-09,PIT,ARI,28,15,7,7,0
2003,10,REG,2003-11-09,TEN,MIA,31,7,14,7,0
2003,10,REG,2003-11-09,WAS,SEA,27,20,7,7,0
2003,10,REG,2003-11-09,LAC,MIN,42,28,7,7,0
2003,10,REG,2003-11-09,DAL,BUF,10,6,7,14,0
2003,10,REG,2003-11-09,LV,NYJ,24,27,7,7,0
2003,10,REG,2003-11-09,LA,BAL,33,22,7,7,0
2003,10,REG,2003-11-10,GB,PHI,14,17,8,8,0
2003,11,REG,2003-11-16,BUF,HOU,10,12,7,7,0
2003,11,REG,2003-11-16,CAR,WAS,20,17,7,7,0
2003,11,REG,2003-11-16,CHI,LA,21,23,7,7,0
2003,11,REG,2003-11-16,CIN,KC,24,19,7,7,0
2003,11,REG,2003-11-16,CLE,ARI,44,6,7,7,0
2003,11,REG,2003-11-16,MIA,BAL,9,6,7,7,0
2003,11,REG,2003-11-16,NO,ATL,23,20,14,7,1
2003,11,REG,2003-11-16,PHI,NYG,28,10,6,7,1
2003,11,REG,2003-11-16,TEN,JAX,10,3,7,7,1
2003,11,REG,2003-11-16,DEN,LAC,37,8,13,7,1
2003,11,REG,2003-11-16,IND,NYJ,38,31,7,7,0
2003,11,REG,2003-11-16,LV,MIN,28,18,7,7,0
2003,11,REG,2003-11-16,SEA,DET,35,14,7,7,0
2003,11,REG,2003-11-16,TB,GB,13,20,7,6,0
2003,11,REG,2003-11-16,NE,DAL,12,0,13,7,0
2003,11,REG,2003-11-17,SF,PIT,30,14,15,8,0
2003,12,REG,2003-11-23,BAL,SEA,44,41,7,7,0
2003,12,REG,2003-11-23,BUF,IND,14,17,7,7,0
2003,12,REG,2003-11-23,CLE,PIT,6,13,7,6,1
2003,12,REG,2003-11-23,DAL,CAR,24,20,7,7,0
2003,12,REG,2003-11-23,GB,SF,20,10,7,6,0
2003,12,REG,2003-11-23,HOU,NE,20,23,7,7,0
2003,12,REG,2003-11-23,MIN,DET,24,14,7,7,1
2003,12,REG,2003-11-23,NYJ,JAX,13,10,7,7,0
2003,12,REG,2003-11-23,PHI,NO,33,20,7,7,0
2003,12,REG,2003-11-23,ARI,LA,27,30,7,7,1
2003,12,REG,2003-11-23,DEN,CHI,10,19,7,7,0
2003,12,REG,2003-11-23,ATL,TEN,31,38,7,7,0
2003,12,REG,2003-11-23,KC,LV,27,24,7,7,1
2003,12,REG,2003-11-23,LAC,CIN,27,34,7,7,0
2003,12,REG,2003-11-23,MIA,WAS,24,23,7,7,0
2003,12,REG,2003-11-24,TB,NYG,19,13,8,8,0
2003,13,REG,2003-11-27,DET,GB,22,14,4,4,1
2003,13,REG,2003-11-27,DAL,MIA,21,40,4,4,0
2003,13,REG,2003-11-30,BAL,SF,44,6,7,7,0
2003,13,REG,2003-11-30,CAR,PHI,16,25,7,7,0
2003,13,REG,2003-11-30,CHI,ARI,28,3,7,7,0
2003,13,REG,2003-11-30,HOU,ATL,17,13,7,7,0
2003,13,REG,2003-11-30,IND,NE,34,38,7,7,0
2003,13,REG,2003-11-30,NYG,BUF,7,24,6,7,0
2003,13,REG,2003-11-30,PIT,CIN,20,24,7,7,1
2003,13,REG,2003-11-30,LA,MIN,48,17,7,7,0
2003,13,REG,2003-11-30,WAS,NO,20,24,7,7,0
2003,13,REG,2003-11-30,LV,DEN,8,22,7,7,1
2003,13,REG,2003-11-30,LAC,KC,24,28,7,7,1
2003,13,REG,2003-11-30,SEA,CLE,34,7,7,7,0
2003,13,REG,2003-11-30,JAX,TB,17,10,7,6,0
2003,13,REG,2003-12-01,NYJ,TEN,24,17,8,8,0
2003,14,REG,2003-12-07,BAL,CIN,31,13,7,7,1
2003,14,REG,2003-12-07,DET,LAC,7,14,10,7,0
2003,14,REG,2003-12-07,GB,CHI,34,21,10,7,1
2003,14,REG,2003-12-07,JAX,HOU,27,0,7,7,1
2003,14,REG,2003-12-07,MIN,SEA,34,7,7,7,0
2003,14,REG,2003-12-07,NO,TB,7,14,7,7,1
2003,14,REG,2003-12-07,NYG,WAS,7,20,7,7,1
2003,14,REG,2003-12-07,PHI,DAL,36,10,7,10,1
2003,14,REG,2003-12-07,PIT,LV,27,7,7,7,0
2003,14,REG,2003-12-07,TEN,IND,27,29,6,7,1
2003,14,REG,2003-12-07,SF,ARI,50,14,7,7,1
2003,14,REG,2003-12-07,BUF,NYJ,17,6,7,6,1
2003,14,REG,2003-12-07,DEN,KC,45,27,7,7,1
2003,14,REG,2003-12-07,NE,MIA,12,0,7,10,1
2003,14,REG,2003-12-07,ATL,CAR,20,14,7,7,1
2003,14,REG,2003-12-08,CLE,LA,20,26,8,8,0
2003,15,REG,2003-12-14,CHI,MIN,13,10,7,7,1
2003,15,REG,2003-12-14,CIN,SF,41,38,7,7,0
2003,15,REG,2003-12-14,IND,ATL,38,7,7,7,0
2003,15,REG,2003-12-14,KC,DET,45,17,7,7,0
2003,15,REG,2003-12-14,NE,JAX,27,13,7,7,0
2003,15,REG,2003-12-14,NYJ,PIT,6,0,7,7,0
2003,15,REG,2003-12-14,LA,SEA,27,22,6,7,1
2003,15,REG,2003-12-14,TB,HOU,16,3,7,7,0
2003,15,REG,2003-12-14,TEN,BUF,28,26,7,7,0
2003,15,REG,2003-12-14,DEN,CLE,23,20,7,6,0
2003,15,REG,2003-12-14,LV,BAL,20,12,7,7,0
2003,15,REG,2003-12-14,ARI,CAR,17,20,7,7,0
2003,15,REG,2003-12-14,LAC,GB,21,38,7,7,0
2003,15,REG,2003-12-14,WAS,DAL,0,27,7,7,1
2003,15,REG,2003-12-14,NO,NYG,45,7,7,7,0
2003,15,REG,2003-12-15,MIA,PHI,27,34,8,8,0
2003,16,REG,2003-12-20,TB,ATL,28,30,6,6,1
2003,16,REG,2003-12-20,MIN,KC,45,20,6,6,0
2003,16,REG,2003-12-20,NYJ,NE,16,21,6,6,1
2003,16,REG,2003-12-21,BUF,MIA,3,20,7,6,1
2003,16,REG,2003-12-21,CAR,DET,20,14,7,7,0
2003,16,REG,2003-12-21,CHI,WAS,27,24,7,7,0
2003,16,REG,2003-12-21,CLE,BAL,0,35,7,7,1
2003,16,REG,2003-12-21,DAL,NYG,19,3,7,7,1
2003,16,REG,2003-12-21,HOU,TEN,24,27,7,7,1
2003,16,REG,2003-12-21,JAX,NO,20,19,7,7,0
2003,16,REG,2003-12-21,LA,CIN,27,10,7,7,0
2003,16,REG,2003-12-21,PIT,LAC,40,24,7,7,0
2003,16,REG,2003-12-21,PHI,SF,28,31,6,7,0
2003,16,REG,2003-12-21,SEA,ARI,28,10,7,7,1
2003,16,REG,2003-12-21,IND,DEN,17,31,7,7,0
2003,16,REG,2003-12-22,LV,GB,7,41,8,8,0
2003,17,REG,2003-12-27,NE,BUF,31,0,7,6,1
2003,17,REG,2003-12-27,SF,SEA,17,24,6,6,1
2003,17,REG,2003-12-27,WAS,PHI,7,31,6,6,1
2003,17,REG,2003-12-28,ATL,JAX,21,14,8,7,0
2003,17,REG,2003-12-28,CIN,CLE,14,22,7,7,1
2003,17,REG,2003-12-28,DET,LA,30,20,7,7,0
2003,17,REG,2003-12-28,HOU,IND,17,20,7,7,1
2003,17,REG,2003-12-28,KC,CHI,31,3,8,7,0
2003,17,REG,2003-12-28,MIA,NYJ,23,21,7,8,1
2003,17,REG,2003-12-28,NO,DAL,13,7,7,7,0
2003,17,REG,2003-12-28,TEN,TB,33,13,7,8,0
2003,17,REG,2003-12-28,ARI,MIN,18,17,7,8,0
2003,17,REG,2003-12-28,NYG,CAR,24,37,7,7,0
2003,17,REG,2003-12-28,GB,DEN,31,3,6,7,0
2003,17,REG,2003-12-28,LAC,LV,21,14,7,6,1
2003,17,REG,2003-12-28,BAL,PIT,13,10,7,7,1
2003,18,WC,2004-01-03,BAL,TEN,17,20,6,6,0
2003,18,WC,2004-01-03,CAR,DAL,29,10,6,6,0
2003,18,WC,2004-01-04,GB,SEA,33,27,7,8,0
2003,18,WC,2004-01-04,IND,DEN,41,10,7,7,0
2003,19,DIV,2004-01-10,LA,CAR,23,29,13,7,0
2003,19,DIV,2004-01-10,NE,TEN,17,14,14,7,0
2003,19,DIV,2004-01-11,KC,IND,31,38,14,7,0
2003,19,DIV,2004-01-11,PHI,GB,20,17,15,7,0
2003,20,CON,2004-01-18,NE,IND,24,14,8,7,0
2003,20,CON,2004-01-18,PHI,CAR,3,14,7,8,0
2003,21,SB,2004-02-01,NE,CAR,32,29,14,14,0
2004,1,REG,2004-09-09,NE,IND,27,24,7,7,0
2004,1,REG,2004-09-11,MIA,TEN,7,17,7,7,0
2004,1,REG,2004-09-12,BUF,JAX,10,13,7,7,0
2004,1,REG,2004-09-12,CHI,DET,16,20,7,7,1
2004,1,REG,2004-09-12,CLE,BAL,20,3,7,7,1
2004,1,REG,2004-09-12,HOU,LAC,20,27,7,7,0
2004,1,REG,2004-09-12,NO,SEA,7,21,7,7,0
2004,1,REG,2004-09-12,NYJ,CIN,31,24,7,7,0
2004,1,REG,2004-09-12,PIT,LV,24,21,7,7,0
2004,1,REG,2004-09-12,LA,ARI,17,10,7,7,1
2004,1,REG,2004-09-12,WAS,TB,16,10,7,7,0
2004,1,REG,2004-09-12,MIN,DAL,35,17,7,7,0
2004,1,REG,2004-09-12,PHI,NYG,31,17,7,7,1
2004,1,REG,2004-09-12,SF,ATL,19,21,7,7,0
2004,1,REG,2004-09-12,DEN,KC,34,24,7,7,1
2004,1,REG,2004-09-13,CAR,GB,14,24,7,7,0
2004,2,REG,2004-09-19,ATL,LA,34,17,7,7,0
2004,2,REG,2004-09-19,BAL,PIT,30,13,7,7,1
2004,2,REG,2004-09-19,DET,HOU,28,16,7,7,0
2004,2,REG,2004-09-19,GB,CHI,10,21,6,7,1
2004,2,REG,2004-09-19,JAX,DEN,7,6,7,7,0
2004,2,REG,2004-09-19,KC,CAR,17,28,7,6,0
2004,2,REG,2004-09-19,NO,SF,30,27,7,7,0
2004,2,REG,2004-09-19,NYG,WAS,20,14,7,7,1
2004,2,REG,2004-09-19,TEN,IND,17,31,8,10,1
2004,2,REG,2004-09-19,TB,SEA,6,10,7,7,0
2004,2,REG,2004-09-19,ARI,NE,12,23,7,10,0
2004,2,REG,2004-09-19,DAL,CLE,19,12,7,7,0
2004,2,REG,2004-09-19,LV,BUF,13,10,7,7,0
2004,2,REG,2004-09-19,LAC,NYJ,28,34,7,7,0
2004,2,REG,2004-09-19,CIN,MIA,16,13,7,8,0
2004,2,REG,2004-09-20,PHI,MIN,27,16,8,8,0
2004,3,REG,2004-09-26,ATL,ARI,6,3,7,7,0
2004,3,REG,2004-09-26,CIN,BAL,9,23,7,7,1
2004,3,REG,2004-09-26,DET,PHI,13,30,7,6,0
2004,3,REG,2004-09-26,KC,HOU,21,24,7,7,0
2004,3,REG,2004-09-26,MIN,CHI,27,22,6,7,1
2004,3,REG,2004-09-26,NYG,CLE,27,10,7,7,0
2004,3,REG,2004-09-26,LA,NO,25,28,7,7,0
2004,3,REG,2004-09-26,TEN,JAX,12,15,7,7,1
2004,3,REG,2004-09-26,DEN,LAC,23,13,7,7,1
2004,3,REG,2004-09-26,IND,GB,45,31,7,7,0
2004,3,REG,2004-09-26,SEA,SF,34,0,7,7,1
2004,3,REG,2004-09-26,MIA,PIT,3,13,7,7,0
2004,3,REG,2004-09-26,LV,TB,30,20,7,7,0
2004,3,REG,2004-09-27,WAS,DAL,18,21,8,8,1
2004,4,REG,2004-10-03,BUF,NE,17,31,14,14,1
2004,4,REG,2004-10-03,CHI,PHI,9,19,7,7,0
2004,4,REG,2004-10-03,CLE,WAS,17,13,7,6,0
2004,4,REG,2004-10-03,GB,NYG,7,14,7,7,0
2004,4,REG,2004-10-03,HOU,LV,30,17,7,7,0
2004,4,REG,2004-10-03,JAX,IND,17,24,7,7,1
2004,4,REG,2004-10-03,PIT,CIN,28,17,7,7,1
2004,4,REG,2004-10-03,ARI,NO,34,10,7,7,0
2004,4,REG,2004-10-03,CAR,ATL,10,27,14,7,1
2004,4,REG,2004-10-03,MIA,NYJ,9,17,7,14,1
2004,4,REG,2004-10-03,LAC,TEN,38,17,7,7,0
2004,4,REG,2004-10-03,TB,DEN,13,16,7,7,0
2004,4,REG,2004-10-03,SF,LA,14,24,7,7,1
2004,4,REG,2004-10-04,BAL,KC,24,27,8,8,0
2004,5,REG,2004-10-10,ATL,DET,10,17,7,14,0
2004,5,REG,2004-10-10,DAL,NYG,10,26,13,7,1
2004,5,REG,2004-10-10,HOU,MIN,28,34,7,14,0
2004,5,REG,2004-10-10,IND,LV,35,14,7,7,0
2004,5,REG,2004-10-10,NE,MIA,24,10,7,7,1
2004,5,REG,2004-10-10,NO,TB,17,20,7,7,1
2004,5,REG,2004-10-10,PIT,CLE,34,23,7,7,1
2004,5,REG,2004-10-10,NYJ,BUF,16,14,7,7,1
2004,5,REG,2004-10-10,LAC,JAX,34,21,7,7,0
2004,5,REG,2004-10-10,DEN,CAR,20,17,7,7,0
2004,5,REG,2004-10-10,SEA,LA,27,33,14,7,1
2004,5,REG,2004-10-10,SF,ARI,31,28,7,7,1
2004,5,REG,2004-10-10,WAS,BAL,10,17,7,6,0
2004,5,REG,2004-10-11,GB,TEN,27,48,8,8,0
2004,6,REG,2004-10-17,ATL,LAC,21,20,7,7,0
2004,6,REG,2004-10-17,BUF,MIA,20,13,7,7,1
2004,6,REG,2004-10-17,CHI,WAS,10,13,14,7,0
2004,6,REG,2004-10-17,CLE,CIN,34,17,7,14,1
2004,6,REG,2004-10-17,DET,GB,10,38,7,6,1
2004,6,REG,2004-10-17,JAX,KC,22,16,7,13,0
2004,6,REG,2004-10-17,NE,SEA,30,20,7,7,0
2004,6,REG,2004-10-17,NYJ,SF,22,14,7,7,0
2004,6,REG,2004-10-17,PHI,CAR,30,8,14,7,0
2004,6,REG,2004-10-17,TEN,HOU,10,20,6,7,1
2004,6,REG,2004-10-17,DAL,PIT,20,24,7,7,0
2004,6,REG,2004-10-17,LV,DEN,3,31,7,7,1
2004,6,REG,2004-10-17,NO,MIN,31,38,7,7,0
2004,6,REG,2004-10-18,LA,TB,28,21,8,8,0
2004,7,REG,2004-10-24,BAL,BUF,20,6,14,7,0
2004,7,REG,2004-10-24,CAR,LAC,6,17,7,7,0
2004,7,REG,2004-10-24,CLE,PHI,31,34,7,7,0
2004,7,REG,2004-10-24,IND,JAX,24,27,14,7,1
2004,7,REG,2004-10-24,KC,ATL,56,10,7,7,0
2004,7,REG,2004-10-24,MIA,LA,31,14,7,6,0
2004,7,REG,2004-10-24,MIN,TEN,20,3,7,7,0
2004,7,REG,2004-10-24,NYG,DET,13,28,14,7,0
2004,7,REG,2004-10-24,TB,CHI,19,7,6,7,0
2004,7,REG,2004-10-24,NE,NYJ,13,7,7,7,1
2004,7,REG,2004-10-24,ARI,SEA,25,17,14,7,1
2004,7,REG,2004-10-24,GB,DAL,41,20,7,7,0
2004,7,REG,2004-10-24,LV,NO,26,31,7,7,0
2004,7,REG,2004-10-25,CIN,DEN,23,10,8,8,0
2004,8,REG,2004-10-31,BUF,ARI,38,14,7,7,0
2004,8,REG,2004-10-31,DAL,DET,31,21,7,7,0
2004,8,REG,2004-10-31,HOU,JAX,20,6,14,7,1
2004,8,REG,2004-10-31,KC,IND,45,35,7,7,0
2004,8,REG,2004-10-31,MIN,NYG,13,34,7,7,0
2004,8,REG,2004-10-31,PHI,BAL,15,10,7,7,0
2004,8,REG,2004-10-31,TEN,CIN,27,20,7,6,0
2004,8,REG,2004-10-31,WAS,GB,14,28,14,7,0
2004,8,REG,2004-10-31,DEN,ATL,28,41,6,7,0
2004,8,REG,2004-10-31,SEA,CAR,23,17,7,7,0
2004,8,REG,2004-10-31,PIT,NE,34,20,14,7,0
2004,8,REG,2004-10-31,LAC,LV,42,14,7,7,1
2004,8,REG,2004-10-31,CHI,SF,23,13,7,14,0
2004,8,REG,2004-11-01,NYJ,MIA,41,14,8,8,1
2004,9,REG,2004-11-07,BUF,NYJ,22,17,7,6,1
2004,9,REG,2004-11-07,CAR,LV,24,27,7,7,0
2004,9,REG,2004-11-07,CIN,DAL,26,3,7,7,0
2004,9,REG,2004-11-07,DET,WAS,10,17,7,7,0
2004,9,REG,2004-11-07,MIA,ARI,23,24,6,7,0
2004,9,REG,2004-11-07,PIT,PHI,27,3,7,7,0
2004,9,REG,2004-11-07,TB,KC,34,31,14,7,0
2004,9,REG,2004-11-07,NYG,CHI,21,28,7,7,0
2004,9,REG,2004-11-07,LAC,NO,43,17,7,14,0
2004,9,REG,2004-11-07,SF,SEA,27,42,7,7,1
2004,9,REG,2004-11-07,DEN,HOU,31,13,7,7,0
2004,9,REG,2004-11-07,LA,NE,22,40,14,7,0
2004,9,REG,2004-11-07,BAL,CLE,27,13,7,14,1
2004,9,REG,2004-11-08,IND,MIN,31,28,8,8,0
2004,10,REG,2004-11-14,ATL,TB,24,14,14,7,1
2004,10,REG,2004-11-14,CLE,PIT,10,24,7,7,1
2004,10,REG,2004-11-14,IND,HOU,49,14,6,7,1
2004,10,REG,2004-11-14,JAX,DET,23,17,14,7,0
2004,10,REG,2004-11-14,NO,KC,27,20,7,7,0
2004,10,REG,2004-11-14,NYJ,BAL,17,20,7,7,0
2004,10,REG,2004-11-14,LA,SEA,23,12,7,7,1
2004,10,REG,2004-11-14,TEN,CHI,17,19,14,7,0
2004,10,REG,2004-11-14,WAS,CIN,10,17,7,7,0
2004,10,REG,2004-11-14,ARI,NYG,17,14,7,7,0
2004,10,REG,2004-11-14,GB,MIN,34,31,14,6,1
2004,10,REG,2004-11-14,SF,CAR,27,37,7,7,0
2004,10,REG,2004-11-14,NE,BUF,29,6,7,7,1
2004,10,REG,2004-11-15,DAL,PHI,21,49,8,8,1
2004,11,REG,2004-11-21,BAL,DAL,30,10,7,6,0
2004,11,REG,2004-11-21,BUF,LA,37,17,7,7,0
2004,11,REG,2004-11-21,CAR,ARI,35,10,7,7,0
2004,11,REG,2004-11-21,CHI,IND,10,41,7,7,0
2004,11,REG,2004-11-21,CIN,PIT,14,19,7,7,1
2004,11,REG,2004-11-21,CLE,NYJ,7,10,7,7,0
2004,11,REG,2004-11-21,JAX,TEN,15,18,7,7,1
2004,11,REG,2004-11-21,MIN,DET,22,19,7,7,1
2004,11,REG,2004-11-21,NO,DEN,13,34,7,14,0
2004,11,REG,2004-11-21,TB,SF,35,3,7,7,0
2004,11,REG,2004-11-21,LV,LAC,17,23,14,14,1
2004,11,REG,2004-11-21,SEA,MIA,24,17,7,14,0
2004,11,REG,2004-11-21,NYG,ATL,10,14,7,7,0
2004,11,REG,2004-11-21,PHI,WAS,28,6,6,7,1
2004,11,REG,2004-11-21,HOU,GB,13,16,7,7,0
2004,11,REG,2004-11-22,KC,NE,19,27,8,8,0
2004,12,REG,2004-11-25,DET,IND,9,41,4,4,0
2004,12,REG,2004-11-25,DAL,CHI,21,7,4,4,0
2004,12,REG,2004-11-28,CAR,TB,21,14,7,7,1
2004,12,REG,2004-11-28,CIN,CLE,58,48,7,7,1
2004,12,REG,2004-11-28,HOU,TEN,31,21,7,7,1
2004,12,REG,2004-11-28,KC,LAC,31,34,6,7,1
2004,12,REG,2004-11-28,MIN,JAX,27,16,7,7,0
2004,12,REG,2004-11-28,NYG,PHI,6,27,7,7,1
2004,12,REG,2004-11-28,PIT,WAS,16,7,7,7,0
2004,12,REG,2004-11-28,ATL,NO,24,21,7,7,1
2004,12,REG,2004-11-28,ARI,NYJ,3,13,7,7,0
2004,12,REG,2004-11-28,NE,BAL,24,3,6,7,0
2004,12,REG,2004-11-28,SEA,BUF,9,38,7,7,0
2004,12,REG,2004-11-28,SF,MIA,17,24,7,7,0
2004,12,REG,2004-11-28,DEN,LV,24,25,7,7,1
2004,12,REG,2004-11-29,GB,LA,45,17,8,8,0
2004,13,REG,2004-12-05,BAL,CIN,26,27,7,7,1
2004,13,REG,2004-12-05,CHI,MIN,24,14,10,7,1
2004,13,REG,2004-12-05,CLE,NE,15,42,7,7,0
2004,13,REG,2004-12-05,DET,ARI,26,12,10,7,0
2004,13,REG,2004-12-05,IND,TEN,51,24,10,7,1
2004,13,REG,2004-12-05,MIA,BUF,32,42,7,7,1
2004,13,REG,2004-12-05,NO,CAR,21,32,7,7,1
2004,13,REG,2004-12-05,NYJ,HOU,29,7,7,7,0
2004,13,REG,2004-12-05,LA,SF,16,6,6,7,1
2004,13,REG,2004-12-05,TB,ATL,27,0,7,7,1
2004,13,REG,2004-12-05,LV,KC,27,34,7,7,1
2004,13,REG,2004-12-05,LAC,DEN,20,17,7,7,1
2004,13,REG,2004-12-05,PHI,GB,47,17,7,6,0
2004,13,REG,2004-12-05,WAS,NYG,31,7,7,7,1
2004,13,REG,2004-12-05,JAX,PIT,16,17,7,7,0
2004,13,REG,2004-12-06,SEA,DAL,39,43,8,11,0
2004,14,REG,2004-12-12,ATL,LV,35,10,7,7,0
2004,14,REG,2004-12-12,BAL,NYG,37,14,7,7,0
2004,14,REG,2004-12-12,BUF,CLE,37,7,7,7,0
2004,14,REG,2004-12-12,DAL,NO,13,27,6,7,0
2004,14,REG,2004-12-12,HOU,IND,14,23,7,7,1
2004,14,REG,2004-12-12,JAX,CHI,22,3,7,7,0
2004,14,REG,2004-12-12,MIN,SEA,23,27,7,6,0
2004,14,REG,2004-12-12,NE,CIN,35,28,7,7,0
2004,14,REG,2004-12-12,DEN,MIA,20,17,7,7,0
2004,14,REG,2004-12-12,PIT,NYJ,17,6,7,7,0
2004,14,REG,2004-12-12,ARI,SF,28,31,7,7,1
2004,14,REG,2004-12-12,CAR,LA,20,7,7,7,0
2004,14,REG,2004-12-12,GB,DET,16,13,7,7,1
2004,14,REG,2004-12-12,LAC,TB,31,24,7,7,0
2004,14,REG,2004-12-12,WAS,PHI,14,17,7,7,1
2004,14,REG,2004-12-13,TEN,KC,38,49,8,8,0
2004,15,REG,2004-12-18,NYG,PIT,30,33,6,6,0
2004,15,REG,2004-12-18,SF,WAS,16,26,6,6,0
2004,15,REG,2004-12-18,ATL,CAR,34,31,6,6,1
2004,15,REG,2004-12-19,CHI,HOU,5,24,7,7,0
2004,15,REG,2004-12-19,CIN,BUF,17,33,7,7,0
2004,15,REG,2004-12-19,CLE,LAC,0,21,7,7,0
2004,15,REG,2004-12-19,DET,MIN,27,28,7,7,1
2004,15,REG,2004-12-19,KC,DEN,45,17,6,7,1
2004,15,REG,2004-12-19,NYJ,SEA,37,14,7,7,0
2004,15,REG,2004-12-19,PHI,DAL,12,7,7,7,1
2004,15,REG,2004-12-19,ARI,LA,31,7,7,7,1
2004,15,REG,2004-12-19,TB,NO,17,21,7,7,1
2004,15,REG,2004-12-19,GB,JAX,25,28,7,7,0
2004,15,REG,2004-12-19,LV,TEN,40,35,7,6,0
2004,15,REG,2004-12-19,IND,BAL,20,10,7,7,0
2004,15,REG,2004-12-20,MIA,NE,29,28,8,8,1
2004,16,REG,2004-12-24,MIN,GB,31,34,5,5,1
2004,16,REG,2004-12-25,KC,LV,31,30,6,6,1
2004,16,REG,2004-12-25,TEN,DEN,16,37,6,6,0
2004,16,REG,2004-12-26,CIN,NYG,23,22,7,8,0
2004,16,REG,2004-12-26,DET,CHI,19,13,7,7,1
2004,16,REG,2004-12-26,IND,LAC,34,31,7,7,0
2004,16,REG,2004-12-26,JAX,HOU,0,21,7,7,1
2004,16,REG,2004-12-26,NO,ATL,26,13,7,8,1
2004,16,REG,2004-12-26,PIT,BAL,20,7,8,7,1
2004,16,REG,2004-12-26,NYJ,NE,7,23,7,6,1
2004,16,REG,2004-12-26,SF,BUF,7,41,8,7,0
2004,16,REG,2004-12-26,DAL,WAS,13,10,7,8,1
2004,16,REG,2004-12-26,SEA,ARI,24,21,7,7,1
2004,16,REG,2004-12-26,TB,CAR,20,37,7,8,1
2004,16,REG,2004-12-26,MIA,CLE,10,7,6,7,0
2004,16,REG,2004-12-27,LA,PHI,20,7,8,8,0
2004,17,REG,2005-01-02,BAL,MIA,30,23,7,7,0
2004,17,REG,2005-01-02,BUF,PIT,24,29,7,7,0
2004,17,REG,2005-01-02,CAR,NO,18,21,7,7,1
2004,17,REG,2005-01-02,CHI,GB,14,31,7,9,1
2004,17,REG,2005-01-02,HOU,CLE,14,22,7,7,0
2004,17,REG,2005-01-02,NE,SF,21,7,7,7,0
2004,17,REG,2005-01-02,PHI,CIN,10,38,6,7,0
2004,17,REG,2005-01-02,LA,NYJ,32,29,6,7,0
2004,17,REG,2005-01-02,TEN,DET,24,19,8,7,0
2004,17,REG,2005-01-02,WAS,MIN,21,18,7,9,0
2004,17,REG,2005-01-02,ARI,TB,12,7,7,7,0
2004,17,REG,2005-01-02,SEA,ATL,28,26,7,7,0
2004,17,REG,2005-01-02,DEN,IND,33,14,8,7,0
2004,17,REG,2005-01-02,LV,JAX,6,13,8,7,0
2004,17,REG,2005-01-02,LAC,KC,24,17,7,8,1
2004,17,REG,2005-01-02,NYG,DAL,28,24,7,7,1
2004,18,WC,2005-01-08,SEA,LA,20,27,6,6,1
2004,18,WC,2005-01-08,LAC,NYJ,17,20,6,6,0
2004,18,WC,2005-01-09,IND,DEN,49,24,7,7,0
2004,18,WC,2005-01-09,GB,MIN,17,31,7,7,1
2004,19,DIV,2005-01-15,PIT,NYJ,20,17,13,7,0
2004,19,DIV,2005-01-15,ATL,LA,47,17,13,7,0
2004,19,DIV,2005-01-16,PHI,MIN,27,14,14,7,0
2004,19,DIV,2005-01-16,NE,IND,20,3,14,7,0
2004,20,CON,2005-01-23,PHI,ATL,27,10,7,8,0
2004,20,CON,2005-01-23,PIT,NE,27,41,8,7,0
2004,21,SB,2005-02-06,PHI,NE,21,24,14,14,0
2005,1,REG,2005-09-08,NE,LV,30,20,7,7,0
2005,1,REG,2005-09-11,BUF,HOU,22,7,7,7,0
2005,1,REG,2005-09-11,CAR,NO,20,23,7,7,1
2005,1,REG,2005-09-11,CLE,CIN,13,27,7,7,1
2005,1,REG,2005-09-11,JAX,SEA,26,14,7,7,0
2005,1,REG,2005-09-11,KC,NYJ,27,7,7,7,0
2005,1,REG,2005-09-11,MIA,DEN,34,10,7,7,0
2005,1,REG,2005-09-11,MIN,TB,13,24,7,7,0
2005,1,REG,2005-09-11,PIT,TEN,34,7,7,7,0
2005,1,REG,2005-09-11,WAS,CHI,9,7,7,7,0
2005,1,REG,2005-09-11,DET,GB,17,3,7,7,1
2005,1,REG,2005-09-11,NYG,ARI,42,19,7,7,0
2005,1,REG,2005-09-11,LAC,DAL,24,28,7,7,0
2005,1,REG,2005-09-11,SF,LA,28,25,7,7,1
2005,1,REG,2005-09-11,BAL,IND,7,24,7,7,0
2005,1,REG,2005-09-12,ATL,PHI,14,10,7,7,0
2005,2,REG,2005-09-18,CAR,NE,27,17,7,10,0
2005,2,REG,2005-09-18,CHI,DET,38,6,7,7,1
2005,2,REG,2005-09-18,CIN,MIN,37,8,7,7,0
2005,2,REG,2005-09-18,HOU,PIT,7,27,7,7,0
2005,2,REG,2005-09-18,IND,JAX,10,3,7,7,1
2005,2,REG,2005-09-18,PHI,SF,42,3,6,7,0
2005,2,REG,2005-09-18,TB,BUF,19,3,7,7,0
2005,2,REG,2005-09-18,TEN,BAL,25,10,7,7,0
2005,2,REG,2005-09-18,ARI,LA,12,17,7,7,1
2005,2,REG,2005-09-18,SEA,ATL,21,18,7,6,0
2005,2,REG,2005-09-18,DEN,LAC,20,17,7,7,1
2005,2,REG,2005-09-18,GB,CLE,24,26,7,7,0
2005,2,REG,2005-09-18,NYJ,MIA,17,7,7,7,1
2005,2,REG,2005-09-18,LV,KC,17,23,10,7,1
2005,2,REG,2005-09-19,DAL,WAS,13,14,8,8,1
2005,2,REG,2005-09-19,NO,NYG,10,27,8,8,0
2005,3,REG,2005-09-25,BUF,ATL,16,24,7,7,0
2005,3,REG,2005-09-25,CHI,CIN,7,24,7,7,0
2005,3,REG,2005-09-25,GB,TB,16,17,7,7,0
2005,3,REG,2005-09-25,IND,CLE,13,6,7,7,0
2005,3,REG,2005-09-25,MIA,CAR,27,24,7,7,0
2005,3,REG,2005-09-25,MIN,NO,33,16,7,6,0
2005,3,REG,2005-09-25,NYJ,JAX,20,26,7,7,0
2005,3,REG,2005-09-25,PHI,LV,23,20,7,7,0
2005,3,REG,2005-09-25,LA,TEN,31,27,7,7,0
2005,3,REG,2005-09-25,SEA,ARI,37,12,7,7,1
2005,3,REG,2005-09-25,SF,DAL,31,34,7,6,0
2005,3,REG,2005-09-25,PIT,NE,20,23,7,7,0
2005,3,REG,2005-09-25,LAC,NYG,45,23,7,6,0
2005,3,REG,2005-09-26,DEN,KC,30,10,8,8,1
2005,4,REG,2005-10-02,CIN,HOU,16,10,7,14,0
2005,4,REG,2005-10-02,JAX,DEN,7,20,7,6,0
2005,4,REG,2005-10-02,NE,LAC,17,41,7,7,0
2005,4,REG,2005-10-02,NO,BUF,19,7,7,7,0
2005,4,REG,2005-10-02,NYG,LA,44,24,7,7,0
2005,4,REG,2005-10-02,TB,DET,17,13,7,14,0
2005,4,REG,2005-10-02,TEN,IND,10,31,7,7,1
2005,4,REG,2005-10-02,WAS,SEA,20,17,13,7,0
2005,4,REG,2005-10-02,BAL,NYJ,13,3,14,7,0
2005,4,REG,2005-10-02,ATL,MIN,30,10,7,7,0
2005,4,REG,2005-10-02,KC,PHI,31,37,6,7,0
2005,4,REG,2005-10-02,LV,DAL,19,13,7,7,0
2005,4,REG,2005-10-02,ARI,SF,31,14,7,7,1
2005,4,REG,2005-10-03,CAR,GB,32,29,8,8,0
2005,5,REG,2005-10-09,ATL,NE,28,31,7,7,0
2005,5,REG,2005-10-09,BUF,MIA,20,14,7,14,1
2005,5,REG,2005-10-09,CLE,CHI,20,10,14,14,0
2005,5,REG,2005-10-09,DET,BAL,35,17,7,7,0
2005,5,REG,2005-10-09,GB,NO,52,3,6,7,0
2005,5,REG,2005-10-09,HOU,TEN,20,34,7,7,1
2005,5,REG,2005-10-09,NYJ,TB,14,12,7,7,0
2005,5,REG,2005-10-09,LA,SEA,31,37,7,7,1
2005,5,REG,2005-10-09,SF,IND,3,28,7,7,0
2005,5,REG,2005-10-09,ARI,CAR,20,24,7,6,0
2005,5,REG,2005-10-09,DAL,PHI,33,10,7,7,1
2005,5,REG,2005-10-09,DEN,WAS,21,19,7,7,0
2005,5,REG,2005-10-09,JAX,CIN,23,20,7,7,0
2005,5,REG,2005-10-10,LAC,PIT,22,24,8,15,0
2005,6,REG,2005-10-16,BAL,CLE,16,3,7,7,1
2005,6,REG,2005-10-16,CHI,MIN,28,3,7,14,1
2005,6,REG,2005-10-16,DAL,NYG,16,13,7,14,1
2005,6,REG,2005-10-16,DET,CAR,20,21,7,7,0
2005,6,REG,2005-10-16,KC,WAS,28,21,14,7,0
2005,6,REG,2005-10-16,NO,ATL,31,34,7,7,1
2005,6,REG,2005-10-16,PIT,JAX,17,23,6,7,0
2005,6,REG,2005-10-16,TB,MIA,27,13,7,7,0
2005,6,REG,2005-10-16,TEN,CIN,23,31,7,7,0
2005,6,REG,2005-10-16,BUF,NYJ,27,17,7,7,1
2005,6,REG,2005-10-16,DEN,NE,28,20,7,7,0
2005,6,REG,2005-10-16,LV,LAC,14,27,14,6,1
2005,6,REG,2005-10-16,SEA,HOU,42,10,7,7,0
2005,6,REG,2005-10-17,IND,LA,45,28,8,8,0
2005,7,REG,2005-10-21,MIA,KC,20,30,5,5,0
2005,7,REG,2005-10-23,CIN,PIT,13,27,7,7,1
2005,7,REG,2005-10-23,CLE,DET,10,13,7,7,0
2005,7,REG,2005-10-23,HOU,IND,20,38,7,6,1
2005,7,REG,2005-10-23,MIN,GB,23,20,7,14,1
2005,7,REG,2005-10-23,PHI,LAC,20,17,14,7,0
2005,7,REG,2005-10-23,LA,NO,28,17,6,7,0
2005,7,REG,2005-10-23,WAS,SF,52,17,7,14,0
2005,7,REG,2005-10-23,SEA,DAL,13,10,7,7,0
2005,7,REG,2005-10-23,ARI,TEN,20,10,14,7,0
2005,7,REG,2005-10-23,CHI,BAL,10,6,7,7,0
2005,7,REG,2005-10-23,NYG,DEN,24,23,7,7,0
2005,7,REG,2005-10-23,LV,BUF,38,17,7,7,0
2005,7,REG,2005-10-24,ATL,NYJ,27,14,8,8,0
2005,8,REG,2005-10-30,CAR,MIN,38,13,14,7,0
2005,8,REG,2005-10-30,CIN,GB,21,14,7,7,0
2005,8,REG,2005-10-30,DAL,ARI,34,13,7,7,0
2005,8,REG,2005-10-30,DET,CHI,13,19,7,7,1
2005,8,REG,2005-10-30,HOU,CLE,19,16,7,7,0
2005,8,REG,2005-10-30,NYG,WAS,36,0,7,7,1
2005,8,REG,2005-10-30,LA,JAX,24,21,7,14,0
2005,8,REG,2005-10-30,TEN,LV,25,34,7,7,0
2005,8,REG,2005-10-30,NO,MIA,6,21,7,9,0
2005,8,REG,2005-10-30,LAC,KC,28,20,7,9,1
2005,8,REG,2005-10-30,DEN,PHI,49,21,7,7,0
2005,8,REG,2005-10-30,SF,TB,15,10,7,14,0
2005,8,REG,2005-10-30,NE,BUF,21,16,14,7,1
2005,8,REG,2005-10-31,PIT,BAL,20,19,8,8,1
2005,9,REG,2005-11-06,BAL,CIN,9,21,6,7,1
2005,9,REG,2005-11-06,CLE,TEN,20,14,7,7,0
2005,9,REG,2005-11-06,JAX,HOU,21,14,7,7,1
2005,9,REG,2005-11-06,KC,LV,27,23,7,7,1
2005,9,REG,2005-11-06,MIA,ATL,10,17,7,13,0
2005,9,REG,2005-11-06,MIN,DET,27,14,7,7,1
2005,9,REG,2005-11-06,NYJ,LAC,26,31,13,7,0
2005,9,REG,2005-11-06,TB,CAR,14,34,7,7,1
2005,9,REG,2005-11-06,ARI,SEA,19,33,7,14,1
2005,9,REG,2005-11-06,NO,CHI,17,20,7,7,0
2005,9,REG,2005-11-06,SF,NYG,6,24,7,7,0
2005,9,REG,2005-11-06,GB,PIT,10,20,7,6,0
2005,9,REG,2005-11-06,WAS,PHI,17,10,7,7,1
2005,9,REG,2005-11-07,NE,IND,21,40,8,15,0
2005,10,REG,2005-11-13,BUF,KC,14,3,14,7,0
2005,10,REG,2005-11-13,CHI,SF,17,9,7,7,0
2005,10,REG,2005-11-13,DET,ARI,29,21,7,7,0
2005,10,REG,2005-11-13,IND,HOU,31,17,6,7,1
2005,10,REG,2005-11-13,JAX,BAL,30,3,7,7,0
2005,10,REG,2005-11-13,MIA,NE,16,23,7,6,1
2005,10,REG,2005-11-13,NYG,MIN,21,24,7,7,0
2005,10,REG,2005-11-13,CAR,NYJ,30,3,7,7,0
2005,10,REG,2005-11-13,LV,DEN,17,31,7,14,1
2005,10,REG,2005-11-13,ATL,GB,25,33,7,7,0
2005,10,REG,2005-11-13,SEA,LA,31,16,7,14,1
2005,10,REG,2005-11-13,TB,WAS,36,35,7,7,0
2005,10,REG,2005-11-13,PIT,CLE,34,21,7,7,1
2005,10,REG,2005-11-14,PHI,DAL,20,21,8,15,1
2005,11,REG,2005-11-20,ATL,TB,27,30,7,7,1
2005,11,REG,2005-11-20,BAL,PIT,16,13,7,7,1
2005,11,REG,2005-11-20,CHI,CAR,13,3,7,7,0
2005,11,REG,2005-11-20,CLE,MIA,22,0,7,7,0
2005,11,REG,2005-11-20,DAL,DET,20,7,6,7,0
2005,11,REG,2005-11-20,NE,NO,24,17,7,14,0
2005,11,REG,2005-11-20,NYG,PHI,27,17,7,6,1
2005,11,REG,2005-11-20,LA,ARI,28,38,7,7,1
2005,11,REG,2005-11-20,TEN,JAX,28,31,14,7,1
2005,11,REG,2005-11-20,WAS,LV,13,16,7,7,0
2005,11,REG,2005-11-20,SF,SEA,25,27,7,7,1
2005,11,REG,2005-11-20,CIN,IND,37,45,14,7,0
2005,11,REG,2005-11-20,DEN,NYJ,27,0,7,7,0
2005,11,REG,2005-11-20,LAC,BUF,48,10,14,7,0
2005,11,REG,2005-11-20,HOU,KC,17,45,7,7,0
2005,11,REG,2005-11-21,GB,MIN,17,20,8,8,1
2005,12,REG,2005-11-24,DET,ATL,7,27,4,4,0
2005,12,REG,2005-11-24,DAL,DEN,21,24,4,4,0
2005,12,REG,2005-11-27,BUF,CAR,9,13,7,7,0
2005,12,REG,2005-11-27,CIN,BAL,42,29,7,7,1
2005,12,REG,2005-11-27,HOU,LA,27,33,7,7,0
2005,12,REG,2005-11-27,KC,NE,26,16,7,7,0
2005,12,REG,2005-11-27,MIN,CLE,24,12,6,7,0
2005,12,REG,2005-11-27,TB,CHI,10,13,7,7,0
2005,12,REG,2005-11-27,TEN,SF,33,22,7,7,0
2005,12,REG,2005-11-27,WAS,LAC,17,23,7,7,0
2005,12,REG,2005-11-27,ARI,JAX,17,24,7,7,0
2005,12,REG,2005-11-27,LV,MIA,21,33,7,7,0
2005,12,REG,2005-11-27,PHI,GB,19,14,7,6,0
2005,12,REG,2005-11-27,SEA,NYG,24,21,7,7,0
2005,12,REG,2005-11-27,NYJ,NO,19,21,7,7,0
2005,12,REG,2005-11-28,IND,PIT,26,7,8,8,0
2005,13,REG,2005-12-04,BAL,HOU,16,15,7,7,0
2005,13,REG,2005-12-04,CAR,ATL,24,6,7,10,1
2005,13,REG,2005-12-04,CHI,GB,19,7,7,7,1
2005,13,REG,2005-12-04,CLE,JAX,14,20,7,7,0
2005,13,REG,2005-12-04,DET,MIN,16,21,10,7,1
2005,13,REG,2005-12-04,IND,TEN,35,3,6,7,1
2005,13,REG,2005-12-04,MIA,BUF,24,23,7,7,1
2005,13,REG,2005-12-04,NO,TB,3,10,7,7,1
2005,13,REG,2005-12-04,NYG,DAL,17,10,7,10,1
2005,13,REG,2005-12-04,PIT,CIN,31,38,6,7,1
2005,13,REG,2005-12-04,SF,ARI,10,17,7,7,1
2005,13,REG,2005-12-04,LA,WAS,9,24,7,7,0
2005,13,REG,2005-12-04,KC,DEN,31,27,7,10,1
2005,13,REG,2005-12-04,NE,NYJ,16,3,7,7,1
2005,13,REG,2005-12-04,LAC,LV,34,10,7,7,1
2005,13,REG,2005-12-05,PHI,SEA,0,42,8,8,0
2005,14,REG,2005-12-11,BUF,NE,7,35,7,7,1
2005,14,REG,2005-12-11,CAR,TB,10,20,7,7,1
2005,14,REG,2005-12-11,CIN,CLE,23,20,7,7,1
2005,14,REG,2005-12-11,JAX,IND,18,26,7,7,1
2005,14,REG,2005-12-11,MIN,LA,27,13,7,7,0
2005,14,REG,2005-12-11,NYJ,LV,26,10,7,7,0
2005,14,REG,2005-12-11,PIT,CHI,21,9,7,7,0
2005,14,REG,2005-12-11,TEN,HOU,13,10,7,7,1
2005,14,REG,2005-12-11,ARI,WAS,13,17,7,7,0
2005,14,REG,2005-12-11,PHI,NYG,23,26,6,7,1
2005,14,REG,2005-12-11,SEA,SF,41,3,6,7,1
2005,14,REG,2005-12-11,DAL,KC,31,28,7,7,0
2005,14,REG,2005-12-11,DEN,BAL,12,10,7,7,0
2005,14,REG,2005-12-11,LAC,MIA,21,23,7,7,0
2005,14,REG,2005-12-11,GB,DET,16,13,7,7,1
2005,14,REG,2005-12-12,ATL,NO,36,17,8,8,1
2005,15,REG,2005-12-17,NE,TB,28,0,6,6,0
2005,15,REG,2005-12-17,NYG,KC,27,17,6,6,0
2005,15,REG,2005-12-17,BUF,DEN,17,28,6,6,0
2005,15,REG,2005-12-18,HOU,ARI,30,19,7,7,0
2005,15,REG,2005-12-18,IND,LAC,17,26,7,7,0
2005,15,REG,2005-12-18,JAX,SF,10,9,7,7,0
2005,15,REG,2005-12-18,MIA,NYJ,24,20,7,7,1
2005,15,REG,2005-12-18,MIN,PIT,3,18,7,7,0
2005,15,REG,2005-12-18,NO,CAR,10,27,6,7,1
2005,15,REG,2005-12-18,LA,PHI,16,17,7,7,0
2005,15,REG,2005-12-18,TEN,SEA,24,28,7,7,0
2005,15,REG,2005-12-18,DET,CIN,17,41,7,7,0
2005,15,REG,2005-12-18,LV,CLE,7,9,7,7,0
2005,15,REG,2005-12-18,WAS,DAL,35,7,7,7,1
2005,15,REG,2005-12-18,CHI,ATL,16,3,7,6,0
2005,15,REG,2005-12-19,BAL,GB,48,3,8,8,0
2005,16,REG,2005-12-24,CAR,DAL,20,24,6,6,0
2005,16,REG,2005-12-24,CIN,BUF,27,37,6,7,0
2005,16,REG,2005-12-24,CLE,PIT,0,41,6,6,1
2005,16,REG,2005-12-24,HOU,JAX,20,38,6,6,1
2005,16,REG,2005-12-24,KC,LAC,20,7,7,6,1
2005,16,REG,2005-12-24,MIA,TEN,24,10,6,6,0
2005,16,REG,2005-12-24,NO,DET,12,13,6,6,0
2005,16,REG,2005-12-24,LA,SF,20,24,6,6,1
2005,16,REG,2005-12-24,TB,ATL,27,24,7,6,1
2005,16,REG,2005-12-24,WAS,NYG,35,20,6,7,1
2005,16,REG,2005-12-24,ARI,PHI,27,21,6,6,0
2005,16,REG,2005-12-24,DEN,LV,22,3,7,6,1
2005,16,REG,2005-12-24,SEA,IND,28,13,6,6,0
2005,16,REG,2005-12-25,GB,CHI,17,24,6,7,1
2005,16,REG,2005-12-25,BAL,MIN,30,23,6,7,0
2005,16,REG,2005-12-26,NYJ,NE,21,31,8,9,1
2005,17,REG,2005-12-31,LAC,DEN,7,23,7,7,1
2005,17,REG,2005-12-31,LV,NYG,21,30,7,7,0
2005,17,REG,2006-01-01,ATL,CAR,11,44,8,8,1
2005,17,REG,2006-01-01,CLE,BAL,20,16,8,7,1
2005,17,REG,2006-01-01,GB,SEA,23,17,7,8,0
2005,17,REG,2006-01-01,IND,ARI,17,13,8,8,0
2005,17,REG,2006-01-01,KC,CIN,37,3,8,8,0
2005,17,REG,2006-01-01,NE,MIA,26,28,6,8,1
2005,17,REG,2006-01-01,NYJ,BUF,30,26,6,8,1
2005,17,REG,2006-01-01,PIT,DET,35,21,8,8,0
2005,17,REG,2006-01-01,TB,NO,27,13,8,8,1
2005,17,REG,2006-01-01,JAX,TEN,40,13,8,8,1
2005,17,REG,2006-01-01,SF,HOU,20,17,8,8,0
2005,17,REG,2006-01-01,MIN,CHI,34,10,7,7,1
2005,17,REG,2006-01-01,PHI,WAS,20,31,8,8,1
2005,17,REG,2006-01-01,DAL,LA,10,20,8,8,0
2005,18,WC,2006-01-07,TB,WAS,10,17,6,6,0
2005,18,WC,2006-01-07,NE,JAX,28,3,6,6,0
2005,18,WC,2006-01-08,NYG,CAR,0,23,8,7,0
2005,18,WC,2006-01-08,CIN,PIT,17,31,7,7,1
2005,19,DIV,2006-01-14,SEA,WAS,20,10,13,7,0
2005,19,DIV,2006-01-14,DEN,NE,27,13,14,7,0
2005,19,DIV,2006-01-15,IND,PIT,18,21,14,7,0
2005,19,DIV,2006-01-15,CHI,CAR,21,29,14,7,0
2005,20,CON,2006-01-22,DEN,PIT,17,34,8,7,0
2005,20,CON,2006-01-22,SEA,CAR,34,14,8,7,0
2005,21,SB,2006-02-05,PIT,SEA,21,10,14,14,0
2006,1,REG,2006-09-07,PIT,MIA,28,17,7,7,0
2006,1,REG,2006-09-10,CAR,ATL,6,20,7,7,1
2006,1,REG,2006-09-10,CLE,NO,14,19,7,7,0
2006,1,REG,2006-09-10,DET,SEA,6,9,7,7,0
2006,1,REG,2006-09-10,HOU,PHI,10,24,7,7,0
2006,1,REG,2006-09-10,KC,CIN,10,23,7,7,0
2006,1,REG,2006-09-10,NE,BUF,19,17,7,7,1
2006,1,REG,2006-09-10,LA,DEN,18,10,7,7,0
2006,1,REG,2006-09-10,TB,BAL,0,27,7,7,0
2006,1,REG,2006-09-10,TEN,NYJ,16,23,7,7,0
2006,1,REG,2006-09-10,ARI,SF,34,27,7,7,1
2006,1,REG,2006-09-10,GB,CHI,0,26,7,7,1
2006,1,REG,2006-09-10,JAX,DAL,24,17,7,7,0
2006,1,REG,2006-09-10,NYG,IND,21,26,7,7,0
2006,1,REG,2006-09-11,WAS,MIN,16,19,7,7,0
2006,1,REG,2006-09-11,LV,LAC,0,27,7,7,1
2006,2,REG,2006-09-17,ATL,TB,14,3,7,7,1
2006,2,REG,2006-09-17,BAL,LV,28,6,7,6,0
2006,2,REG,2006-09-17,CHI,DET,34,7,7,7,1
2006,2,REG,2006-09-17,CIN,CLE,34,17,7,7,1
2006,2,REG,2006-09-17,GB,NO,27,34,7,7,0
2006,2,REG,2006-09-17,IND,HOU,43,24,7,7,1
2006,2,REG,2006-09-17,MIA,BUF,6,16,10,7,1
2006,2,REG,2006-09-17,MIN,CAR,16,13,6,7,0
2006,2,REG,2006-09-17,PHI,NYG,24,30,7,7,1
2006,2,REG,2006-09-17,SEA,ARI,21,10,7,7,1
2006,2,REG,2006-09-17,SF,LA,20,13,7,7,1
2006,2,REG,2006-09-17,DEN,KC,9,6,7,7,1
2006,2,REG,2006-09-17,NYJ,NE,17,24,7,7,1
2006,2,REG,2006-09-17,LAC,TEN,40,7,6,7,0
2006,2,REG,2006-09-17,DAL,WAS,27,10,7,6,1
2006,2,REG,2006-09-18,JAX,PIT,9,0,8,11,0
2006,3,REG,2006-09-24,BUF,NYJ,20,28,7,7,1
2006,3,REG,2006-09-24,DET,GB,24,31,7,7,1
2006,3,REG,2006-09-24,HOU,WAS,15,31,7,7,0
2006,3,REG,2006-09-24,IND,JAX,21,14,7,6,1
2006,3,REG,2006-09-24,MIA,TEN,13,10,7,7,0
2006,3,REG,2006-09-24,MIN,CHI,16,19,7,7,1
2006,3,REG,2006-09-24,PIT,CIN,20,28,6,7,1
2006,3,REG,2006-09-24,TB,CAR,24,26,7,7,1
2006,3,REG,2006-09-24,CLE,BAL,14,15,7,7,1
2006,3,REG,2006-09-24,ARI,LA,14,16,7,7,1
2006,3,REG,2006-09-24,SEA,NYG,42,30,7,7,0
2006,3,REG,2006-09-24,SF,PHI,24,38,7,7,0
2006,3,REG,2006-09-24,NE,DEN,7,17,7,7,0
2006,3,REG,2006-09-25,NO,ATL,23,3,8,8,1
2006,4,REG,2006-10-01,ATL,ARI,32,10,6,7,0
2006,4,REG,2006-10-01,BAL,LAC,16,13,7,14,0
2006,4,REG,2006-10-01,BUF,MIN,17,12,7,7,0
2006,4,REG,2006-10-01,CAR,NO,21,18,7,6,1
2006,4,REG,2006-10-01,HOU,MIA,17,15,7,7,0
2006,4,REG,2006-10-01,KC,SF,41,0,14,7,0
2006,4,REG,2006-10-01,NYJ,IND,28,31,7,7,0
2006,4,REG,2006-10-01,TEN,DAL,14,45,7,14,0
2006,4,REG,2006-10-01,LA,DET,41,34,7,7,0
2006,4,REG,2006-10-01,CIN,NE,13,38,7,7,0
2006,4,REG,2006-10-01,LV,CLE,21,24,14,7,0
2006,4,REG,2006-10-01,WAS,JAX,36,30,7,7,0
2006,4,REG,2006-10-01,CHI,SEA,37,6,7,7,0
2006,4,REG,2006-10-02,PHI,GB,31,9,8,8,0
2006,5,REG,2006-10-08,CAR,CLE,20,12,7,7,0
2006,5,REG,2006-10-08,CHI,BUF,40,7,7,7,0
2006,5,REG,2006-10-08,GB,LA,20,23,6,7,0
2006,5,REG,2006-10-08,IND,TEN,14,13,7,7,1
2006,5,REG,2006-10-08,MIN,DET,26,17,7,7,1
2006,5,REG,2006-10-08,NE,MIA,20,10,7,7,1
2006,5,REG,2006-10-08,NO,TB,24,21,7,14,1
2006,5,REG,2006-10-08,NYG,WAS,19,3,14,7,1
2006,5,REG,2006-10-08,ARI,KC,20,23,7,7,0
2006,5,REG,2006-10-08,JAX,NYJ,41,0,7,7,0
2006,5,REG,2006-10-08,SF,LV,34,20,7,7,0
2006,5,REG,2006-10-08,PHI,DAL,38,24,6,7,1
2006,5,REG,2006-10-08,LAC,PIT,23,13,7,14,0
2006,5,REG,2006-10-09,DEN,BAL,13,3,15,8,0
2006,6,REG,2006-10-15,ATL,NYG,14,27,14,7,0
2006,6,REG,2006-10-15,BAL,CAR,21,23,6,7,0
2006,6,REG,2006-10-15,DAL,HOU,34,6,7,14,0
2006,6,REG,2006-10-15,DET,BUF,20,17,7,7,0
2006,6,REG,2006-10-15,NO,PHI,27,24,7,7,0
2006,6,REG,2006-10-15,LA,SEA,28,30,7,14,1
2006,6,REG,2006-10-15,TB,CIN,14,13,7,14,0
2006,6,REG,2006-10-15,WAS,TEN,22,25,7,7,0
2006,6,REG,2006-10-15,NYJ,MIA,20,17,7,7,1
2006,6,REG,2006-10-15,PIT,KC,45,7,7,7,0
2006,6,REG,2006-10-15,SF,LAC,19,48,7,7,0
2006,6,REG,2006-10-15,DEN,LV,13,3,6,7,1
2006,6,REG,2006-10-16,ARI,CHI,23,24,8,8,0
2006,7,REG,2006-10-22,ATL,PIT,41,38,7,7,0
2006,7,REG,2006-10-22,BUF,NE,6,28,7,14,1
2006,7,REG,2006-10-22,CIN,CAR,17,14,7,7,0
2006,7,REG,2006-10-22,HOU,JAX,27,7,7,14,1
2006,7,REG,2006-10-22,KC,LAC,30,27,7,7,1
2006,7,REG,2006-10-22,MIA,GB,24,34,7,14,0
2006,7,REG,2006-10-22,NYJ,DET,31,24,7,7,0
2006,7,REG,2006-10-22,TB,PHI,23,21,7,7,0
2006,7,REG,2006-10-22,CLE,DEN,7,17,14,7,0
2006,7,REG,2006-10-22,IND,WAS,36,22,14,7,0
2006,7,REG,2006-10-22,LV,ARI,22,9,7,6,0
2006,7,REG,2006-10-22,SEA,MIN,13,31,7,14,0
2006,7,REG,2006-10-23,DAL,NYG,22,36,8,8,1
2006,8,REG,2006-10-29,CHI,SF,41,10,13,14,0
2006,8,REG,2006-10-29,CIN,ATL,27,29,7,7,0
2006,8,REG,2006-10-29,GB,ARI,31,14,7,7,0
2006,8,REG,2006-10-29,KC,SEA,35,28,7,7,0
2006,8,REG,2006-10-29,NO,BAL,22,35,14,14,0
2006,8,REG,2006-10-29,NYG,TB,17,3,6,7,0
2006,8,REG,2006-10-29,PHI,JAX,6,13,7,7,0
2006,8,REG,2006-10-29,TEN,HOU,28,22,14,7,1
2006,8,REG,2006-10-29,LAC,LA,38,24,7,14,0
2006,8,REG,2006-10-29,CLE,NYJ,20,13,7,7,0
2006,8,REG,2006-10-29,DEN,IND,31,34,7,7,0
2006,8,REG,2006-10-29,LV,PIT,20,13,7,7,0
2006,8,REG,2006-10-29,CAR,DAL,14,35,7,6,0
2006,8,REG,2006-10-30,MIN,NE,7,31,8,8,0
2006,9,REG,2006-11-05,BAL,CIN,26,20,7,7,1
2006,9,REG,2006-11-05,BUF,GB,24,10,14,7,0
2006,9,REG,2006-11-05,CHI,MIA,13,31,7,14,0
2006,9,REG,2006-11-05,DET,ATL,30,14,14,7,0
2006,9,REG,2006-11-05,JAX,TEN,37,7,7,7,1
2006,9,REG,2006-11-05,NYG,HOU,14,10,7,7,0
2006,9,REG,2006-11-05,LA,KC,17,31,7,7,0
2006,9,REG,2006-11-05,TB,NO,14,31,7,7,1
2006,9,REG,2006-11-05,WAS,DAL,22,19,14,7,1
2006,9,REG,2006-11-05,SF,MIN,9,3,7,6,0
2006,9,REG,2006-11-05,PIT,DEN,20,31,7,7,0
2006,9,REG,2006-11-05,LAC,CLE,32,25,7,7,0
2006,9,REG,2006-11-05,NE,IND,20,27,6,7,0
2006,9,REG,2006-11-06,SEA,LV,16,0,8,8,0
2006,10,REG,2006-11-12,ATL,CLE,13,17,7,7,0
2006,10,REG,2006-11-12,CIN,LAC,41,49,7,7,0
2006,10,REG,2006-11-12,DET,SF,13,19,7,7,0
2006,10,REG,2006-11-12,IND,BUF,17,16,7,7,0
2006,10,REG,2006-11-12,JAX,HOU,10,13,7,7,1
2006,10,REG,2006-11-12,MIA,KC,13,10,7,7,0
2006,10,REG,2006-11-12,MIN,GB,17,23,7,7,1
2006,10,REG,2006-11-12,NE,NYJ,14,17,7,14,1
2006,10,REG,2006-11-12,PHI,WAS,27,3,14,7,1
2006,10,REG,2006-11-12,TEN,BAL,26,27,7,7,0
2006,10,REG,2006-11-12,LV,DEN,13,17,6,7,1
2006,10,REG,2006-11-12,ARI,DAL,10,27,14,7,0
2006,10,REG,2006-11-12,PIT,NO,38,31,7,7,0
2006,10,REG,2006-11-12,SEA,LA,24,22,6,7,1
2006,10,REG,2006-11-12,NYG,CHI,20,38,7,7,0
2006,10,REG,2006-11-13,CAR,TB,24,10,15,8,1
2006,11,REG,2006-11-19,BAL,ATL,24,10,7,7,0
2006,11,REG,2006-11-19,CAR,LA,15,0,6,7,0
2006,11,REG,2006-11-19,CLE,PIT,20,24,7,7,1
2006,11,REG,2006-11-19,GB,NE,0,35,7,7,0
2006,11,REG,2006-11-19,HOU,BUF,21,24,7,7,0
2006,11,REG,2006-11-19,KC,LV,17,13,7,7,1
2006,11,REG,2006-11-19,MIA,MIN,24,20,7,7,0
2006,11,REG,2006-11-19,NO,CIN,16,31,7,7,0
2006,11,REG,2006-11-19,NYJ,CHI,0,10,7,7,0
2006,11,REG,2006-11-19,PHI,TEN,13,31,7,7,0
2006,11,REG,2006-11-19,TB,WAS,20,17,6,7,0
2006,11,REG,2006-11-19,ARI,DET,17,10,7,7,0
2006,11,REG,2006-11-19,SF,SEA,20,14,7,7,1
2006,11,REG,2006-11-19,DAL,IND,21,14,7,7,0
2006,11,REG,2006-11-19,DEN,LAC,27,35,7,7,1
2006,11,REG,2006-11-20,JAX,NYG,26,10,8,8,0
2006,12,REG,2006-11-23,DET,MIA,10,27,4,4,0
2006,12,REG,2006-11-23,DAL,TB,38,10,4,4,0
2006,12,REG,2006-11-23,KC,DEN,19,10,4,4,1
2006,12,REG,2006-11-26,ATL,NO,13,31,7,7,1
2006,12,REG,2006-11-26,BAL,PIT,27,0,7,7,1
2006,12,REG,2006-11-26,BUF,JAX,27,24,7,6,0
2006,12,REG,2006-11-26,CLE,CIN,0,30,7,7,1
2006,12,REG,2006-11-26,MIN,ARI,31,26,7,7,0
2006,12,REG,2006-11-26,NYJ,HOU,26,11,7,7,0
2006,12,REG,2006-11-26,LA,SF,20,17,7,7,1
2006,12,REG,2006-11-26,WAS,CAR,17,13,7,7,0
2006,12,REG,2006-11-26,LAC,LV,21,14,7,7,1
2006,12,REG,2006-11-26,NE,CHI,17,13,7,7,0
2006,12,REG,2006-11-26,TEN,NYG,24,21,7,6,0
2006,12,REG,2006-11-26,IND,PHI,45,21,7,7,0
2006,12,REG,2006-11-27,SEA,GB,34,24,8,8,0
2006,13,REG,2006-11-30,CIN,BAL,13,7,4,4,1
2006,13,REG,2006-12-03,BUF,LAC,21,24,7,7,0
2006,13,REG,2006-12-03,CHI,MIN,23,13,7,7,1
2006,13,REG,2006-12-03,CLE,KC,31,28,7,10,0
2006,13,REG,2006-12-03,GB,NYJ,10,38,6,7,0
2006,13,REG,2006-12-03,NE,DET,28,21,7,10,0
2006,13,REG,2006-12-03,NO,SF,34,10,7,7,0
2006,13,REG,2006-12-03,LA,ARI,20,34,7,7,1
2006,13,REG,2006-12-03,TEN,IND,20,17,7,7,1
2006,13,REG,2006-12-03,WAS,ATL,14,24,7,7,0
2006,13,REG,2006-12-03,MIA,JAX,10,24,10,7,0
2006,13,REG,2006-12-03,LV,HOU,14,23,7,7,0
2006,13,REG,2006-12-03,NYG,DAL,20,23,7,10,1
2006,13,REG,2006-12-03,PIT,TB,20,3,7,10,0
2006,13,REG,2006-12-03,DEN,SEA,20,23,10,6,0
2006,13,REG,2006-12-04,PHI,CAR,27,24,8,8,0
2006,14,REG,2006-12-07,PIT,CLE,27,7,4,4,1
2006,14,REG,2006-12-10,CAR,NYG,13,27,6,7,0
2006,14,REG,2006-12-10,CIN,LV,27,10,10,7,0
2006,14,REG,2006-12-10,DET,MIN,20,30,7,7,1
2006,14,REG,2006-12-10,HOU,TEN,20,26,7,7,1
2006,14,REG,2006-12-10,JAX,IND,44,17,7,7,1
2006,14,REG,2006-12-10,KC,BAL,10,20,7,10,0
2006,14,REG,2006-12-10,MIA,NE,21,0,7,7,1
2006,14,REG,2006-12-10,TB,ATL,6,17,7,7,1
2006,14,REG,2006-12-10,WAS,PHI,19,21,7,6,1
2006,14,REG,2006-12-10,ARI,SEA,27,21,7,7,1
2006,14,REG,2006-12-10,SF,GB,19,30,7,7,0
2006,14,REG,2006-12-10,NYJ,BUF,13,31,7,7,1
2006,14,REG,2006-12-10,LAC,DEN,48,20,7,7,1
2006,14,REG,2006-12-10,DAL,NO,17,42,7,7,0
2006,14,REG,2006-12-11,LA,CHI,27,42,8,8,0
2006,15,REG,2006-12-14,SEA,SF,14,24,4,4,1
2006,15,REG,2006-12-16,ATL,DAL,28,38,6,6,0
2006,15,REG,2006-12-17,BAL,CLE,27,17,7,10,1
2006,15,REG,2006-12-17,BUF,MIA,21,0,7,7,1
2006,15,REG,2006-12-17,CAR,PIT,3,37,7,10,0
2006,15,REG,2006-12-17,CHI,TB,34,31,6,7,0
2006,15,REG,2006-12-17,GB,DET,17,9,7,7,1
2006,15,REG,2006-12-17,MIN,NYJ,13,26,7,7,0
2006,15,REG,2006-12-17,NE,HOU,40,7,7,7,0
2006,15,REG,2006-12-17,NO,WAS,10,16,7,7,0
2006,15,REG,2006-12-17,TEN,JAX,24,17,7,7,1
2006,15,REG,2006-12-17,ARI,DEN,20,37,7,7,0
2006,15,REG,2006-12-17,NYG,PHI,22,36,7,7,1
2006,15,REG,2006-12-17,LV,LA,0,20,7,6,0
2006,15,REG,2006-12-17,LAC,KC,20,9,7,7,1
2006,15,REG,2006-12-18,IND,CIN,34,16,8,8,0
2006,16,REG,2006-12-21,GB,MIN,9,7,4,4,1
2006,16,REG,2006-12-23,LV,KC,9,20,6,6,1
2006,16,REG,2006-12-24,ATL,CAR,3,10,8,7,1
2006,16,REG,2006-12-24,BUF,TEN,29,30,7,7,0
2006,16,REG,2006-12-24,CLE,TB,7,22,7,7,0
2006,16,REG,2006-12-24,DET,CHI,21,26,7,7,1
2006,16,REG,2006-12-24,HOU,IND,27,24,7,6,1
2006,16,REG,2006-12-24,JAX,NE,21,24,7,7,0
2006,16,REG,2006-12-24,NYG,NO,7,30,7,7,0
2006,16,REG,2006-12-24,PIT,BAL,7,31,7,7,1
2006,16,REG,2006-12-24,LA,WAS,37,31,7,7,0
2006,16,REG,2006-12-24,SF,ARI,20,26,10,7,1
2006,16,REG,2006-12-24,DEN,CIN,24,23,7,6,0
2006,16,REG,2006-12-24,SEA,LAC,17,20,10,7,0
2006,16,REG,2006-12-25,DAL,PHI,7,23,9,8,1
2006,16,REG,2006-12-25,MIA,NYJ,10,13,8,8,1
2006,17,REG,2006-12-30,WAS,NYG,28,34,6,6,1
2006,17,REG,2006-12-31,CIN,PIT,17,23,7,7,1
2006,17,REG,2006-12-31,DAL,DET,31,39,6,7,0
2006,17,REG,2006-12-31,HOU,CLE,14,6,7,7,0
2006,17,REG,2006-12-31,KC,JAX,35,30,8,7,0
2006,17,REG,2006-12-31,MIN,LA,21,41,10,7,0
2006,17,REG,2006-12-31,NO,CAR,21,31,7,7,1
2006,17,REG,2006-12-31,NYJ,LV,23,3,6,8,0
2006,17,REG,2006-12-31,TB,SEA,7,23,7,7,0
2006,17,REG,2006-12-31,TEN,NE,23,40,7,7,0
2006,17,REG,2006-12-31,BAL,BUF,19,7,7,7,0
2006,17,REG,2006-12-31,DEN,SF,23,26,7,7,0
2006,17,REG,2006-12-31,IND,MIA,27,22,7,6,0
2006,17,REG,2006-12-31,PHI,ATL,24,17,6,7,0
2006,17,REG,2006-12-31,LAC,ARI,27,20,7,7,0
2006,17,REG,2006-12-31,CHI,GB,7,26,7,10,1
2006,18,WC,2007-01-06,IND,KC,23,8,6,6,0
2006,18,WC,2007-01-06,SEA,DAL,21,20,6,6,0
2006,18,WC,2007-01-07,NE,NYJ,37,16,7,7,1
2006,18,WC,2007-01-07,PHI,NYG,23,20,7,8,1
2006,19,DIV,2007-01-13,BAL,IND,6,15,13,7,0
2006,19,DIV,2007-01-13,NO,PHI,27,24,13,6,0
2006,19,DIV,2007-01-14,CHI,SEA,27,24,14,8,0
2006,19,DIV,2007-01-14,LAC,NE,21,24,14,7,0
2006,20,CON,2007-01-21,CHI,NO,39,14,7,8,0
2006,20,CON,2007-01-21,IND,NE,38,34,8,7,0
2006,21,SB,2007-02-04,CHI,IND,17,29,14,14,0
2007,1,REG,2007-09-06,IND,NO,41,10,7,7,0
2007,1,REG,2007-09-09,BUF,DEN,14,15,7,7,0
2007,1,REG,2007-09-09,CLE,PIT,7,34,7,7,1
2007,1,REG,2007-09-09,GB,PHI,16,13,7,7,0
2007,1,REG,2007-09-09,HOU,KC,20,3,7,7,0
2007,1,REG,2007-09-09,JAX,TEN,10,13,7,7,1
2007,1,REG,2007-09-09,MIN,ATL,24,3,7,7,0
2007,1,REG,2007-09-09,NYJ,NE,14,38,7,7,1
2007,1,REG,2007-09-09,LA,CAR,13,27,7,7,0
2007,1,REG,2007-09-09,WAS,MIA,16,13,7,7,0
2007,1,REG,2007-09-09,LV,DET,21,36,7,7,0
2007,1,REG,2007-09-09,LAC,CHI,14,3,7,7,0
2007,1,REG,2007-09-09,SEA,TB,20,6,7,7,0
2007,1,REG,2007-09-09,DAL,NYG,45,35,7,7,1
2007,1,REG,2007-09-10,CIN,BAL,27,20,7,7,1
2007,1,REG,2007-09-10,SF,ARI,20,17,7,7,1
2007,2,REG,2007-09-16,CAR,HOU,21,34,7,7,0
2007,2,REG,2007-09-16,CLE,CIN,51,45,7,6,1
2007,2,REG,2007-09-16,JAX,ATL,13,7,7,7,0
2007,2,REG,2007-09-16,NYG,GB,13,35,7,7,0
2007,2,REG,2007-09-16,PIT,BUF,26,3,7,7,0
2007,2,REG,2007-09-16,LA,SF,16,17,7,6,1
2007,2,REG,2007-09-16,TB,NO,31,14,7,10,1
2007,2,REG,2007-09-16,TEN,IND,20,22,7,10,1
2007,2,REG,2007-09-16,ARI,SEA,23,20,6,7,1
2007,2,REG,2007-09-16,DET,MIN,20,17,7,7,1
2007,2,REG,2007-09-16,MIA,DAL,20,37,7,7,0
2007,2,REG,2007-09-16,BAL,NYJ,20,13,6,7,0
2007,2,REG,2007-09-16,CHI,KC,20,10,7,7,0
2007,2,REG,2007-09-16,DEN,LV,23,20,7,7,1
2007,2,REG,2007-09-16,NE,LAC,38,14,7,7,0
2007,2,REG,2007-09-17,PHI,WAS,12,20,8,8,1
2007,3,REG,2007-09-23,BAL,ARI,26,23,7,7,0
2007,3,REG,2007-09-23,GB,LAC,31,24,7,7,0
2007,3,REG,2007-09-23,HOU,IND,24,30,7,7,1
2007,3,REG,2007-09-23,KC,MIN,13,10,7,7,0
2007,3,REG,2007-09-23,NE,BUF,38,7,7,7,1
2007,3,REG,2007-09-23,NYJ,MIA,31,28,7,7,1
2007,3,REG,2007-09-23,PHI,DET,56,21,6,7,0
2007,3,REG,2007-09-23,PIT,SF,37,16,7,7,0
2007,3,REG,2007-09-23,TB,LA,24,3,7,7,0
2007,3,REG,2007-09-23,DEN,JAX,14,23,7,7,0
2007,3,REG,2007-09-23,LV,CLE,26,24,7,7,0
2007,3,REG,2007-09-23,SEA,CIN,24,21,7,7,0
2007,3,REG,2007-09-23,ATL,CAR,20,27,7,7,1
2007,3,REG,2007-09-23,WAS,NYG,17,24,6,7,1
2007,3,REG,2007-09-23,CHI,DAL,10,34,7,7,0
2007,3,REG,2007-09-24,NO,TEN,14,31,8,8,0
2007,4,REG,2007-09-30,ATL,HOU,26,16,7,7,0
2007,4,REG,2007-09-30,BUF,NYJ,17,14,7,7,1
2007,4,REG,2007-09-30,CLE,BAL,27,13,7,7,1
2007,4,REG,2007-09-30,DAL,LA,35,7,7,7,0
2007,4,REG,2007-09-30,DET,CHI,37,27,7,7,1
2007,4,REG,2007-09-30,MIA,LV,17,35,7,7,0
2007,4,REG,2007-09-30,MIN,GB,16,23,7,7,1
2007,4,REG,2007-09-30,CAR,TB,7,20,7,7,1
2007,4,REG,2007-09-30,SF,SEA,3,23,7,7,1
2007,4,REG,2007-09-30,ARI,PIT,21,14,7,7,0
2007,4,REG,2007-09-30,IND,DEN,38,20,7,7,0
2007,4,REG,2007-09-30,LAC,KC,16,30,7,7,1
2007,4,REG,2007-09-30,NYG,PHI,16,3,7,7,1
2007,4,REG,2007-10-01,CIN,NE,13,34,8,8,0
2007,5,REG,2007-10-07,HOU,MIA,22,19,7,7,0
2007,5,REG,2007-10-07,KC,JAX,7,17,7,14,0
2007,5,REG,2007-10-07,NE,CLE,34,17,6,7,0
2007,5,REG,2007-10-07,NO,CAR,13,16,13,7,1
2007,5,REG,2007-10-07,NYG,NYJ,35,24,7,7,0
2007,5,REG,2007-10-07,PIT,SEA,21,0,7,7,0
2007,5,REG,2007-10-07,LA,ARI,31,34,7,7,1
2007,5,REG,2007-10-07,TEN,ATL,20,13,13,7,0
2007,5,REG,2007-10-07,WAS,DET,34,3,14,7,0
2007,5,REG,2007-10-07,IND,TB,33,14,7,7,0
2007,5,REG,2007-10-07,DEN,LAC,3,41,7,7,1
2007,5,REG,2007-10-07,SF,BAL,7,9,7,7,0
2007,5,REG,2007-10-07,GB,CHI,20,27,7,7,1
2007,5,REG,2007-10-08,BUF,DAL,24,25,8,8,0
2007,6,REG,2007-10-14,BAL,LA,22,3,7,7,0
2007,6,REG,2007-10-14,CHI,MIN,31,34,7,14,1
2007,6,REG,2007-10-14,CLE,MIA,41,31,7,7,0
2007,6,REG,2007-10-14,GB,WAS,17,14,7,7,0
2007,6,REG,2007-10-14,JAX,HOU,37,17,7,7,1
2007,6,REG,2007-10-14,KC,CIN,27,20,7,13,0
2007,6,REG,2007-10-14,NYJ,PHI,9,16,7,14,0
2007,6,REG,2007-10-14,TB,TEN,13,10,7,7,0
2007,6,REG,2007-10-14,ARI,CAR,10,25,7,7,0
2007,6,REG,2007-10-14,DAL,NE,27,48,6,7,0
2007,6,REG,2007-10-14,LAC,LV,28,14,7,14,1
2007,6,REG,2007-10-14,SEA,NO,17,28,7,7,0
2007,6,REG,2007-10-15,ATL,NYG,10,31,8,8,0
2007,7,REG,2007-10-21,BUF,BAL,19,14,13,7,0
2007,7,REG,2007-10-21,DET,TB,23,16,14,7,0
2007,7,REG,2007-10-21,HOU,TEN,36,38,7,7,1
2007,7,REG,2007-10-21,MIA,NE,28,49,7,7,1
2007,7,REG,2007-10-21,NO,ATL,22,16,7,6,1
2007,7,REG,2007-10-21,NYG,SF,33,15,6,14,0
2007,7,REG,2007-10-21,WAS,ARI,21,19,7,7,0
2007,7,REG,2007-10-21,CIN,NYJ,38,31,7,7,0
2007,7,REG,2007-10-21,LV,KC,10,12,7,7,1
2007,7,REG,2007-10-21,DAL,MIN,24,14,7,7,0
2007,7,REG,2007-10-21,PHI,CHI,16,19,7,7,0
2007,7,REG,2007-10-21,SEA,LA,33,6,7,7,1
2007,7,REG,2007-10-21,DEN,PIT,31,28,14,14,0
2007,7,REG,2007-10-22,JAX,IND,7,29,8,15,1
2007,8,REG,2007-10-28,CAR,IND,7,31,14,6,0
2007,8,REG,2007-10-28,CHI,DET,7,16,7,7,1
2007,8,REG,2007-10-28,CIN,PIT,13,24,7,7,1
2007,8,REG,2007-10-28,MIA,NYG,10,13,7,7,0
2007,8,REG,2007-10-28,MIN,PHI,16,23,7,7,0
2007,8,REG,2007-10-28,LA,CLE,20,27,7,14,0
2007,8,REG,2007-10-28,TEN,LV,13,9,7,7,0
2007,8,REG,2007-10-28,NYJ,BUF,3,13,7,7,1
2007,8,REG,2007-10-28,LAC,HOU,35,10,14,7,0
2007,8,REG,2007-10-28,TB,JAX,23,24,7,6,0
2007,8,REG,2007-10-28,NE,WAS,52,7,7,7,0
2007,8,REG,2007-10-28,SF,NO,10,31,7,7,0
2007,8,REG,2007-10-29,DEN,GB,13,19,8,15,0
2007,9,REG,2007-11-04,ATL,SF,20,16,14,7,0
2007,9,REG,2007-11-04,BUF,CIN,33,21,7,7,0
2007,9,REG,2007-11-04,DET,DEN,44,7,7,6,0
2007,9,REG,2007-11-04,KC,GB,22,33,14,6,0
2007,9,REG,2007-11-04,MIN,LAC,35,17,7,7,0
2007,9,REG,2007-11-04,NO,JAX,41,24,7,7,0
2007,9,REG,2007-11-04,NYJ,WAS,20,23,7,7,0
2007,9,REG,2007-11-04,TB,ARI,17,10,7,14,0
2007,9,REG,2007-11-04,TEN,CAR,20,7,7,7,0
2007,9,REG,2007-11-04,CLE,SEA,33,30,7,14,0
2007,9,REG,2007-11-04,IND,NE,20,24,7,7,0
2007,9,REG,2007-11-04,LV,HOU,17,24,7,7,0
2007,9,REG,2007-11-04,PHI,DAL,17,38,7,14,1
2007,9,REG,2007-11-05,PIT,BAL,38,7,8,15,1
2007,10,REG,2007-11-11,CAR,ATL,13,20,7,7,1
2007,10,REG,2007-11-11,GB,MIN,34,0,7,7,1
2007,10,REG,2007-11-11,KC,DEN,11,27,7,7,1
2007,10,REG,2007-11-11,MIA,BUF,10,13,14,7,1
2007,10,REG,2007-11-11,NO,LA,29,37,7,14,0
2007,10,REG,2007-11-11,PIT,CLE,31,28,6,7,1
2007,10,REG,2007-11-11,TEN,JAX,13,28,7,7,1
2007,10,REG,2007-11-11,WAS,PHI,25,33,7,7,1
2007,10,REG,2007-11-11,BAL,CIN,7,21,6,7,1
2007,10,REG,2007-11-11,ARI,DET,31,21,7,7,0
2007,10,REG,2007-11-11,NYG,DAL,20,31,14,7,1
2007,10,REG,2007-11-11,LV,CHI,6,17,7,14,0
2007,10,REG,2007-11-11,LAC,IND,23,21,7,7,0
2007,10,REG,2007-11-12,SEA,SF,24,0,8,8,1
2007,11,REG,2007-11-18,ATL,TB,7,31,7,14,1
2007,11,REG,2007-11-18,BAL,CLE,30,33,7,7,1
2007,11,REG,2007-11-18,CIN,ARI,27,35,7,7,0
2007,11,REG,2007-11-18,DET,NYG,10,16,7,7,0
2007,11,REG,2007-11-18,GB,CAR,31,17,7,7,0
2007,11,REG,2007-11-18,HOU,NO,23,10,14,7,0
2007,11,REG,2007-11-18,IND,KC,13,10,7,7,0
2007,11,REG,2007-11-18,JAX,LAC,24,17,7,7,0
2007,11,REG,2007-11-18,MIN,LV,29,22,7,7,0
2007,11,REG,2007-11-18,PHI,MIA,17,7,7,7,0
2007,11,REG,2007-11-18,NYJ,PIT,19,16,14,7,0
2007,11,REG,2007-11-18,DAL,WAS,28,23,7,7,1
2007,11,REG,2007-11-18,SEA,CHI,30,23,6,7,0
2007,11,REG,2007-11-18,SF,LA,9,13,6,7,1
2007,11,REG,2007-11-18,BUF,NE,10,56,7,14,1
2007,11,REG,2007-11-19,DEN,TEN,34,20,8,8,0
2007,12,REG,2007-11-22,DET,GB,26,37,4,4,1
2007,12,REG,2007-11-22,DAL,NYJ,34,3,4,4,0
2007,12,REG,2007-11-22,ATL,IND,13,31,4,4,0
2007,12,REG,2007-11-25,CAR,NO,6,31,7,7,1
2007,12,REG,2007-11-25,CIN,TEN,35,6,7,6,0
2007,12,REG,2007-11-25,CLE,HOU,27,17,7,7,0
2007,12,REG,2007-11-25,JAX,BUF,36,14,7,7,0
2007,12,REG,2007-11-25,KC,LV,17,20,7,7,1
2007,12,REG,2007-11-25,NYG,MIN,17,41,7,7,0
2007,12,REG,2007-11-25,LA,SEA,19,24,7,7,1
2007,12,REG,2007-11-25,TB,WAS,19,13,7,7,0
2007,12,REG,2007-11-25,ARI,SF,31,37,7,7,1
2007,12,REG,2007-11-25,CHI,DEN,37,34,7,6,0
2007,12,REG,2007-11-25,LAC,BAL,32,14,7,7,0
2007,12,REG,2007-11-25,NE,PHI,31,28,7,7,0
2007,12,REG,2007-11-26,PIT,MIA,3,0,8,8,0
2007,13,REG,2007-11-29,DAL,GB,37,27,7,7,0
2007,13,REG,2007-12-02,CAR,SF,31,14,7,7,0
2007,13,REG,2007-12-02,IND,JAX,28,25,10,7,1
2007,13,REG,2007-12-02,KC,LAC,10,24,7,7,1
2007,13,REG,2007-12-02,MIA,NYJ,13,40,6,10,1
2007,13,REG,2007-12-02,MIN,DET,42,10,7,10,1
2007,13,REG,2007-12-02,PHI,SEA,24,28,7,7,0
2007,13,REG,2007-12-02,LA,ATL,28,16,7,10,0
2007,13,REG,2007-12-02,TEN,HOU,28,20,7,7,1
2007,13,REG,2007-12-02,WAS,BUF,16,17,7,7,0
2007,13,REG,2007-12-02,ARI,CLE,27,21,7,7,0
2007,13,REG,2007-12-02,LV,DEN,34,20,7,7,1
2007,13,REG,2007-12-02,CHI,NYG,16,21,7,7,0
2007,13,REG,2007-12-02,NO,TB,23,27,7,7,1
2007,13,REG,2007-12-02,PIT,CIN,24,10,6,7,1
2007,13,REG,2007-12-03,BAL,NE,24,27,8,8,0
2007,14,REG,2007-12-06,WAS,CHI,24,16,4,4,0
2007,14,REG,2007-12-09,BUF,MIA,38,17,7,7,1
2007,14,REG,2007-12-09,CIN,LA,19,10,7,7,0
2007,14,REG,2007-12-09,DET,DAL,27,28,7,10,0
2007,14,REG,2007-12-09,GB,LV,38,7,10,7,0
2007,14,REG,2007-12-09,HOU,TB,28,14,7,7,0
2007,14,REG,2007-12-09,JAX,CAR,37,6,7,7,0
2007,14,REG,2007-12-09,PHI,NYG,13,16,7,7,1
2007,14,REG,2007-12-09,TEN,LAC,17,23,7,7,0
2007,14,REG,2007-12-09,SEA,ARI,42,21,7,7,1
2007,14,REG,2007-12-09,SF,MIN,7,27,7,7,0
2007,14,REG,2007-12-09,DEN,KC,41,7,7,7,1
2007,14,REG,2007-12-09,NE,PIT,34,13,6,7,0
2007,14,REG,2007-12-09,NYJ,CLE,18,24,7,7,0
2007,14,REG,2007-12-09,BAL,IND,20,44,6,7,0
2007,14,REG,2007-12-10,ATL,NO,14,34,8,8,1
2007,15,REG,2007-12-13,HOU,DEN,31,13,4,4,0
2007,15,REG,2007-12-15,SF,CIN,20,13,6,6,0
2007,15,REG,2007-12-16,CAR,SEA,13,10,7,7,0
2007,15,REG,2007-12-16,CLE,BUF,8,0,7,7,0
2007,15,REG,2007-12-16,KC,TEN,17,26,7,7,0
2007,15,REG,2007-12-16,MIA,BAL,22,16,7,7,0
2007,15,REG,2007-12-16,NE,NYJ,20,10,7,7,1
2007,15,REG,2007-12-16,NO,ARI,31,24,6,7,0
2007,15,REG,2007-12-16,PIT,JAX,22,29,7,7,0
2007,15,REG,2007-12-16,LA,GB,14,33,7,7,0
2007,15,REG,2007-12-16,TB,ATL,37,3,7,6,1
2007,15,REG,2007-12-16,LV,IND,14,21,7,7,0
2007,15,REG,2007-12-16,DAL,PHI,6,10,7,7,1
2007,15,REG,2007-12-16,LAC,DET,51,14,7,7,0
2007,15,REG,2007-12-16,NYG,WAS,10,22,7,10,1
2007,15,REG,2007-12-17,MIN,CHI,20,13,8,11,1
2007,16,REG,2007-12-20,LA,PIT,24,41,4,4,0
2007,16,REG,2007-12-22,CAR,DAL,13,20,6,6,0
2007,16,REG,2007-12-23,BUF,NYG,21,38,7,7,0
2007,16,REG,2007-12-23,CHI,GB,35,7,6,7,1
2007,16,REG,2007-12-23,CIN,CLE,19,14,8,7,1
2007,16,REG,2007-12-23,DET,KC,25,20,7,7,0
2007,16,REG,2007-12-23,IND,HOU,38,15,7,10,1
2007,16,REG,2007-12-23,JAX,LV,49,11,7,7,0
2007,16,REG,2007-12-23,NO,PHI,23,38,7,7,0
2007,16,REG,2007-12-23,ARI,ATL,30,27,7,7,0
2007,16,REG,2007-12-23,SF,TB,21,19,8,7,0
2007,16,REG,2007-12-23,NE,MIA,28,7,7,7,1
2007,16,REG,2007-12-23,SEA,BAL,27,6,7,7,0
2007,16,REG,2007-12-23,TEN,NYJ,10,6,7,7,0
2007,16,REG,2007-12-23,MIN,WAS,21,32,6,7,0
2007,16,REG,2007-12-24,LAC,DEN,23,3,8,11,1
2007,17,REG,2007-12-29,NYG,NE,35,38,6,6,0
2007,17,REG,2007-12-30,ATL,SEA,44,41,7,7,0
2007,17,REG,2007-12-30,CHI,NO,33,25,7,7,0
2007,17,REG,2007-12-30,CLE,SF,20,7,7,7,0
2007,17,REG,2007-12-30,GB,DET,34,13,7,7,1
2007,17,REG,2007-12-30,HOU,JAX,42,28,7,7,1
2007,17,REG,2007-12-30,MIA,CIN,25,38,7,7,0
2007,17,REG,2007-12-30,PHI,BUF,17,9,7,7,0
2007,17,REG,2007-12-30,TB,CAR,23,31,7,8,1
2007,17,REG,2007-12-30,ARI,LA,48,19,7,10,1
2007,17,REG,2007-12-30,BAL,PIT,27,21,7,10,1
2007,17,REG,2007-12-30,DEN,MIN,22,19,6,7,0
2007,17,REG,2007-12-30,NYJ,KC,13,10,7,7,0
2007,17,REG,2007-12-30,LV,LAC,17,30,7,6,1
2007,17,REG,2007-12-30,WAS,DAL,27,6,7,8,1
2007,17,REG,2007-12-30,IND,TEN,10,16,7,7,1
2007,18,WC,2008-01-05,SEA,WAS,35,14,6,6,0
2007,18,WC,2008-01-05,PIT,JAX,29,31,6,6,0
2007,18,WC,2008-01-06,TB,NYG,14,24,7,8,0
2007,18,WC,2008-01-06,LAC,TEN,17,6,7,7,0
2007,19,DIV,2008-01-12,GB,SEA,42,20,13,7,0
2007,19,DIV,2008-01-12,NE,JAX,31,20,14,7,0
2007,19,DIV,2008-01-13,IND,LAC,24,28,14,7,0
2007,19,DIV,2008-01-13,DAL,NYG,17,21,14,7,1
2007,20,CON,2008-01-20,NE,LAC,21,12,8,7,0
2007,20,CON,2008-01-20,GB,NYG,20,23,8,7,0
2007,21,SB,2008-02-03,NE,NYG,14,17,14,14,0
2008,1,REG,2008-09-04,NYG,WAS,16,7,7,7,1
2008,1,REG,2008-09-07,ATL,DET,34,21,7,7,0
2008,1,REG,2008-09-07,BAL,CIN,17,10,7,7,1
2008,1,REG,2008-09-07,BUF,SEA,34,10,7,7,0
2008,1,REG,2008-09-07,MIA,NYJ,14,20,7,7,1
2008,1,REG,2008-09-07,NE,KC,17,10,7,7,0
2008,1,REG,2008-09-07,NO,TB,24,20,7,7,1
2008,1,REG,2008-09-07,PHI,LA,38,3,7,7,0
2008,1,REG,2008-09-07,PIT,HOU,38,17,7,7,0
2008,1,REG,2008-09-07,TEN,JAX,17,10,7,7,1
2008,1,REG,2008-09-07,CLE,DAL,10,28,7,7,0
2008,1,REG,2008-09-07,LAC,CAR,24,26,7,7,0
2008,1,REG,2008-09-07,SF,ARI,13,23,7,7,1
2008,1,REG,2008-09-07,IND,CHI,13,29,7,7,0
2008,1,REG,2008-09-08,GB,MIN,24,19,7,7,1
2008,1,REG,2008-09-08,LV,DEN,14,41,7,7,1
2008,2,REG,2008-09-14,CAR,CHI,20,17,7,7,0
2008,2,REG,2008-09-14,CIN,TEN,7,24,7,7,0
2008,2,REG,2008-09-14,DET,GB,25,48,7,6,1
2008,2,REG,2008-09-14,JAX,BUF,16,20,7,7,0
2008,2,REG,2008-09-14,KC,LV,8,23,7,6,1
2008,2,REG,2008-09-14,MIN,IND,15,18,6,7,0
2008,2,REG,2008-09-14,LA,NYG,13,41,7,10,0
2008,2,REG,2008-09-14,WAS,NO,29,24,10,7,0
2008,2,REG,2008-09-14,SEA,SF,30,33,7,7,1
2008,2,REG,2008-09-14,TB,ATL,24,9,7,7,1
2008,2,REG,2008-09-14,ARI,MIA,31,10,7,7,0
2008,2,REG,2008-09-14,DEN,LAC,39,38,6,7,1
2008,2,REG,2008-09-14,NYJ,NE,10,19,7,7,1
2008,2,REG,2008-09-14,CLE,PIT,6,10,7,7,1
2008,2,REG,2008-09-15,DAL,PHI,41,37,8,8,1
2008,3,REG,2008-09-21,ATL,KC,38,14,7,7,0
2008,3,REG,2008-09-21,BUF,LV,24,23,7,7,0
2008,3,REG,2008-09-21,CHI,TB,24,27,7,7,0
2008,3,REG,2008-09-21,MIN,CAR,20,10,7,7,0
2008,3,REG,2008-09-21,NE,MIA,13,38,7,7,1
2008,3,REG,2008-09-21,NYG,CIN,26,23,7,7,0
2008,3,REG,2008-09-21,TEN,HOU,31,12,7,14,1
2008,3,REG,2008-09-21,WAS,ARI,24,17,7,7,0
2008,3,REG,2008-09-21,DEN,NO,34,32,7,7,0
2008,3,REG,2008-09-21,SEA,LA,37,13,7,7,1
2008,3,REG,2008-09-21,SF,DET,31,13,7,7,0
2008,3,REG,2008-09-21,BAL,CLE,28,10,14,7,1
2008,3,REG,2008-09-21,IND,JAX,21,23,7,7,1
2008,3,REG,2008-09-21,PHI,PIT,15,6,6,7,0
2008,3,REG,2008-09-21,GB,DAL,16,27,7,6,0
2008,3,REG,2008-09-22,LAC,NYJ,48,29,8,8,0
2008,4,REG,2008-09-28,CAR,ATL,24,9,7,7,1
2008,4,REG,2008-09-28,CIN,CLE,12,20,7,7,1
2008,4,REG,2008-09-28,JAX,HOU,30,27,7,7,1
2008,4,REG,2008-09-28,KC,DEN,33,19,7,7,1
2008,4,REG,2008-09-28,NO,SF,31,17,7,7,0
2008,4,REG,2008-09-28,NYJ,ARI,56,35,6,7,0
2008,4,REG,2008-09-28,TB,GB,30,21,7,7,0
2008,4,REG,2008-09-28,TEN,MIN,30,17,7,7,0
2008,4,REG,2008-09-28,LV,LAC,18,28,7,6,1
2008,4,REG,2008-09-28,LA,BUF,14,31,7,7,0
2008,4,REG,2008-09-28,DAL,WAS,24,26,7,7,1
2008,4,REG,2008-09-28,CHI,PHI,24,20,7,7,0
2008,4,REG,2008-09-29,PIT,BAL,23,20,8,8,1
2008,5,REG,2008-10-05,BAL,TEN,10,13,6,7,0
2008,5,REG,2008-10-05,CAR,KC,34,0,7,7,0
2008,5,REG,2008-10-05,DET,CHI,7,34,14,7,1
2008,5,REG,2008-10-05,GB,ATL,24,27,7,7,0
2008,5,REG,2008-10-05,HOU,IND,27,31,7,14,1
2008,5,REG,2008-10-05,MIA,LAC,17,10,14,7,0
2008,5,REG,2008-10-05,NYG,SEA,44,6,14,14,0
2008,5,REG,2008-10-05,PHI,WAS,17,23,7,7,1
2008,5,REG,2008-10-05,DEN,TB,16,13,7,7,0
2008,5,REG,2008-10-05,ARI,BUF,41,17,7,7,0
2008,5,REG,2008-10-05,DAL,CIN,31,22,7,7,0
2008,5,REG,2008-10-05,SF,NE,21,30,7,14,0
2008,5,REG,2008-10-05,JAX,PIT,21,26,7,6,0
2008,5,REG,2008-10-06,NO,MIN,27,30,8,8,0
2008,6,REG,2008-10-12,ATL,CHI,22,20,7,7,0
2008,6,REG,2008-10-12,HOU,MIA,29,28,7,7,0
2008,6,REG,2008-10-12,IND,BAL,31,3,7,7,0
2008,6,REG,2008-10-12,MIN,DET,12,10,6,7,1
2008,6,REG,2008-10-12,NO,LV,34,3,6,14,0
2008,6,REG,2008-10-12,NYJ,CIN,26,14,14,7,0
2008,6,REG,2008-10-12,TB,CAR,27,3,7,7,1
2008,6,REG,2008-10-12,WAS,LA,17,19,7,14,0
2008,6,REG,2008-10-12,DEN,JAX,17,24,7,7,0
2008,6,REG,2008-10-12,ARI,DAL,30,24,7,7,0
2008,6,REG,2008-10-12,SEA,GB,17,27,7,7,0
2008,6,REG,2008-10-12,SF,PHI,26,40,7,7,0
2008,6,REG,2008-10-12,LAC,NE,30,10,7,7,0
2008,6,REG,2008-10-13,CLE,NYG,35,14,15,8,0
2008,7,REG,2008-10-19,BUF,LAC,23,14,14,7,0
2008,7,REG,2008-10-19,CAR,NO,30,7,7,7,1
2008,7,REG,2008-10-19,CHI,MIN,48,41,7,7,1
2008,7,REG,2008-10-19,CIN,PIT,10,38,7,14,1
2008,7,REG,2008-10-19,KC,TEN,10,34,14,14,0
2008,7,REG,2008-10-19,MIA,BAL,13,27,7,7,0
2008,7,REG,2008-10-19,NYG,SF,29,17,6,7,0
2008,7,REG,2008-10-19,LA,DAL,34,14,7,7,0
2008,7,REG,2008-10-19,HOU,DET,28,21,7,7,0
2008,7,REG,2008-10-19,GB,IND,34,14,7,7,0
2008,7,REG,2008-10-19,LV,NYJ,16,13,7,7,0
2008,7,REG,2008-10-19,WAS,CLE,14,11,7,6,0
2008,7,REG,2008-10-19,TB,SEA,20,10,7,7,0
2008,7,REG,2008-10-20,NE,DEN,41,7,8,8,0
2008,8,REG,2008-10-26,BAL,LV,29,10,7,7,0
2008,8,REG,2008-10-26,CAR,ARI,27,23,7,14,0
2008,8,REG,2008-10-26,DAL,TB,13,9,7,7,0
2008,8,REG,2008-10-26,DET,WAS,17,25,7,7,0
2008,8,REG,2008-10-26,MIA,BUF,25,16,7,7,1
2008,8,REG,2008-10-26,NE,LA,23,16,6,7,0
2008,8,REG,2008-10-26,NO,LAC,37,32,7,7,0
2008,8,REG,2008-10-26,NYJ,KC,28,24,7,7,0
2008,8,REG,2008-10-26,PHI,ATL,27,14,14,14,0
2008,8,REG,2008-10-26,HOU,CIN,35,6,7,7,0
2008,8,REG,2008-10-26,JAX,CLE,17,23,14,7,0
2008,8,REG,2008-10-26,PIT,NYG,14,21,7,7,0
2008,8,REG,2008-10-26,SF,SEA,13,34,7,7,1
2008,8,REG,2008-10-27,TEN,IND,31,21,8,8,1
2008,9,REG,2008-11-02,BUF,NYJ,17,26,7,7,1
2008,9,REG,2008-11-02,CHI,DET,27,23,14,7,1
2008,9,REG,2008-11-02,CIN,JAX,21,19,7,7,0
2008,9,REG,2008-11-02,CLE,BAL,27,37,7,7,1
2008,9,REG,2008-11-02,KC,TB,27,30,7,7,0
2008,9,REG,2008-11-02,MIN,HOU,28,21,14,7,0
2008,9,REG,2008-11-02,LA,ARI,13,34,7,7,1
2008,9,REG,2008-11-02,TEN,GB,19,16,6,14,0
2008,9,REG,2008-11-02,DEN,MIA,17,26,13,7,0
2008,9,REG,2008-11-02,NYG,DAL,35,14,7,7,1
2008,9,REG,2008-11-02,LV,ATL,0,24,7,7,0
2008,9,REG,2008-11-02,SEA,PHI,7,26,7,7,0
2008,9,REG,2008-11-02,IND,NE,18,15,6,7,0
2008,9,REG,2008-11-03,WAS,PIT,6,23,8,8,0
2008,10,REG,2008-11-06,CLE,DEN,30,34,4,4,0
2008,10,REG,2008-11-09,ATL,NO,34,20,7,14,1
2008,10,REG,2008-11-09,CHI,TEN,14,21,7,7,0
2008,10,REG,2008-11-09,DET,JAX,14,38,7,7,0
2008,10,REG,2008-11-09,HOU,BAL,13,41,7,7,0
2008,10,REG,2008-11-09,MIA,SEA,21,19,7,7,0
2008,10,REG,2008-11-09,MIN,GB,28,27,7,7,1
2008,10,REG,2008-11-09,NE,BUF,20,10,7,7,1
2008,10,REG,2008-11-09,NYJ,LA,47,3,7,7,0
2008,10,REG,2008-11-09,LV,CAR,6,17,7,14,0
2008,10,REG,2008-11-09,PIT,IND,20,24,6,7,0
2008,10,REG,2008-11-09,LAC,KC,20,19,14,7,1
2008,10,REG,2008-11-09,PHI,NYG,31,36,7,7,1
2008,10,REG,2008-11-10,ARI,SF,29,24,8,15,1
2008,11,REG,2008-11-13,NE,NYJ,31,34,4,4,1
2008,11,REG,2008-11-16,ATL,DEN,20,24,7,10,0
2008,11,REG,2008-11-16,CAR,DET,31,22,7,7,0
2008,11,REG,2008-11-16,CIN,PHI,13,13,14,7,0
2008,11,REG,2008-11-16,GB,CHI,37,3,7,7,1
2008,11,REG,2008-11-16,IND,HOU,33,27,7,7,1
2008,11,REG,2008-11-16,KC,NO,20,30,7,7,0
2008,11,REG,2008-11-16,MIA,LV,17,15,7,7,0
2008,11,REG,2008-11-16,NYG,BAL,30,10,7,7,0
2008,11,REG,2008-11-16,TB,MIN,19,13,14,7,0
2008,11,REG,2008-11-16,SEA,ARI,20,26,7,6,1
2008,11,REG,2008-11-16,SF,LA,35,16,6,7,1
2008,11,REG,2008-11-16,JAX,TEN,14,24,7,7,1
2008,11,REG,2008-11-16,PIT,LAC,11,10,7,7,0
2008,11,REG,2008-11-16,WAS,DAL,10,14,13,14,1
2008,11,REG,2008-11-17,BUF,CLE,27,29,8,11,0
2008,12,REG,2008-11-20,PIT,CIN,27,10,4,4,1
2008,12,REG,2008-11-23,BAL,PHI,36,7,7,7,0
2008,12,REG,2008-11-23,CLE,HOU,6,16,6,7,0
2008,12,REG,2008-11-23,DAL,SF,35,22,7,7,0
2008,12,REG,2008-11-23,DET,TB,20,38,7,7,0
2008,12,REG,2008-11-23,JAX,MIN,12,30,7,7,0
2008,12,REG,2008-11-23,KC,BUF,31,54,7,6,0
2008,12,REG,2008-11-23,MIA,NE,28,48,7,10,1
2008,12,REG,2008-11-23,LA,CHI,3,27,7,7,0
2008,12,REG,2008-11-23,TEN,NYJ,13,34,7,10,0
2008,12,REG,2008-11-23,DEN,LV,10,31,7,7,1
2008,12,REG,2008-11-23,ARI,NYG,29,37,7,7,0
2008,12,REG,2008-11-23,ATL,CAR,45,28,7,7,1
2008,12,REG,2008-11-23,SEA,WAS,17,20,7,7,0
2008,12,REG,2008-11-23,LAC,IND,20,23,7,7,0
2008,12,REG,2008-11-24,NO,GB,51,29,8,8,0
2008,13,REG,2008-11-27,DET,TEN,10,47,4,4,0
2008,13,REG,2008-11-27,DAL,SEA,34,9,4,4,0
2008,13,REG,2008-11-27,PHI,ARI,48,20,4,4,0
2008,13,REG,2008-11-30,BUF,SF,3,10,7,7,0
2008,13,REG,2008-11-30,CIN,BAL,3,34,10,7,1
2008,13,REG,2008-11-30,CLE,IND,6,10,7,7,0
2008,13,REG,2008-11-30,GB,CAR,31,35,6,7,0
2008,13,REG,2008-11-30,LA,MIA,12,16,7,7,0
2008,13,REG,2008-11-30,TB,NO,23,20,7,6,1
2008,13,REG,2008-11-30,WAS,NYG,7,23,7,7,1
2008,13,REG,2008-11-30,LAC,ATL,16,22,7,7,0
2008,13,REG,2008-11-30,NE,PIT,10,33,7,10,0
2008,13,REG,2008-11-30,NYJ,DEN,17,34,7,7,0
2008,13,REG,2008-11-30,LV,KC,13,20,7,7,1
2008,13,REG,2008-11-30,MIN,CHI,34,14,7,7,1
2008,13,REG,2008-12-01,HOU,JAX,30,17,8,8,1
2008,14,REG,2008-12-04,LAC,LV,34,7,4,4,1
2008,14,REG,2008-12-07,CHI,JAX,23,10,7,6,0
2008,14,REG,2008-12-07,DET,MIN,16,20,10,7,1
2008,14,REG,2008-12-07,GB,HOU,21,24,7,6,0
2008,14,REG,2008-12-07,IND,CIN,35,3,7,7,0
2008,14,REG,2008-12-07,NO,ATL,29,25,7,7,1
2008,14,REG,2008-12-07,NYG,PHI,14,20,7,10,1
2008,14,REG,2008-12-07,TEN,CLE,28,9,10,7,0
2008,14,REG,2008-12-07,BUF,MIA,3,16,7,7,1
2008,14,REG,2008-12-07,DEN,KC,24,17,7,7,1
2008,14,REG,2008-12-07,SEA,NE,21,24,10,7,0
2008,14,REG,2008-12-07,SF,NYJ,24,14,7,7,0
2008,14,REG,2008-12-07,ARI,LA,34,10,10,7,1
2008,14,REG,2008-12-07,PIT,DAL,20,13,7,10,0
2008,14,REG,2008-12-07,BAL,WAS,24,10,7,7,0
2008,14,REG,2008-12-08,CAR,TB,38,23,8,8,1
2008,15,REG,2008-12-11,CHI,NO,27,24,4,4,0
2008,15,REG,2008-12-14,ATL,TB,13,10,7,6,1
2008,15,REG,2008-12-14,CIN,WAS,20,13,7,7,0
2008,15,REG,2008-12-14,HOU,TEN,13,12,7,7,1
2008,15,REG,2008-12-14,IND,DET,31,21,7,7,0
2008,15,REG,2008-12-14,JAX,GB,20,16,7,7,0
2008,15,REG,2008-12-14,KC,LAC,21,22,7,10,1
2008,15,REG,2008-12-14,MIA,SF,14,9,7,7,0
2008,15,REG,2008-12-14,NYJ,BUF,31,27,7,7,1
2008,15,REG,2008-12-14,LA,SEA,20,23,7,7,1
2008,15,REG,2008-12-14,ARI,MIN,14,35,7,7,0
2008,15,REG,2008-12-14,BAL,PIT,9,13,7,7,1
2008,15,REG,2008-12-14,CAR,DEN,30,10,6,7,0
2008,15,REG,2008-12-14,LV,NE,26,49,10,7,0
2008,15,REG,2008-12-14,DAL,NYG,20,8,7,7,1
2008,15,REG,2008-12-15,PHI,CLE,30,10,8,8,0
2008,16,REG,2008-12-18,JAX,IND,24,31,4,4,1
2008,16,REG,2008-12-20,DAL,BAL,24,33,6,6,0
2008,16,REG,2008-12-21,CLE,CIN,0,14,6,7,1
2008,16,REG,2008-12-21,DET,NO,7,42,7,10,0
2008,16,REG,2008-12-21,KC,MIA,31,38,7,7,0
2008,16,REG,2008-12-21,NE,ARI,47,7,7,7,0
2008,16,REG,2008-12-21,LA,SF,16,17,7,7,1
2008,16,REG,2008-12-21,TB,LAC,24,41,7,7,0
2008,16,REG,2008-12-21,TEN,PIT,31,14,7,7,0
2008,16,REG,2008-12-21,DEN,BUF,23,30,7,7,0
2008,16,REG,2008-12-21,LV,HOU,27,16,7,7,0
2008,16,REG,2008-12-21,SEA,NYJ,13,3,7,7,0
2008,16,REG,2008-12-21,MIN,ATL,17,24,7,7,0
2008,16,REG,2008-12-21,WAS,PHI,10,3,7,6,1
2008,16,REG,2008-12-21,NYG,CAR,34,28,7,7,0
2008,16,REG,2008-12-22,CHI,GB,20,17,11,8,1
2008,17,REG,2008-12-28,ATL,LA,31,27,7,7,0
2008,17,REG,2008-12-28,BUF,NE,0,13,7,7,1
2008,17,REG,2008-12-28,CIN,KC,16,6,7,7,0
2008,17,REG,2008-12-28,GB,DET,31,21,6,7,1
2008,17,REG,2008-12-28,HOU,CHI,31,24,7,6,0
2008,17,REG,2008-12-28,IND,TEN,23,0,10,7,1
2008,17,REG,2008-12-28,MIN,NYG,20,19,7,7,0
2008,17,REG,2008-12-28,NO,CAR,31,33,7,7,1
2008,17,REG,2008-12-28,PIT,CLE,31,0,7,7,1
2008,17,REG,2008-12-28,TB,LV,24,31,7,7,0
2008,17,REG,2008-12-28,ARI,SEA,34,21,7,7,1
2008,17,REG,2008-12-28,BAL,JAX,27,7,8,10,0
2008,17,REG,2008-12-28,NYJ,MIA,17,24,7,7,1
2008,17,REG,2008-12-28,PHI,DAL,44,6,7,8,1
2008,17,REG,2008-12-28,SF,WAS,27,24,7,7,0
2008,17,REG,2008-12-28,LAC,DEN,52,21,7,7,1
2008,18,WC,2009-01-03,ARI,ATL,30,24,6,6,0
2008,18,WC,2009-01-03,LAC,IND,23,17,6,6,0
2008,18,WC,2009-01-04,MIA,BAL,9,27,7,7,0
2008,18,WC,2009-01-04,MIN,PHI,14,26,7,7,0
2008,19,DIV,2009-01-10,TEN,BAL,10,13,13,6,0
2008,19,DIV,2009-01-10,CAR,ARI,13,33,13,7,0
2008,19,DIV,2009-01-11,NYG,PHI,11,23,14,7,1
2008,19,DIV,2009-01-11,PIT,LAC,35,24,14,8,0
2008,20,CON,2009-01-18,ARI,PHI,32,25,8,7,0
2008,20,CON,2009-01-18,PIT,BAL,23,14,7,8,1
2008,21,SB,2009-02-01,ARI,PIT,23,27,14,14,0
2009,1,REG,2009-09-10,PIT,TEN,13,10,7,7,0
2009,1,REG,2009-09-13,ATL,MIA,19,7,7,7,0
2009,1,REG,2009-09-13,BAL,KC,38,24,7,7,0
2009,1,REG,2009-09-13,CAR,PHI,10,38,7,7,0
2009,1,REG,2009-09-13,CIN,DEN,7,12,7,7,0
2009,1,REG,2009-09-13,CLE,MIN,20,34,7,7,0
2009,1,REG,2009-09-13,HOU,NYJ,7,24,7,7,0
2009,1,REG,2009-09-13,IND,JAX,14,12,7,7,1
2009,1,REG,2009-09-13,NO,DET,45,27,7,7,0
2009,1,REG,2009-09-13,TB,DAL,21,34,7,7,0
2009,1,REG,2009-09-13,ARI,SF,16,20,7,7,1
2009,1,REG,2009-09-13,NYG,WAS,23,17,7,7,1
2009,1,REG,2009-09-13,SEA,LA,28,0,7,7,1
2009,1,REG,2009-09-13,GB,CHI,21,15,7,7,1
2009,1,REG,2009-09-14,NE,BUF,25,24,7,7,1
2009,1,REG,2009-09-14,LV,LAC,20,24,7,7,1
2009,2,REG,2009-09-20,ATL,CAR,28,20,7,7,1
2009,2,REG,2009-09-20,DET,MIN,13,27,7,7,1
2009,2,REG,2009-09-20,GB,CIN,24,31,7,7,0
2009,2,REG,2009-09-20,JAX,ARI,17,31,7,7,0
2009,2,REG,2009-09-20,KC,LV,10,13,7,6,1
2009,2,REG,2009-09-20,NYJ,NE,16,9,7,6,1
2009,2,REG,2009-09-20,PHI,NO,22,48,7,7,0
2009,2,REG,2009-09-20,TEN,HOU,31,34,10,7,1
2009,2,REG,2009-09-20,WAS,LA,9,7,7,7,0
2009,2,REG,2009-09-20,BUF,TB,33,20,6,7,0
2009,2,REG,2009-09-20,SF,SEA,23,10,7,7,1
2009,2,REG,2009-09-20,CHI,PIT,17,14,7,10,0
2009,2,REG,2009-09-20,DEN,CLE,27,6,7,7,0
2009,2,REG,2009-09-20,LAC,BAL,26,31,6,7,0
2009,2,REG,2009-09-20,DAL,NYG,31,33,7,7,1
2009,2,REG,2009-09-21,MIA,IND,23,27,8,8,0
2009,3,REG,2009-09-27,BAL,CLE,34,3,7,7,1
2009,3,REG,2009-09-27,DET,WAS,19,14,7,7,0
2009,3,REG,2009-09-27,HOU,JAX,24,31,7,7,1
2009,3,REG,2009-09-27,MIN,SF,27,24,7,7,0
2009,3,REG,2009-09-27,NE,ATL,26,10,7,7,0
2009,3,REG,2009-09-27,NYJ,TEN,24,17,7,7,0
2009,3,REG,2009-09-27,PHI,KC,34,14,7,7,0
2009,3,REG,2009-09-27,LA,GB,17,36,7,7,0
2009,3,REG,2009-09-27,TB,NYG,0,24,7,7,0
2009,3,REG,2009-09-27,BUF,NO,7,27,7,7,0
2009,3,REG,2009-09-27,SEA,CHI,19,25,7,7,0
2009,3,REG,2009-09-27,CIN,PIT,23,20,7,7,1
2009,3,REG,2009-09-27,LV,DEN,3,23,7,7,1
2009,3,REG,2009-09-27,LAC,MIA,23,13,7,6,0
2009,3,REG,2009-09-27,ARI,IND,10,31,7,6,0
2009,3,REG,2009-09-28,DAL,CAR,21,7,8,8,0
2009,4,REG,2009-10-04,CHI,DET,48,24,7,7,1
2009,4,REG,2009-10-04,CLE,CIN,20,23,7,7,1
2009,4,REG,2009-10-04,HOU,LV,29,6,7,7,0
2009,4,REG,2009-10-04,IND,SEA,34,17,7,7,0
2009,4,REG,2009-10-04,JAX,TEN,37,17,7,7,1
2009,4,REG,2009-10-04,KC,NYG,16,27,7,7,0
2009,4,REG,2009-10-04,NE,BAL,27,21,7,7,0
2009,4,REG,2009-10-04,WAS,TB,16,13,7,7,0
2009,4,REG,2009-10-04,MIA,BUF,38,10,7,7,1
2009,4,REG,2009-10-04,NO,NYJ,24,10,7,7,0
2009,4,REG,2009-10-04,DEN,DAL,17,10,7,6,0
2009,4,REG,2009-10-04,SF,LA,35,0,7,7,1
2009,4,REG,2009-10-04,PIT,LAC,38,28,7,7,0
2009,4,REG,2009-10-05,MIN,GB,30,23,8,8,1
2009,5,REG,2009-10-11,BAL,CIN,14,17,7,7,1
2009,5,REG,2009-10-11,BUF,CLE,3,6,7,7,0
2009,5,REG,2009-10-11,CAR,WAS,20,17,13,7,0
2009,5,REG,2009-10-11,DET,PIT,20,28,7,7,0
2009,5,REG,2009-10-11,KC,DAL,20,26,7,7,0
2009,5,REG,2009-10-11,NYG,LV,44,7,7,7,0
2009,5,REG,2009-10-11,PHI,TB,33,14,14,7,0
2009,5,REG,2009-10-11,LA,MIN,10,38,7,6,0
2009,5,REG,2009-10-11,SF,ATL,10,45,7,14,0
2009,5,REG,2009-10-11,ARI,HOU,28,21,14,7,0
2009,5,REG,2009-10-11,DEN,NE,20,17,7,7,0
2009,5,REG,2009-10-11,SEA,JAX,41,0,7,7,0
2009,5,REG,2009-10-11,TEN,IND,9,31,7,7,1
2009,5,REG,2009-10-12,MIA,NYJ,31,27,8,8,1
2009,6,REG,2009-10-18,CIN,HOU,17,28,7,7,0
2009,6,REG,2009-10-18,GB,DET,26,0,13,7,1
2009,6,REG,2009-10-18,JAX,LA,23,20,7,7,0
2009,6,REG,2009-10-18,MIN,BAL,33,31,7,7,0
2009,6,REG,2009-10-18,NO,NYG,48,27,14,7,0
2009,6,REG,2009-10-18,PIT,CLE,27,14,7,7,1
2009,6,REG,2009-10-18,TB,CAR,21,28,7,7,1
2009,6,REG,2009-10-18,WAS,KC,6,14,7,7,0
2009,6,REG,2009-10-18,LV,PHI,13,9,7,7,0
2009,6,REG,2009-10-18,SEA,ARI,3,27,7,7,1
2009,6,REG,2009-10-18,NE,TEN,59,0,7,7,0
2009,6,REG,2009-10-18,NYJ,BUF,13,16,6,7,1
2009,6,REG,2009-10-18,ATL,CHI,21,14,7,14,0
2009,6,REG,2009-10-19,LAC,DEN,23,34,15,8,1
2009,7,REG,2009-10-25,CLE,GB,3,31,7,7,0
2009,7,REG,2009-10-25,HOU,SF,24,21,7,14,0
2009,7,REG,2009-10-25,KC,LAC,7,37,7,6,1
2009,7,REG,2009-10-25,PIT,MIN,27,17,7,7,0
2009,7,REG,2009-10-25,LA,IND,6,42,7,14,0
2009,7,REG,2009-10-25,TB,NE,7,35,7,7,0
2009,7,REG,2009-10-25,CAR,BUF,9,20,7,7,0
2009,7,REG,2009-10-25,LV,NYJ,0,38,7,7,0
2009,7,REG,2009-10-25,CIN,CHI,45,10,7,7,0
2009,7,REG,2009-10-25,DAL,ATL,37,21,14,7,0
2009,7,REG,2009-10-25,MIA,NO,34,46,13,7,0
2009,7,REG,2009-10-25,NYG,ARI,17,24,7,7,0
2009,7,REG,2009-10-26,WAS,PHI,17,27,8,8,1
2009,8,REG,2009-11-01,BAL,DEN,30,7,14,13,0
2009,8,REG,2009-11-01,BUF,HOU,10,31,7,7,0
2009,8,REG,2009-11-01,CHI,CLE,30,6,7,7,0
2009,8,REG,2009-11-01,DAL,SEA,38,17,7,14,0
2009,8,REG,2009-11-01,DET,LA,10,17,14,7,0
2009,8,REG,2009-11-01,IND,SF,18,14,7,7,0
2009,8,REG,2009-11-01,NYJ,MIA,25,30,7,7,1
2009,8,REG,2009-11-01,PHI,NYG,40,17,6,7,1
2009,8,REG,2009-11-01,LAC,LV,24,16,7,7,1
2009,8,REG,2009-11-01,TEN,JAX,30,13,14,14,1
2009,8,REG,2009-11-01,ARI,CAR,21,34,7,7,0
2009,8,REG,2009-11-01,GB,MIN,26,38,7,7,1
2009,8,REG,2009-11-02,NO,ATL,35,27,8,8,1
2009,9,REG,2009-11-08,ATL,WAS,31,17,6,13,0
2009,9,REG,2009-11-08,CHI,ARI,21,41,7,7,0
2009,9,REG,2009-11-08,CIN,BAL,17,7,14,7,1
2009,9,REG,2009-11-08,IND,HOU,20,17,7,7,1
2009,9,REG,2009-11-08,JAX,KC,24,21,7,14,0
2009,9,REG,2009-11-08,NE,MIA,27,17,14,7,1
2009,9,REG,2009-11-08,TB,GB,38,28,14,7,0
2009,9,REG,2009-11-08,NO,CAR,30,20,6,7,1
2009,9,REG,2009-11-08,SEA,DET,32,20,7,7,0
2009,9,REG,2009-11-08,NYG,LAC,20,21,7,7,0
2009,9,REG,2009-11-08,SF,TEN,27,34,7,7,0
2009,9,REG,2009-11-08,PHI,DAL,16,20,7,7,1
2009,9,REG,2009-11-09,DEN,PIT,10,28,8,15,0
2009,10,REG,2009-11-12,SF,CHI,10,6,4,4,0
2009,10,REG,2009-11-15,CAR,ATL,28,19,7,7,1
2009,10,REG,2009-11-15,MIA,TB,25,23,7,7,0
2009,10,REG,2009-11-15,MIN,DET,27,10,14,7,1
2009,10,REG,2009-11-15,NYJ,JAX,22,24,14,7,0
2009,10,REG,2009-11-15,PIT,CIN,12,18,6,7,1
2009,10,REG,2009-11-15,LA,NO,23,28,14,7,0
2009,10,REG,2009-11-15,TEN,BUF,41,17,7,14,0
2009,10,REG,2009-11-15,WAS,DEN,27,17,7,6,0
2009,10,REG,2009-11-15,LV,KC,10,16,14,7,1
2009,10,REG,2009-11-15,ARI,SEA,31,20,7,7,1
2009,10,REG,2009-11-15,GB,DAL,17,7,7,7,0
2009,10,REG,2009-11-15,LAC,PHI,31,23,7,7,0
2009,10,REG,2009-11-15,IND,NE,35,34,7,7,0
2009,10,REG,2009-11-16,CLE,BAL,0,16,15,8,1
2009,11,REG,2009-11-19,CAR,MIA,17,24,4,4,0
2009,11,REG,2009-11-22,BAL,IND,15,17,6,7,0
2009,11,REG,2009-11-22,DAL,WAS,7,6,7,7,1
2009,11,REG,2009-11-22,DET,CLE,38,37,7,6,0
2009,11,REG,2009-11-22,GB,SF,30,24,7,10,0
2009,11,REG,2009-11-22,JAX,BUF,18,15,7,7,0
2009,11,REG,2009-11-22,KC,PIT,27,24,7,7,0
2009,11,REG,2009-11-22,MIN,SEA,35,9,7,7,0
2009,11,REG,2009-11-22,NYG,ATL,34,31,14,7,0
2009,11,REG,2009-11-22,TB,NO,7,38,7,7,1
2009,11,REG,2009-11-22,LA,ARI,13,21,7,7,1
2009,11,REG,2009-11-22,DEN,LAC,3,32,7,7,1
2009,11,REG,2009-11-22,NE,NYJ,31,14,7,7,1
2009,11,REG,2009-11-22,LV,CIN,20,17,7,7,0
2009,11,REG,2009-11-22,CHI,PHI,20,24,10,7,0
2009,11,REG,2009-11-23,HOU,TEN,17,20,15,8,1
2009,12,REG,2009-11-26,DET,GB,12,34,4,4,1
2009,12,REG,2009-11-26,DAL,LV,24,7,4,4,0
2009,12,REG,2009-11-26,DEN,NYG,26,6,4,4,0
2009,12,REG,2009-11-29,ATL,TB,20,17,7,7,1
2009,12,REG,2009-11-29,BUF,MIA,31,14,7,10,1
2009,12,REG,2009-11-29,CIN,CLE,16,7,7,7,1
2009,12,REG,2009-11-29,HOU,IND,27,35,6,7,1
2009,12,REG,2009-11-29,NYJ,CAR,17,6,7,10,0
2009,12,REG,2009-11-29,PHI,WAS,27,24,7,7,1
2009,12,REG,2009-11-29,LA,SEA,17,27,7,7,1
2009,12,REG,2009-11-29,LAC,KC,43,14,7,7,1
2009,12,REG,2009-11-29,SF,JAX,20,3,7,7,0
2009,12,REG,2009-11-29,MIN,CHI,36,10,7,7,1
2009,12,REG,2009-11-29,TEN,ARI,20,17,6,7,0
2009,12,REG,2009-11-29,BAL,PIT,20,17,7,7,1
2009,12,REG,2009-11-30,NO,NE,38,17,8,8,0
2009,13,REG,2009-12-03,BUF,NYJ,13,19,4,4,1
2009,13,REG,2009-12-06,ATL,PHI,7,34,7,7,0
2009,13,REG,2009-12-06,CAR,TB,16,6,7,7,1
2009,13,REG,2009-12-06,CHI,LA,17,9,7,7,0
2009,13,REG,2009-12-06,CIN,DET,23,13,7,10,0
2009,13,REG,2009-12-06,IND,TEN,27,17,7,7,1
2009,13,REG,2009-12-06,JAX,HOU,23,18,7,7,1
2009,13,REG,2009-12-06,KC,DEN,13,44,7,10,1
2009,13,REG,2009-12-06,MIA,NE,22,21,7,6,1
2009,13,REG,2009-12-06,PIT,LV,24,27,7,10,0
2009,13,REG,2009-12-06,WAS,NO,30,33,7,6,0
2009,13,REG,2009-12-06,CLE,LAC,23,30,7,7,0
2009,13,REG,2009-12-06,NYG,DAL,31,24,10,10,1
2009,13,REG,2009-12-06,SEA,SF,20,17,7,7,1
2009,13,REG,2009-12-06,ARI,MIN,30,17,7,7,0
2009,13,REG,2009-12-07,GB,BAL,27,14,11,8,0
2009,14,REG,2009-12-10,CLE,PIT,13,6,4,4,1
2009,14,REG,2009-12-13,ATL,NO,23,26,7,7,1
2009,14,REG,2009-12-13,BAL,DET,48,3,6,7,0
2009,14,REG,2009-12-13,CHI,GB,14,21,7,6,1
2009,14,REG,2009-12-13,HOU,SEA,34,7,7,7,0
2009,14,REG,2009-12-13,IND,DEN,28,16,7,7,0
2009,14,REG,2009-12-13,JAX,MIA,10,14,7,7,0
2009,14,REG,2009-12-13,KC,BUF,10,16,7,10,0
2009,14,REG,2009-12-13,MIN,CIN,30,10,7,7,0
2009,14,REG,2009-12-13,NE,CAR,20,10,7,7,0
2009,14,REG,2009-12-13,TB,NYJ,3,26,7,10,0
2009,14,REG,2009-12-13,LV,WAS,13,34,7,7,0
2009,14,REG,2009-12-13,TEN,LA,47,7,7,7,0
2009,14,REG,2009-12-13,DAL,LAC,17,20,7,7,0
2009,14,REG,2009-12-13,NYG,PHI,38,45,7,7,1
2009,14,REG,2009-12-14,SF,ARI,24,9,8,8,1
2009,15,REG,2009-12-17,JAX,IND,31,35,4,4,1
2009,15,REG,2009-12-19,NO,DAL,17,24,6,6,0
2009,15,REG,2009-12-20,BUF,NE,10,17,7,7,1
2009,15,REG,2009-12-20,DET,ARI,24,31,7,6,0
2009,15,REG,2009-12-20,KC,CLE,34,41,7,10,0
2009,15,REG,2009-12-20,NYJ,ATL,7,10,7,7,0
2009,15,REG,2009-12-20,LA,HOU,13,16,7,7,0
2009,15,REG,2009-12-20,TEN,MIA,27,24,7,7,0
2009,15,REG,2009-12-20,DEN,LV,19,20,7,7,1
2009,15,REG,2009-12-20,LAC,CIN,27,24,7,7,0
2009,15,REG,2009-12-20,BAL,CHI,31,7,7,7,0
2009,15,REG,2009-12-20,PHI,SF,27,13,7,6,0
2009,15,REG,2009-12-20,PIT,GB,37,36,10,7,0
2009,15,REG,2009-12-20,SEA,TB,7,24,7,7,0
2009,15,REG,2009-12-20,CAR,MIN,26,7,7,7,0
2009,15,REG,2009-12-21,WAS,NYG,12,45,8,8,1
2009,16,REG,2009-12-25,TEN,LAC,17,42,5,5,0
2009,16,REG,2009-12-27,ATL,BUF,31,3,7,7,0
2009,16,REG,2009-12-27,CIN,KC,17,10,7,7,0
2009,16,REG,2009-12-27,CLE,LV,23,9,7,7,0
2009,16,REG,2009-12-27,GB,SEA,48,10,7,7,0
2009,16,REG,2009-12-27,MIA,HOU,20,27,7,7,0
2009,16,REG,2009-12-27,NE,JAX,35,7,7,10,0
2009,16,REG,2009-12-27,NO,TB,17,20,8,7,1
2009,16,REG,2009-12-27,NYG,CAR,9,41,6,7,0
2009,16,REG,2009-12-27,PIT,BAL,23,20,7,7,1
2009,16,REG,2009-12-27,ARI,LA,31,10,7,7,1
2009,16,REG,2009-12-27,SF,DET,20,6,7,7,0
2009,16,REG,2009-12-27,IND,NYJ,15,29,10,7,0
2009,16,REG,2009-12-27,PHI,DEN,30,27,7,7,0
2009,16,REG,2009-12-27,WAS,DAL,0,17,6,8,1
2009,16,REG,2009-12-28,CHI,MIN,36,30,8,8,1
2009,17,REG,2010-01-03,BUF,IND,30,7,7,7,0
2009,17,REG,2010-01-03,CAR,NO,23,10,7,7,1
2009,17,REG,2010-01-03,CLE,JAX,23,17,7,7,0
2009,17,REG,2010-01-03,DET,CHI,23,37,7,6,1
2009,17,REG,2010-01-03,HOU,NE,34,27,7,7,0
2009,17,REG,2010-01-03,MIA,PIT,24,30,7,7,0
2009,17,REG,2010-01-03,MIN,NYG,44,7,6,7,0
2009,17,REG,2010-01-03,LA,SF,6,28,7,7,1
2009,17,REG,2010-01-03,TB,ATL,10,20,7,7,1
2009,17,REG,2010-01-03,ARI,GB,7,33,7,7,0
2009,17,REG,2010-01-03,DAL,PHI,24,0,7,7,1
2009,17,REG,2010-01-03,DEN,KC,24,44,7,7,1
2009,17,REG,2010-01-03,LV,BAL,13,21,7,7,0
2009,17,REG,2010-01-03,LAC,WAS,23,20,9,7,0
2009,17,REG,2010-01-03,SEA,TEN,13,17,7,9,0
2009,17,REG,2010-01-03,NYJ,CIN,37,0,7,7,0
2009,18,WC,2010-01-09,CIN,NYJ,14,24,6,6,0
2009,18,WC,2010-01-09,DAL,PHI,34,14,6,6,1
2009,18,WC,2010-01-10,NE,BAL,14,33,7,7,0
2009,18,WC,2010-01-10,ARI,GB,51,45,7,7,0
2009,19,DIV,2010-01-16,NO,ARI,45,14,13,6,0
2009,19,DIV,2010-01-16,IND,BAL,20,3,13,6,0
2009,19,DIV,2010-01-17,MIN,DAL,34,3,14,8,0
2009,19,DIV,2010-01-17,LAC,NYJ,14,17,14,8,0
2009,20,CON,2010-01-24,IND,NYJ,30,17,8,7,0
2009,20,CON,2010-01-24,NO,MIN,31,28,8,7,0
2009,21,SB,2010-02-07,IND,NO,17,31,14,14,0
2010,1,REG,2010-09-09,NO,MIN,14,9,7,7,0
2010,1,REG,2010-09-12,BUF,MIA,10,15,7,7,1
2010,1,REG,2010-09-12,CHI,DET,19,14,7,7,1
2010,1,REG,2010-09-12,HOU,IND,34,24,7,7,1
2010,1,REG,2010-09-12,JAX,DEN,24,17,7,7,0
2010,1,REG,2010-09-12,NE,CIN,38,24,7,7,0
2010,1,REG,2010-09-12,NYG,CAR,31,18,7,7,0
2010,1,REG,2010-09-12,PIT,ATL,15,9,7,7,0
2010,1,REG,2010-09-12,TB,CLE,17,14,7,7,0
2010,1,REG,2010-09-12,TEN,LV,38,13,7,7,0
2010,1,REG,2010-09-12,PHI,GB,20,27,7,7,0
2010,1,REG,2010-09-12,SEA,SF,31,6,7,7,1
2010,1,REG,2010-09-12,LA,ARI,13,17,7,7,1
2010,1,REG,2010-09-12,WAS,DAL,13,7,7,7,1
2010,1,REG,2010-09-13,NYJ,BAL,9,10,7,7,0
2010,1,REG,2010-09-13,KC,LAC,21,14,7,7,1
2010,2,REG,2010-09-19,ATL,ARI,41,7,7,7,0
2010,2,REG,2010-09-19,CAR,TB,7,20,7,7,1
2010,2,REG,2010-09-19,CIN,BAL,15,10,7,6,1
2010,2,REG,2010-09-19,CLE,KC,14,16,7,6,0
2010,2,REG,2010-09-19,DAL,CHI,20,27,7,7,0
2010,2,REG,2010-09-19,DET,PHI,32,35,7,7,0
2010,2,REG,2010-09-19,GB,BUF,34,7,7,7,0
2010,2,REG,2010-09-19,MIN,MIA,10,14,10,7,0
2010,2,REG,2010-09-19,TEN,PIT,11,19,7,7,0
2010,2,REG,2010-09-19,DEN,SEA,31,14,7,7,0
2010,2,REG,2010-09-19,LV,LA,16,14,7,7,0
2010,2,REG,2010-09-19,NYJ,NE,28,14,6,7,1
2010,2,REG,2010-09-19,LAC,JAX,38,13,6,7,0
2010,2,REG,2010-09-19,WAS,HOU,27,30,7,7,0
2010,2,REG,2010-09-19,IND,NYG,38,14,7,7,0
2010,2,REG,2010-09-20,SF,NO,22,25,8,11,0
2010,3,REG,2010-09-26,BAL,CLE,24,17,7,7,1
2010,3,REG,2010-09-26,CAR,CIN,7,20,7,7,0
2010,3,REG,2010-09-26,HOU,DAL,13,27,7,7,0
2010,3,REG,2010-09-26,KC,SF,31,10,7,6,0
2010,3,REG,2010-09-26,MIN,DET,24,10,7,7,1
2010,3,REG,2010-09-26,NE,BUF,38,30,7,7,1
2010,3,REG,2010-09-26,NO,ATL,24,27,6,7,1
2010,3,REG,2010-09-26,NYG,TEN,10,29,7,7,0
2010,3,REG,2010-09-26,TB,PIT,13,38,7,7,0
2010,3,REG,2010-09-26,JAX,PHI,3,28,7,7,0
2010,3,REG,2010-09-26,LA,WAS,30,16,7,7,0
2010,3,REG,2010-09-26,ARI,LV,24,23,7,7,0
2010,3,REG,2010-09-26,DEN,IND,13,27,7,7,0
2010,3,REG,2010-09-26,SEA,LAC,27,20,7,7,0
2010,3,REG,2010-09-26,MIA,NYJ,23,31,7,7,1
2010,3,REG,2010-09-27,CHI,GB,20,17,8,8,1
2010,4,REG,2010-10-03,ATL,SF,16,14,7,7,0
2010,4,REG,2010-10-03,BUF,NYJ,14,38,7,7,1
2010,4,REG,2010-10-03,CLE,CIN,23,20,7,7,1
2010,4,REG,2010-10-03,GB,DET,28,26,6,7,1
2010,4,REG,2010-10-03,NO,CAR,16,14,7,7,1
2010,4,REG,2010-10-03,PIT,BAL,14,17,7,7,1
2010,4,REG,2010-10-03,LA,SEA,20,3,7,7,1
2010,4,REG,2010-10-03,TEN,DEN,20,26,7,7,0
2010,4,REG,2010-10-03,JAX,IND,31,28,7,7,1
2010,4,REG,2010-10-03,LV,HOU,24,31,7,7,0
2010,4,REG,2010-10-03,PHI,WAS,12,17,7,7,1
2010,4,REG,2010-10-03,LAC,ARI,41,10,7,7,0
2010,4,REG,2010-10-03,NYG,CHI,17,3,7,6,0
2010,4,REG,2010-10-04,MIA,NE,14,41,8,8,1
2010,5,REG,2010-10-10,BAL,DEN,31,17,7,7,0
2010,5,REG,2010-10-10,BUF,JAX,26,36,7,7,0
2010,5,REG,2010-10-10,CAR,CHI,6,23,7,7,0
2010,5,REG,2010-10-10,CIN,TB,21,24,7,14,0
2010,5,REG,2010-10-10,CLE,ATL,10,20,7,7,0
2010,5,REG,2010-10-10,DET,LA,44,6,7,7,0
2010,5,REG,2010-10-10,HOU,NYG,10,34,7,7,0
2010,5,REG,2010-10-10,IND,KC,19,9,7,14,0
2010,5,REG,2010-10-10,WAS,GB,16,13,7,7,0
2010,5,REG,2010-10-10,ARI,NO,30,20,7,7,0
2010,5,REG,2010-10-10,DAL,TEN,27,34,14,7,0
2010,5,REG,2010-10-10,LV,LAC,35,27,7,7,1
2010,5,REG,2010-10-10,SF,PHI,24,27,7,7,0
2010,5,REG,2010-10-11,NYJ,MIN,29,20,8,15,0
2010,6,REG,2010-10-17,CHI,SEA,20,23,7,14,0
2010,6,REG,2010-10-17,GB,MIA,20,23,7,13,0
2010,6,REG,2010-10-17,HOU,KC,35,31,7,7,0
2010,6,REG,2010-10-17,NE,BAL,23,20,13,7,0
2010,6,REG,2010-10-17,NYG,DET,28,20,7,7,0
2010,6,REG,2010-10-17,PHI,ATL,31,17,7,7,0
2010,6,REG,2010-10-17,PIT,CLE,28,10,14,7,1
2010,6,REG,2010-10-17,LA,LAC,20,17,7,7,0
2010,6,REG,2010-10-17,TB,NO,6,31,7,7,1
2010,6,REG,2010-10-17,DEN,NYJ,20,24,7,6,0
2010,6,REG,2010-10-17,SF,LV,17,9,7,7,0
2010,6,REG,2010-10-17,MIN,DAL,24,21,6,7,0
2010,6,REG,2010-10-17,WAS,IND,24,27,7,7,0
2010,6,REG,2010-10-18,JAX,TEN,3,30,8,8,1
2010,7,REG,2010-10-24,ATL,CIN,39,32,7,14,0
2010,7,REG,2010-10-24,BAL,BUF,37,34,7,14,0
2010,7,REG,2010-10-24,CAR,SF,23,20,14,7,0
2010,7,REG,2010-10-24,CHI,WAS,14,17,7,7,0
2010,7,REG,2010-10-24,KC,JAX,42,20,7,6,0
2010,7,REG,2010-10-24,MIA,PIT,22,23,7,7,0
2010,7,REG,2010-10-24,NO,CLE,17,30,7,7,0
2010,7,REG,2010-10-24,TB,LA,18,17,7,7,0
2010,7,REG,2010-10-24,TEN,PHI,37,19,6,7,0
2010,7,REG,2010-10-24,SEA,ARI,22,10,7,14,1
2010,7,REG,2010-10-24,DEN,LV,14,59,7,7,1
2010,7,REG,2010-10-24,LAC,NE,20,23,7,7,0
2010,7,REG,2010-10-24,GB,MIN,28,24,7,7,1
2010,7,REG,2010-10-25,DAL,NYG,35,41,8,8,1
2010,8,REG,2010-10-31,CIN,MIA,14,22,7,7,0
2010,8,REG,2010-10-31,DAL,JAX,17,35,6,7,0
2010,8,REG,2010-10-31,DET,WAS,37,25,14,7,0
2010,8,REG,2010-10-31,KC,BUF,13,10,7,7,0
2010,8,REG,2010-10-31,NYJ,GB,0,9,14,7,0
2010,8,REG,2010-10-31,SF,DEN,24,16,7,7,0
2010,8,REG,2010-10-31,LA,CAR,20,10,7,7,0
2010,8,REG,2010-10-31,LAC,TEN,33,25,7,7,0
2010,8,REG,2010-10-31,ARI,TB,35,38,7,7,0
2010,8,REG,2010-10-31,NE,MIN,28,18,7,7,0
2010,8,REG,2010-10-31,LV,SEA,33,3,7,7,0
2010,8,REG,2010-10-31,NO,PIT,20,10,7,7,0
2010,8,REG,2010-11-01,IND,HOU,30,17,15,15,1
2010,9,REG,2010-11-07,ATL,TB,27,21,14,7,1
2010,9,REG,2010-11-07,BAL,MIA,26,10,14,7,0
2010,9,REG,2010-11-07,BUF,CHI,19,22,7,14,0
2010,9,REG,2010-11-07,CAR,NO,3,34,7,7,1
2010,9,REG,2010-11-07,CLE,NE,34,14,14,7,0
2010,9,REG,2010-11-07,DET,NYJ,20,23,7,7,0
2010,9,REG,2010-11-07,HOU,LAC,23,29,6,7,0
2010,9,REG,2010-11-07,MIN,ARI,27,24,7,7,0
2010,9,REG,2010-11-07,SEA,NYG,7,41,7,13,0
2010,9,REG,2010-11-07,LV,KC,23,20,7,7,1
2010,9,REG,2010-11-07,PHI,IND,26,24,14,6,0
2010,9,REG,2010-11-07,GB,DAL,45,7,7,7,0
2010,9,REG,2010-11-08,CIN,PIT,21,27,8,8,1
2010,10,REG,2010-11-11,ATL,BAL,26,21,4,4,0
2010,10,REG,2010-11-14,BUF,DET,14,12,7,7,0
2010,10,REG,2010-11-14,CHI,MIN,27,13,7,7,1
2010,10,REG,2010-11-14,CLE,NYJ,20,26,7,7,0
2010,10,REG,2010-11-14,IND,CIN,23,17,7,6,0
2010,10,REG,2010-11-14,JAX,HOU,31,24,14,7,1
2010,10,REG,2010-11-14,MIA,TEN,29,17,7,14,0
2010,10,REG,2010-11-14,TB,CAR,31,16,7,7,1
2010,10,REG,2010-11-14,DEN,KC,49,29,14,7,1
2010,10,REG,2010-11-14,ARI,SEA,18,36,7,7,1
2010,10,REG,2010-11-14,NYG,DAL,20,33,7,7,1
2010,10,REG,2010-11-14,SF,LA,23,20,14,14,1
2010,10,REG,2010-11-14,PIT,NE,26,39,6,7,0
2010,10,REG,2010-11-15,WAS,PHI,28,59,15,8,1
2010,11,REG,2010-11-18,MIA,CHI,0,16,4,4,0
2010,11,REG,2010-11-21,CAR,BAL,13,37,7,10,0
2010,11,REG,2010-11-21,CIN,BUF,31,49,7,7,0
2010,11,REG,2010-11-21,DAL,DET,35,19,7,7,0
2010,11,REG,2010-11-21,JAX,CLE,24,20,7,7,0
2010,11,REG,2010-11-21,KC,ARI,31,13,7,7,0
2010,11,REG,2010-11-21,MIN,GB,3,31,7,14,1
2010,11,REG,2010-11-21,NYJ,HOU,30,27,7,7,0
2010,11,REG,2010-11-21,PIT,LV,35,3,7,14,0
2010,11,REG,2010-11-21,TEN,WAS,16,19,7,6,0
2010,11,REG,2010-11-21,NO,SEA,34,19,14,7,0
2010,11,REG,2010-11-21,SF,TB,0,21,7,7,0
2010,11,REG,2010-11-21,LA,ATL,17,34,7,10,0
2010,11,REG,2010-11-21,NE,IND,31,28,7,7,0
2010,11,REG,2010-11-21,PHI,NYG,27,17,6,7,1
2010,11,REG,2010-11-22,LAC,DEN,35,14,15,8,1
2010,12,REG,2010-11-25,DET,NE,24,45,4,4,0
2010,12,REG,2010-11-25,DAL,NO,27,30,4,4,0
2010,12,REG,2010-11-25,NYJ,CIN,26,10,4,4,0
2010,12,REG,2010-11-28,ATL,GB,20,17,7,7,0
2010,12,REG,2010-11-28,BUF,PIT,16,19,7,7,0
2010,12,REG,2010-11-28,CLE,CAR,24,23,7,7,0
2010,12,REG,2010-11-28,HOU,TEN,20,0,7,7,1
2010,12,REG,2010-11-28,NYG,JAX,24,20,7,7,0
2010,12,REG,2010-11-28,WAS,MIN,13,17,7,7,0
2010,12,REG,2010-11-28,LV,MIA,17,33,7,10,0
2010,12,REG,2010-11-28,SEA,KC,24,42,7,7,0
2010,12,REG,2010-11-28,BAL,TB,17,10,7,7,0
2010,12,REG,2010-11-28,CHI,PHI,31,26,10,7,0
2010,12,REG,2010-11-28,DEN,LA,33,36,6,7,0
2010,12,REG,2010-11-28,IND,LAC,14,36,7,6,0
2010,12,REG,2010-11-29,ARI,SF,6,27,8,8,1
2010,13,REG,2010-12-02,PHI,HOU,34,24,4,4,0
2010,13,REG,2010-12-05,CIN,NO,30,34,10,10,0
2010,13,REG,2010-12-05,DET,CHI,20,24,10,7,1
2010,13,REG,2010-12-05,GB,SF,34,16,7,6,0
2010,13,REG,2010-12-05,KC,DEN,10,6,7,7,1
2010,13,REG,2010-12-05,MIA,CLE,10,13,7,7,0
2010,13,REG,2010-12-05,MIN,BUF,38,14,7,7,0
2010,13,REG,2010-12-05,NYG,WAS,31,7,7,7,1
2010,13,REG,2010-12-05,TEN,JAX,6,17,7,7,1
2010,13,REG,2010-12-05,LAC,LV,13,28,7,7,1
2010,13,REG,2010-12-05,ARI,LA,6,19,6,7,1
2010,13,REG,2010-12-05,IND,DAL,35,38,7,10,0
2010,13,REG,2010-12-05,SEA,CAR,31,14,7,7,0
2010,13,REG,2010-12-05,TB,ATL,24,28,7,7,1
2010,13,REG,2010-12-05,BAL,PIT,10,13,7,7,1
2010,13,REG,2010-12-06,NE,NYJ,45,3,11,11,1
2010,14,REG,2010-12-09,TEN,IND,28,30,4,4,1
2010,14,REG,2010-12-12,BUF,CLE,13,6,7,7,0
2010,14,REG,2010-12-12,CAR,ATL,10,31,7,7,1
2010,14,REG,2010-12-12,DET,GB,7,3,7,7,1
2010,14,REG,2010-12-12,JAX,LV,38,31,7,7,0
2010,14,REG,2010-12-12,PIT,CIN,23,7,7,7,1
2010,14,REG,2010-12-12,WAS,TB,16,17,7,7,0
2010,14,REG,2010-12-12,NO,LA,31,13,7,7,0
2010,14,REG,2010-12-12,SF,SEA,40,21,7,7,1
2010,14,REG,2010-12-12,ARI,DEN,43,13,7,7,0
2010,14,REG,2010-12-12,CHI,NE,7,36,7,6,0
2010,14,REG,2010-12-12,NYJ,MIA,6,10,6,7,1
2010,14,REG,2010-12-12,LAC,KC,31,0,7,7,1
2010,14,REG,2010-12-12,DAL,PHI,27,30,7,10,1
2010,14,REG,2010-12-13,MIN,NYG,3,21,8,8,0
2010,14,REG,2010-12-13,HOU,BAL,28,34,11,8,0
2010,15,REG,2010-12-16,LAC,SF,34,7,4,4,0
2010,15,REG,2010-12-19,BAL,NO,30,24,6,7,0
2010,15,REG,2010-12-19,CAR,ARI,19,12,7,7,0
2010,15,REG,2010-12-19,CIN,CLE,19,17,7,7,1
2010,15,REG,2010-12-19,DAL,WAS,33,30,7,7,1
2010,15,REG,2010-12-19,IND,JAX,34,24,10,7,1
2010,15,REG,2010-12-19,MIA,BUF,14,17,7,7,1
2010,15,REG,2010-12-19,NYG,PHI,31,38,6,7,1
2010,15,REG,2010-12-19,LA,KC,13,27,7,7,0
2010,15,REG,2010-12-19,TB,DET,20,23,7,7,0
2010,15,REG,2010-12-19,TEN,HOU,31,17,10,6,1
2010,15,REG,2010-12-19,SEA,ATL,18,34,7,7,0
2010,15,REG,2010-12-19,LV,DEN,39,23,7,7,1
2010,15,REG,2010-12-19,PIT,NYJ,17,22,7,7,0
2010,15,REG,2010-12-19,NE,GB,31,27,7,7,0
2010,15,REG,2010-12-20,MIN,CHI,14,40,7,8,1
2010,16,REG,2010-12-23,PIT,CAR,27,3,4,4,0
2010,16,REG,2010-12-25,ARI,DAL,27,26,6,6,0
2010,16,REG,2010-12-26,BUF,NE,3,34,7,7,1
2010,16,REG,2010-12-26,CHI,NYJ,38,34,6,7,0
2010,16,REG,2010-12-26,CLE,BAL,10,20,7,7,1
2010,16,REG,2010-12-26,JAX,WAS,17,20,7,7,0
2010,16,REG,2010-12-26,KC,TEN,34,14,7,7,0
2010,16,REG,2010-12-26,MIA,DET,27,34,7,7,0
2010,16,REG,2010-12-26,LA,SF,25,17,7,10,1
2010,16,REG,2010-12-26,CIN,LAC,34,20,7,10,0
2010,16,REG,2010-12-26,DEN,HOU,24,23,7,7,0
2010,16,REG,2010-12-26,LV,IND,26,31,7,7,0
2010,16,REG,2010-12-26,GB,NYG,45,17,7,7,0
2010,16,REG,2010-12-26,TB,SEA,38,15,7,7,0
2010,16,REG,2010-12-27,ATL,NO,14,17,8,8,1
2010,16,REG,2010-12-28,PHI,MIN,14,24,9,8,0
2010,17,REG,2011-01-02,ATL,CAR,31,10,6,10,1
2010,17,REG,2011-01-02,BAL,CIN,13,7,7,7,1
2010,17,REG,2011-01-02,CLE,PIT,9,41,7,10,1
2010,17,REG,2011-01-02,DET,MIN,20,13,7,5,1
2010,17,REG,2011-01-02,KC,LV,10,31,7,7,1
2010,17,REG,2011-01-02,NE,MIA,38,7,7,7,1
2010,17,REG,2011-01-02,NO,TB,13,23,6,7,1
2010,17,REG,2011-01-02,NYJ,BUF,38,7,7,7,1
2010,17,REG,2011-01-02,DEN,LAC,28,33,7,7,1
2010,17,REG,2011-01-02,GB,CHI,10,3,7,7,1
2010,17,REG,2011-01-02,HOU,JAX,34,17,7,7,1
2010,17,REG,2011-01-02,IND,TEN,23,20,7,7,1
2010,17,REG,2011-01-02,PHI,DAL,13,14,5,8,1
2010,17,REG,2011-01-02,SF,ARI,38,7,7,8,1
2010,17,REG,2011-01-02,WAS,NYG,14,17,7,7,1
2010,17,REG,2011-01-02,SEA,LA,16,6,7,7,1
2010,18,WC,2011-01-08,SEA,NO,41,36,6,6,0
2010,18,WC,2011-01-08,IND,NYJ,16,17,6,6,0
2010,18,WC,2011-01-09,KC,BAL,7,30,7,7,0
2010,18,WC,2011-01-09,PHI,GB,16,21,7,7,0
2010,19,DIV,2011-01-15,PIT,BAL,31,24,13,6,1
2010,19,DIV,2011-01-15,ATL,GB,21,48,13,6,0
2010,19,DIV,2011-01-16,CHI,SEA,35,24,14,8,0
2010,19,DIV,2011-01-16,NE,NYJ,21,28,14,8,1
2010,20,CON,2011-01-23,CHI,GB,14,21,7,8,1
2010,20,CON,2011-01-23,PIT,NYJ,24,19,8,7,0
2010,21,SB,2011-02-06,GB,PIT,31,25,14,14,0
2011,1,REG,2011-09-08,GB,NO,42,34,7,7,0
2011,1,REG,2011-09-11,BAL,PIT,35,7,7,7,1
2011,1,REG,2011-09-11,CHI,ATL,30,12,7,7,0
2011,1,REG,2011-09-11,CLE,CIN,17,27,7,7,1
2011,1,REG,2011-09-11,HOU,IND,34,7,7,7,1
2011,1,REG,2011-09-11,JAX,TEN,16,14,7,7,1
2011,1,REG,2011-09-11,KC,BUF,7,41,7,7,0
2011,1,REG,2011-09-11,LA,PHI,13,31,7,7,0
2011,1,REG,2011-09-11,TB,DET,20,27,7,7,0
2011,1,REG,2011-09-11,ARI,CAR,28,21,7,7,0
2011,1,REG,2011-09-11,LAC,MIN,24,17,7,7,0
2011,1,REG,2011-09-11,SF,SEA,33,17,7,7,1
2011,1,REG,2011-09-11,WAS,NYG,28,14,7,7,1
2011,1,REG,2011-09-11,NYJ,DAL,27,24,7,7,0
2011,1,REG,2011-09-12,MIA,NE,24,38,7,7,1
2011,1,REG,2011-09-12,DEN,LV,20,23,7,7,1
2011,2,REG,2011-09-18,BUF,LV,38,35,7,6,0
2011,2,REG,2011-09-18,CAR,GB,23,30,7,10,0
2011,2,REG,2011-09-18,DET,KC,48,3,7,7,0
2011,2,REG,2011-09-18,IND,CLE,19,27,7,7,0
2011,2,REG,2011-09-18,MIN,TB,20,24,7,7,0
2011,2,REG,2011-09-18,NO,CHI,30,13,10,7,0
2011,2,REG,2011-09-18,NYJ,JAX,32,3,7,7,0
2011,2,REG,2011-09-18,PIT,SEA,24,0,7,7,0
2011,2,REG,2011-09-18,TEN,BAL,26,13,7,7,0
2011,2,REG,2011-09-18,WAS,ARI,22,21,7,7,0
2011,2,REG,2011-09-18,SF,DAL,24,27,7,7,0
2011,2,REG,2011-09-18,DEN,CIN,24,22,6,7,0
2011,2,REG,2011-09-18,MIA,HOU,13,23,6,7,0
2011,2,REG,2011-09-18,NE,LAC,35,21,6,7,0
2011,2,REG,2011-09-18,ATL,PHI,35,31,7,7,0
2011,2,REG,2011-09-19,NYG,LA,28,16,8,8,0
2011,3,REG,2011-09-25,BUF,NE,34,31,7,7,1
2011,3,REG,2011-09-25,CAR,JAX,16,10,7,7,0
2011,3,REG,2011-09-25,CIN,SF,8,13,7,7,0
2011,3,REG,2011-09-25,CLE,MIA,17,16,7,7,0
2011,3,REG,2011-09-25,MIN,DET,23,26,7,7,1
2011,3,REG,2011-09-25,NO,HOU,40,33,7,7,0
2011,3,REG,2011-09-25,PHI,NYG,16,29,7,6,1
2011,3,REG,2011-09-25,TEN,DEN,17,14,7,7,0
2011,3,REG,2011-09-25,LV,NYJ,34,24,7,7,0
2011,3,REG,2011-09-25,LAC,KC,20,17,7,7,1
2011,3,REG,2011-09-25,LA,BAL,7,37,6,7,0
2011,3,REG,2011-09-25,CHI,GB,17,27,7,7,1
2011,3,REG,2011-09-25,SEA,ARI,13,10,7,7,1
2011,3,REG,2011-09-25,TB,ATL,16,13,7,7,1
2011,3,REG,2011-09-25,IND,PIT,20,23,7,7,0
2011,3,REG,2011-09-26,DAL,WAS,18,16,8,8,1
2011,4,REG,2011-10-02,CHI,CAR,34,29,7,7,0
2011,4,REG,2011-10-02,CIN,BUF,23,20,7,7,0
2011,4,REG,2011-10-02,CLE,TEN,13,31,7,7,0
2011,4,REG,2011-10-02,DAL,DET,30,34,6,7,0
2011,4,REG,2011-10-02,HOU,PIT,17,10,7,7,0
2011,4,REG,2011-10-02,JAX,NO,10,23,7,7,0
2011,4,REG,2011-10-02,KC,MIN,22,17,7,7,0
2011,4,REG,2011-10-02,PHI,SF,23,24,7,7,0
2011,4,REG,2011-10-02,LA,WAS,10,17,7,6,0
2011,4,REG,2011-10-02,ARI,NYG,27,31,7,7,0
2011,4,REG,2011-10-02,SEA,ATL,28,30,7,7,0
2011,4,REG,2011-10-02,GB,DEN,49,23,7,7,0
2011,4,REG,2011-10-02,LV,NE,19,31,7,7,0
2011,4,REG,2011-10-02,LAC,MIA,26,16,7,7,0
2011,4,REG,2011-10-02,BAL,NYJ,34,17,7,7,0
2011,4,REG,2011-10-03,TB,IND,24,17,8,8,0
2011,5,REG,2011-10-09,BUF,PHI,31,24,7,7,0
2011,5,REG,2011-10-09,CAR,NO,27,30,7,7,1
2011,5,REG,2011-10-09,HOU,LV,20,25,7,7,0
2011,5,REG,2011-10-09,IND,KC,24,28,6,7,0
2011,5,REG,2011-10-09,JAX,CIN,20,30,7,7,0
2011,5,REG,2011-10-09,MIN,ARI,34,10,7,7,0
2011,5,REG,2011-10-09,NYG,SEA,25,36,7,7,0
2011,5,REG,2011-10-09,PIT,TEN,38,17,7,7,0
2011,5,REG,2011-10-09,SF,TB,48,3,7,6,0
2011,5,REG,2011-10-09,DEN,LAC,24,29,7,7,1
2011,5,REG,2011-10-09,NE,NYJ,30,21,7,7,1
2011,5,REG,2011-10-09,ATL,GB,14,25,7,7,0
2011,5,REG,2011-10-10,DET,CHI,24,13,8,8,1
2011,6,REG,2011-10-16,ATL,CAR,31,17,7,7,1
2011,6,REG,2011-10-16,CIN,IND,27,17,7,7,0
2011,6,REG,2011-10-16,DET,SF,19,25,6,7,0
2011,6,REG,2011-10-16,GB,LA,24,3,7,14,0
2011,6,REG,2011-10-16,NYG,BUF,27,24,7,7,0
2011,6,REG,2011-10-16,PIT,JAX,17,13,7,7,0
2011,6,REG,2011-10-16,WAS,PHI,13,20,14,7,1
2011,6,REG,2011-10-16,BAL,HOU,29,14,14,7,0
2011,6,REG,2011-10-16,LV,CLE,24,17,7,14,0
2011,6,REG,2011-10-16,NE,DAL,20,16,7,14,0
2011,6,REG,2011-10-16,TB,NO,26,20,7,7,1
2011,6,REG,2011-10-16,CHI,MIN,39,10,6,7,1
2011,6,REG,2011-10-17,NYJ,MIA,24,6,8,15,1
2011,7,REG,2011-10-23,CAR,WAS,33,20,7,7,0
2011,7,REG,2011-10-23,CLE,SEA,6,3,7,14,0
2011,7,REG,2011-10-23,DET,ATL,16,23,7,7,0
2011,7,REG,2011-10-23,MIA,DEN,15,18,6,14,0
2011,7,REG,2011-10-23,NYJ,LAC,27,21,6,14,0
2011,7,REG,2011-10-23,TB,CHI,18,24,7,7,0
2011,7,REG,2011-10-23,TEN,HOU,7,41,14,7,1
2011,7,REG,2011-10-23,ARI,PIT,20,32,14,7,0
2011,7,REG,2011-10-23,LV,KC,0,28,7,14,1
2011,7,REG,2011-10-23,DAL,LA,34,7,7,7,0
2011,7,REG,2011-10-23,MIN,GB,27,33,7,7,1
2011,7,REG,2011-10-23,NO,IND,62,7,7,7,0
2011,7,REG,2011-10-24,JAX,BAL,12,7,8,8,0
2011,8,REG,2011-10-30,BAL,ARI,30,27,6,7,0
2011,8,REG,2011-10-30,CAR,MIN,21,24,7,7,0
2011,8,REG,2011-10-30,HOU,JAX,24,14,7,6,1
2011,8,REG,2011-10-30,NYG,MIA,20,17,14,7,0
2011,8,REG,2011-10-30,LA,NO,31,21,7,7,0
2011,8,REG,2011-10-30,TEN,IND,27,10,7,7,1
2011,8,REG,2011-10-30,BUF,WAS,23,0,14,7,0
2011,8,REG,2011-10-30,DEN,DET,10,45,7,7,0
2011,8,REG,2011-10-30,PIT,NE,25,17,7,14,0
2011,8,REG,2011-10-30,SEA,CIN,12,34,7,14,0
2011,8,REG,2011-10-30,SF,CLE,20,10,14,7,0
2011,8,REG,2011-10-30,PHI,DAL,34,7,14,7,1
2011,8,REG,2011-10-31,KC,LAC,23,20,8,8,1
2011,9,REG,2011-11-06,BUF,NYJ,11,27,7,14,1
2011,9,REG,2011-11-06,DAL,SEA,23,13,7,7,0
2011,9,REG,2011-11-06,HOU,CLE,30,12,7,7,0
2011,9,REG,2011-11-06,IND,ATL,7,31,7,14,0
2011,9,REG,2011-11-06,KC,MIA,3,31,6,7,0
2011,9,REG,2011-11-06,NO,TB,27,16,7,14,1
2011,9,REG,2011-11-06,WAS,SF,11,19,7,7,0
2011,9,REG,2011-11-06,LV,DEN,24,38,14,7,1
2011,9,REG,2011-11-06,TEN,CIN,17,24,7,7,0
2011,9,REG,2011-11-06,ARI,LA,19,13,7,7,1
2011,9,REG,2011-11-06,NE,NYG,20,24,7,7,0
2011,9,REG,2011-11-06,LAC,GB,38,45,6,14,0
2011,9,REG,2011-11-06,PIT,BAL,20,23,7,7,1
2011,9,REG,2011-11-07,PHI,CHI,24,30,8,15,0
2011,10,REG,2011-11-10,LAC,LV,17,24,4,4,1
2011,10,REG,2011-11-13,ATL,NO,23,26,7,7,1
2011,10,REG,2011-11-13,CAR,TEN,3,30,14,7,0
2011,10,REG,2011-11-13,CIN,PIT,17,24,7,7,1
2011,10,REG,2011-11-13,CLE,LA,12,13,7,7,0
2011,10,REG,2011-11-13,DAL,BUF,44,7,7,7,0
2011,10,REG,2011-11-13,IND,JAX,3,17,7,14,1
2011,10,REG,2011-11-13,KC,DEN,10,17,7,7,1
2011,10,REG,2011-11-13,MIA,WAS,20,9,7,7,0
2011,10,REG,2011-11-13,PHI,ARI,17,21,6,7,0
2011,10,REG,2011-11-13,TB,HOU,9,37,7,7,0
2011,10,REG,2011-11-13,SEA,BAL,22,17,7,7,0
2011,10,REG,2011-11-13,CHI,DET,37,13,6,14,1
2011,10,REG,2011-11-13,SF,NYG,27,20,7,7,0
2011,10,REG,2011-11-13,NYJ,NE,16,37,7,7,1
2011,10,REG,2011-11-14,GB,MIN,45,7,8,15,1
2011,11,REG,2011-11-17,DEN,NYJ,17,13,4,4,0
2011,11,REG,2011-11-20,BAL,CIN,31,24,7,7,1
2011,11,REG,2011-11-20,CLE,JAX,14,10,7,7,0
2011,11,REG,2011-11-20,DET,CAR,49,35,7,7,0
2011,11,REG,2011-11-20,GB,TB,35,26,6,7,0
2011,11,REG,2011-11-20,MIA,BUF,35,8,7,7,1
2011,11,REG,2011-11-20,MIN,LV,21,27,6,10,0
2011,11,REG,2011-11-20,WAS,DAL,24,27,7,7,1
2011,11,REG,2011-11-20,SF,ARI,23,7,7,7,1
2011,11,REG,2011-11-20,LA,SEA,7,24,7,7,1
2011,11,REG,2011-11-20,ATL,TEN,23,17,7,7,0
2011,11,REG,2011-11-20,CHI,LAC,31,20,7,10,0
2011,11,REG,2011-11-20,NYG,PHI,10,17,7,7,1
2011,11,REG,2011-11-21,NE,KC,34,3,8,8,0
2011,12,REG,2011-11-24,DET,GB,15,27,4,4,1
2011,12,REG,2011-11-24,DAL,MIA,20,19,4,4,0
2011,12,REG,2011-11-24,BAL,SF,16,6,4,4,0
2011,12,REG,2011-11-27,ATL,MIN,24,14,7,7,0
2011,12,REG,2011-11-27,CIN,CLE,23,20,7,7,1
2011,12,REG,2011-11-27,IND,CAR,19,27,14,7,0
2011,12,REG,2011-11-27,JAX,HOU,13,20,7,14,1
2011,12,REG,2011-11-27,NYJ,BUF,28,24,10,7,1
2011,12,REG,2011-11-27,LA,ARI,20,23,7,7,1
2011,12,REG,2011-11-27,TEN,TB,23,17,7,7,0
2011,12,REG,2011-11-27,LV,CHI,25,20,7,7,0
2011,12,REG,2011-11-27,SEA,WAS,17,23,7,7,0
2011,12,REG,2011-11-27,PHI,NE,20,38,7,6,0
2011,12,REG,2011-11-27,LAC,DEN,13,16,7,10,1
2011,12,REG,2011-11-27,KC,PIT,9,13,6,14,0
2011,12,REG,2011-11-28,NO,NYG,49,24,15,8,0
2011,13,REG,2011-12-01,SEA,PHI,31,14,4,4,0
2011,13,REG,2011-12-04,BUF,TEN,17,23,7,7,0
2011,13,REG,2011-12-04,CHI,KC,3,10,7,7,0
2011,13,REG,2011-12-04,HOU,ATL,17,10,7,7,0
2011,13,REG,2011-12-04,MIA,LV,34,14,10,7,0
2011,13,REG,2011-12-04,MIN,DEN,32,35,7,7,0
2011,13,REG,2011-12-04,NE,IND,31,24,7,7,0
2011,13,REG,2011-12-04,PIT,CIN,35,7,7,7,1
2011,13,REG,2011-12-04,TB,CAR,19,38,7,7,1
2011,13,REG,2011-12-04,WAS,NYJ,19,34,7,7,0
2011,13,REG,2011-12-04,CLE,BAL,10,24,7,10,1
2011,13,REG,2011-12-04,ARI,DAL,19,13,7,10,0
2011,13,REG,2011-12-04,NYG,GB,35,38,6,10,0
2011,13,REG,2011-12-04,SF,LA,26,0,10,7,1
2011,13,REG,2011-12-04,NO,DET,31,17,6,10,0
2011,13,REG,2011-12-05,JAX,LAC,14,38,8,8,0
2011,14,REG,2011-12-08,PIT,CLE,14,3,4,4,1
2011,14,REG,2011-12-11,BAL,IND,24,10,7,7,0
2011,14,REG,2011-12-11,CAR,ATL,23,31,7,7,1
2011,14,REG,2011-12-11,CIN,HOU,19,20,7,7,0
2011,14,REG,2011-12-11,DET,MIN,34,28,7,7,1
2011,14,REG,2011-12-11,JAX,TB,41,14,6,7,0
2011,14,REG,2011-12-11,MIA,PHI,10,26,7,10,0
2011,14,REG,2011-12-11,NYJ,KC,37,10,7,7,0
2011,14,REG,2011-12-11,TEN,NO,17,22,7,7,0
2011,14,REG,2011-12-11,WAS,NE,27,34,7,7,0
2011,14,REG,2011-12-11,ARI,SF,21,19,7,7,1
2011,14,REG,2011-12-11,DEN,CHI,13,10,7,7,0
2011,14,REG,2011-12-11,GB,LV,46,16,7,7,0
2011,14,REG,2011-12-11,LAC,BUF,37,10,6,7,0
2011,14,REG,2011-12-11,DAL,NYG,34,37,7,7,1
2011,14,REG,2011-12-12,SEA,LA,30,13,11,8,1
2011,15,REG,2011-12-15,ATL,JAX,41,14,4,4,0
2011,15,REG,2011-12-17,TB,DAL,15,31,6,6,0
2011,15,REG,2011-12-18,BUF,MIA,23,30,7,7,1
2011,15,REG,2011-12-18,CHI,SEA,14,38,7,6,0
2011,15,REG,2011-12-18,HOU,CAR,13,28,7,7,0
2011,15,REG,2011-12-18,IND,TEN,27,13,7,7,1
2011,15,REG,2011-12-18,KC,GB,19,14,7,7,0
2011,15,REG,2011-12-18,MIN,NO,20,42,7,7,0
2011,15,REG,2011-12-18,NYG,WAS,10,23,7,7,1
2011,15,REG,2011-12-18,LA,CIN,13,20,6,7,0
2011,15,REG,2011-12-18,LV,DET,27,28,7,7,0
2011,15,REG,2011-12-18,ARI,CLE,20,17,7,10,0
2011,15,REG,2011-12-18,DEN,NE,23,41,7,7,0
2011,15,REG,2011-12-18,PHI,NYJ,45,19,7,7,0
2011,15,REG,2011-12-18,LAC,BAL,34,14,7,7,0
2011,15,REG,2011-12-19,SF,PIT,20,3,8,11,0
2011,16,REG,2011-12-22,IND,HOU,19,16,4,4,1
2011,16,REG,2011-12-24,BAL,CLE,20,14,6,6,1
2011,16,REG,2011-12-24,BUF,DEN,40,14,6,6,0
2011,16,REG,2011-12-24,CAR,TB,48,16,6,7,1
2011,16,REG,2011-12-24,CIN,ARI,23,16,6,6,0
2011,16,REG,2011-12-24,KC,LV,13,16,6,6,1
2011,16,REG,2011-12-24,NE,MIA,27,24,6,6,1
2011,16,REG,2011-12-24,NYJ,NYG,14,29,6,6,0
2011,16,REG,2011-12-24,PIT,LA,27,0,5,6,0
2011,16,REG,2011-12-24,TEN,JAX,23,17,6,9,1
2011,16,REG,2011-12-24,WAS,MIN,26,33,6,6,0
2011,16,REG,2011-12-24,DET,LAC,38,10,6,6,0
2011,16,REG,2011-12-24,DAL,PHI,7,20,7,6,1
2011,16,REG,2011-12-24,SEA,SF,17,19,6,5,1
2011,16,REG,2011-12-25,GB,CHI,35,21,7,7,1
2011,16,REG,2011-12-26,NO,ATL,45,16,8,11,1
2011,17,REG,2012-01-01,GB,DET,45,41,7,8,1
2011,17,REG,2012-01-01,HOU,TEN,22,23,10,8,1
2011,17,REG,2012-01-01,JAX,IND,19,13,8,10,1
2011,17,REG,2012-01-01,MIA,NYJ,19,17,8,8,1
2011,17,REG,2012-01-01,MIN,CHI,13,17,8,7,1
2011,17,REG,2012-01-01,NE,BUF,49,21,8,8,1
2011,17,REG,2012-01-01,NO,CAR,45,17,6,8,1
2011,17,REG,2012-01-01,PHI,WAS,34,10,8,8,1
2011,17,REG,2012-01-01,LA,SF,27,34,8,8,1
2011,17,REG,2012-01-01,ARI,SEA,23,20,8,8,1
2011,17,REG,2012-01-01,ATL,TB,45,24,6,8,1
2011,17,REG,2012-01-01,CIN,BAL,16,24,8,8,1
2011,17,REG,2012-01-01,CLE,PIT,9,13,8,8,1
2011,17,REG,2012-01-01,DEN,KC,3,7,8,8,1
2011,17,REG,2012-01-01,LV,LAC,26,38,8,8,1
2011,17,REG,2012-01-01,NYG,DAL,31,14,8,8,1
2011,18,WC,2012-01-07,HOU,CIN,31,10,6,6,0
2011,18,WC,2012-01-07,NO,DET,45,28,6,6,0
2011,18,WC,2012-01-08,NYG,ATL,24,2,7,7,0
2011,18,WC,2012-01-08,DEN,PIT,29,23,7,7,0
2011,19,DIV,2012-01-14,SF,NO,36,32,13,7,0
2011,19,DIV,2012-01-14,NE,DEN,45,10,13,6,0
2011,19,DIV,2012-01-15,BAL,HOU,20,13,14,8,0
2011,19,DIV,2012-01-15,GB,NYG,20,37,14,7,0
2011,20,CON,2012-01-22,NE,BAL,23,20,8,7,0
2011,20,CON,2012-01-22,SF,NYG,17,20,8,7,0
2011,21,SB,2012-02-05,NE,NYG,17,21,14,14,0
2012,1,REG,2012-09-05,NYG,DAL,17,24,7,7,1
2012,1,REG,2012-09-09,CHI,IND,41,21,7,7,0
2012,1,REG,2012-09-09,CLE,PHI,16,17,7,7,0
2012,1,REG,2012-09-09,DET,LA,27,23,7,7,0
2012,1,REG,2012-09-09,HOU,MIA,30,10,7,7,0
2012,1,REG,2012-09-09,KC,ATL,24,40,7,7,0
2012,1,REG,2012-09-09,MIN,JAX,26,23,7,7,0
2012,1,REG,2012-09-09,NO,WAS,32,40,7,7,0
2012,1,REG,2012-09-09,NYJ,BUF,48,28,7,7,1
2012,1,REG,2012-09-09,TEN,NE,13,34,7,7,0
2012,1,REG,2012-09-09,ARI,SEA,20,16,7,7,1
2012,1,REG,2012-09-09,GB,SF,22,30,7,7,0
2012,1,REG,2012-09-09,TB,CAR,16,10,7,7,1
2012,1,REG,2012-09-09,DEN,PIT,31,19,7,7,0
2012,1,REG,2012-09-10,BAL,CIN,44,13,7,7,1
2012,1,REG,2012-09-10,LV,LAC,14,22,7,7,1
2012,2,REG,2012-09-13,GB,CHI,23,10,4,4,1
2012,2,REG,2012-09-16,BUF,KC,35,17,7,7,0
2012,2,REG,2012-09-16,CAR,NO,35,27,7,7,1
2012,2,REG,2012-09-16,CIN,CLE,34,27,6,7,1
2012,2,REG,2012-09-16,IND,MIN,23,20,7,7,0
2012,2,REG,2012-09-16,JAX,HOU,7,27,7,7,1
2012,2,REG,2012-09-16,MIA,LV,35,13,7,6,0
2012,2,REG,2012-09-16,NE,ARI,18,20,7,7,0
2012,2,REG,2012-09-16,NYG,TB,41,34,11,7,0
2012,2,REG,2012-09-16,PHI,BAL,24,23,7,6,0
2012,2,REG,2012-09-16,SEA,DAL,27,7,7,11,0
2012,2,REG,2012-09-16,LA,WAS,31,28,7,7,0
2012,2,REG,2012-09-16,PIT,NYJ,27,10,7,7,0
2012,2,REG,2012-09-16,LAC,TEN,38,10,6,7,0
2012,2,REG,2012-09-16,SF,DET,27,19,7,7,0
2012,2,REG,2012-09-17,ATL,DEN,27,21,8,8,0
2012,3,REG,2012-09-20,CAR,NYG,7,36,4,4,0
2012,3,REG,2012-09-23,CHI,LA,23,6,10,7,0
2012,3,REG,2012-09-23,CLE,BUF,14,24,7,7,0
2012,3,REG,2012-09-23,DAL,TB,16,10,7,7,0
2012,3,REG,2012-09-23,IND,JAX,17,22,7,7,1
2012,3,REG,2012-09-23,MIA,NYJ,20,23,7,7,1
2012,3,REG,2012-09-23,MIN,SF,24,13,7,7,0
2012,3,REG,2012-09-23,NO,KC,24,27,7,7,0
2012,3,REG,2012-09-23,TEN,DET,44,41,7,7,0
2012,3,REG,2012-09-23,WAS,CIN,31,38,7,7,0
2012,3,REG,2012-09-23,ARI,PHI,27,6,7,7,0
2012,3,REG,2012-09-23,LAC,ATL,3,27,7,6,0
2012,3,REG,2012-09-23,DEN,HOU,25,31,6,7,0
2012,3,REG,2012-09-23,LV,PIT,34,31,7,7,0
2012,3,REG,2012-09-23,BAL,NE,31,30,7,7,0
2012,3,REG,2012-09-24,SEA,GB,14,12,8,11,0
2012,4,REG,2012-09-27,BAL,CLE,23,16,4,4,1
2012,4,REG,2012-09-30,ATL,CAR,30,28,7,10,1
2012,4,REG,2012-09-30,BUF,NE,28,52,7,7,1
2012,4,REG,2012-09-30,DET,MIN,13,20,7,7,1
2012,4,REG,2012-09-30,HOU,TEN,38,14,7,7,1
2012,4,REG,2012-09-30,KC,LAC,20,37,7,7,1
2012,4,REG,2012-09-30,NYJ,SF,0,34,7,7,0
2012,4,REG,2012-09-30,LA,SEA,19,13,7,6,1
2012,4,REG,2012-09-30,ARI,MIA,24,21,7,7,0
2012,4,REG,2012-09-30,DEN,LV,37,6,7,7,1
2012,4,REG,2012-09-30,JAX,CIN,10,27,7,7,0
2012,4,REG,2012-09-30,GB,NO,28,27,6,7,0
2012,4,REG,2012-09-30,TB,WAS,22,24,7,7,0
2012,4,REG,2012-09-30,PHI,NYG,19,17,7,10,1
2012,4,REG,2012-10-01,DAL,CHI,18,34,8,8,0
2012,5,REG,2012-10-04,LA,ARI,17,3,4,4,1
2012,5,REG,2012-10-07,CIN,MIA,13,17,7,7,0
2012,5,REG,2012-10-07,IND,GB,30,27,14,7,0
2012,5,REG,2012-10-07,KC,BAL,6,9,7,10,0
2012,5,REG,2012-10-07,NYG,CLE,41,27,7,10,0
2012,5,REG,2012-10-07,PIT,PHI,16,14,14,7,0
2012,5,REG,2012-10-07,WAS,ATL,17,24,7,7,0
2012,5,REG,2012-10-07,CAR,SEA,12,16,7,7,0
2012,5,REG,2012-10-07,JAX,CHI,3,41,7,6,0
2012,5,REG,2012-10-07,MIN,TEN,30,7,7,7,0
2012,5,REG,2012-10-07,NE,DEN,31,21,7,7,0
2012,5,REG,2012-10-07,SF,BUF,45,3,7,7,0
2012,5,REG,2012-10-07,NO,LAC,31,24,7,7,0
2012,5,REG,2012-10-08,NYJ,HOU,17,23,8,8,0
2012,6,REG,2012-10-11,TEN,PIT,26,23,4,4,0
2012,6,REG,2012-10-14,ATL,LV,23,20,7,14,0
2012,6,REG,2012-10-14,BAL,DAL,31,29,7,13,0
2012,6,REG,2012-10-14,CLE,CIN,34,24,7,7,1
2012,6,REG,2012-10-14,MIA,LA,17,14,7,10,0
2012,6,REG,2012-10-14,NYJ,IND,35,9,6,7,0
2012,6,REG,2012-10-14,PHI,DET,23,26,7,14,0
2012,6,REG,2012-10-14,TB,KC,38,10,14,7,0
2012,6,REG,2012-10-14,ARI,BUF,16,19,10,7,0
2012,6,REG,2012-10-14,SEA,NE,24,23,7,7,0
2012,6,REG,2012-10-14,SF,NYG,3,26,7,7,0
2012,6,REG,2012-10-14,WAS,MIN,38,26,7,7,0
2012,6,REG,2012-10-14,HOU,GB,24,42,6,7,0
2012,6,REG,2012-10-15,LAC,DEN,24,35,8,8,1
2012,7,REG,2012-10-18,SF,SEA,13,6,4,4,1
2012,7,REG,2012-10-21,BUF,TEN,34,35,7,10,0
2012,7,REG,2012-10-21,CAR,DAL,14,19,14,7,0
2012,7,REG,2012-10-21,HOU,BAL,43,13,7,7,0
2012,7,REG,2012-10-21,IND,CLE,17,13,7,7,0
2012,7,REG,2012-10-21,MIN,ARI,21,14,7,7,0
2012,7,REG,2012-10-21,NYG,WAS,27,23,7,7,1
2012,7,REG,2012-10-21,LA,GB,20,30,7,7,0
2012,7,REG,2012-10-21,TB,NO,28,35,7,14,1
2012,7,REG,2012-10-21,NE,NYJ,29,26,7,7,1
2012,7,REG,2012-10-21,LV,JAX,26,23,7,14,0
2012,7,REG,2012-10-21,CIN,PIT,17,24,7,10,1
2012,7,REG,2012-10-22,CHI,DET,13,7,15,8,1
2012,8,REG,2012-10-25,MIN,TB,17,36,4,4,0
2012,8,REG,2012-10-28,CHI,CAR,23,22,6,7,0
2012,8,REG,2012-10-28,CLE,LAC,7,6,7,13,0
2012,8,REG,2012-10-28,DET,SEA,28,24,6,10,0
2012,8,REG,2012-10-28,GB,JAX,24,15,7,7,0
2012,8,REG,2012-10-28,NYJ,MIA,9,30,7,14,1
2012,8,REG,2012-10-28,PHI,ATL,17,30,14,14,0
2012,8,REG,2012-10-28,PIT,WAS,27,12,7,7,0
2012,8,REG,2012-10-28,LA,NE,7,45,7,7,0
2012,8,REG,2012-10-28,TEN,IND,13,19,7,7,1
2012,8,REG,2012-10-28,KC,LV,16,26,14,7,1
2012,8,REG,2012-10-28,DAL,NYG,24,29,7,7,1
2012,8,REG,2012-10-28,DEN,NO,34,14,13,7,0
2012,8,REG,2012-10-29,ARI,SF,3,24,8,11,1
2012,9,REG,2012-11-01,LAC,KC,31,13,4,4,1
2012,9,REG,2012-11-04,CIN,DEN,23,31,14,7,0
2012,9,REG,2012-11-04,CLE,BAL,15,25,7,14,1
2012,9,REG,2012-11-04,GB,ARI,31,17,7,6,0
2012,9,REG,2012-11-04,HOU,BUF,21,9,14,14,0
2012,9,REG,2012-11-04,IND,MIA,23,20,7,7,0
2012,9,REG,2012-11-04,JAX,DET,14,31,7,7,0
2012,9,REG,2012-11-04,TEN,CHI,20,51,7,7,0
2012,9,REG,2012-11-04,WAS,CAR,13,21,7,7,0
2012,9,REG,2012-11-04,LV,TB,32,42,7,10,0
2012,9,REG,2012-11-04,SEA,MIN,30,20,7,10,0
2012,9,REG,2012-11-04,NYG,PIT,20,24,7,7,0
2012,9,REG,2012-11-04,ATL,DAL,19,13,7,7,0
2012,9,REG,2012-11-05,NO,PHI,28,13,8,8,0
2012,10,REG,2012-11-08,JAX,IND,10,27,4,4,1
2012,10,REG,2012-11-11,BAL,LV,55,20,7,7,0
2012,10,REG,2012-11-11,CAR,DEN,14,36,7,7,0
2012,10,REG,2012-11-11,CIN,NYG,31,13,7,7,0
2012,10,REG,2012-11-11,MIA,TEN,3,37,7,7,0
2012,10,REG,2012-11-11,MIN,DET,34,24,7,7,1
2012,10,REG,2012-11-11,NE,BUF,37,31,14,7,1
2012,10,REG,2012-11-11,NO,ATL,31,27,6,7,1
2012,10,REG,2012-11-11,TB,LAC,34,24,7,10,0
2012,10,REG,2012-11-11,SEA,NYJ,28,7,7,14,0
2012,10,REG,2012-11-11,PHI,DAL,23,38,6,7,1
2012,10,REG,2012-11-11,SF,LA,24,24,13,14,1
2012,10,REG,2012-11-11,CHI,HOU,6,13,7,7,0
2012,10,REG,2012-11-12,PIT,KC,16,13,8,11,0
2012,11,REG,2012-11-15,BUF,MIA,19,14,4,4,1
2012,11,REG,2012-11-18,ATL,ARI,23,19,7,14,0
2012,11,REG,2012-11-18,CAR,TB,21,27,7,7,1
2012,11,REG,2012-11-18,DAL,CLE,23,20,7,14,0
2012,11,REG,2012-11-18,DET,GB,20,24,7,14,1
2012,11,REG,2012-11-18,HOU,JAX,43,37,7,10,1
2012,11,REG,2012-11-18,KC,CIN,6,28,6,7,0
2012,11,REG,2012-11-18,LA,NYJ,13,27,7,7,0
2012,11,REG,2012-11-18,WAS,PHI,31,6,14,7,1
2012,11,REG,2012-11-18,LV,NO,17,38,7,7,0
2012,11,REG,2012-11-18,DEN,LAC,30,23,7,7,1
2012,11,REG,2012-11-18,NE,IND,59,24,7,10,0
2012,11,REG,2012-11-18,PIT,BAL,10,13,6,7,1
2012,11,REG,2012-11-19,SF,CHI,32,7,8,8,0
2012,12,REG,2012-11-22,DET,HOU,31,34,4,4,0
2012,12,REG,2012-11-22,DAL,WAS,31,38,4,4,1
2012,12,REG,2012-11-22,NYJ,NE,19,49,4,4,1
2012,12,REG,2012-11-25,CHI,MIN,28,10,6,14,1
2012,12,REG,2012-11-25,CIN,LV,34,10,7,7,0
2012,12,REG,2012-11-25,CLE,PIT,20,14,7,7,1
2012,12,REG,2012-11-25,IND,BUF,20,13,7,10,0
2012,12,REG,2012-11-25,JAX,TEN,24,19,7,14,1
2012,12,REG,2012-11-25,KC,DEN,9,17,7,7,1
2012,12,REG,2012-11-25,MIA,SEA,24,21,10,14,0
2012,12,REG,2012-11-25,TB,ATL,23,24,7,7,1
2012,12,REG,2012-11-25,LAC,BAL,13,16,7,7,0
2012,12,REG,2012-11-25,ARI,LA,17,31,7,7,1
2012,12,REG,2012-11-25,NO,SF,21,31,7,6,0
2012,12,REG,2012-11-25,NYG,GB,38,10,14,7,0
2012,12,REG,2012-11-26,PHI,CAR,22,30,8,8,0
2012,13,REG,2012-11-29,ATL,NO,23,13,4,4,1
2012,13,REG,2012-12-02,BUF,JAX,34,18,7,7,0
2012,13,REG,2012-12-02,CHI,SEA,17,23,7,7,0
2012,13,REG,2012-12-02,DET,IND,33,35,10,7,0
2012,13,REG,2012-12-02,GB,MIN,23,14,7,7,1
2012,13,REG,2012-12-02,KC,CAR,27,21,7,6,0
2012,13,REG,2012-12-02,MIA,NE,16,23,7,10,1
2012,13,REG,2012-12-02,NYJ,ARI,7,6,10,7,0
2012,13,REG,2012-12-02,LA,SF,16,13,7,7,1
2012,13,REG,2012-12-02,TEN,HOU,10,24,7,10,1
2012,13,REG,2012-12-02,DEN,TB,31,23,7,7,0
2012,13,REG,2012-12-02,BAL,PIT,20,23,7,7,1
2012,13,REG,2012-12-02,LV,CLE,17,20,7,7,0
2012,13,REG,2012-12-02,LAC,CIN,13,20,7,7,0
2012,13,REG,2012-12-02,DAL,PHI,38,33,10,6,1
2012,13,REG,2012-12-03,WAS,NYG,17,16,11,8,1
2012,14,REG,2012-12-06,LV,DEN,13,26,4,4,1
2012,14,REG,2012-12-09,BUF,LA,12,15,7,7,0
2012,14,REG,2012-12-09,CAR,ATL,30,20,7,10,1
2012,14,REG,2012-12-09,CIN,DAL,19,20,7,7,0
2012,14,REG,2012-12-09,CLE,KC,30,7,7,7,0
2012,14,REG,2012-12-09,IND,TEN,27,23,7,7,1
2012,14,REG,2012-12-09,JAX,NYJ,10,17,7,7,0
2012,14,REG,2012-12-09,MIN,CHI,21,14,7,7,1
2012,14,REG,2012-12-09,PIT,LAC,24,34,7,7,0
2012,14,REG,2012-12-09,TB,PHI,21,23,7,7,0
2012,14,REG,2012-12-09,WAS,BAL,31,28,6,7,0
2012,14,REG,2012-12-09,SF,MIA,27,13,7,7,0
2012,14,REG,2012-12-09,NYG,NO,52,27,6,10,0
2012,14,REG,2012-12-09,SEA,ARI,58,0,7,7,1
2012,14,REG,2012-12-09,GB,DET,27,20,7,7,1
2012,14,REG,2012-12-10,NE,HOU,42,14,8,8,0
2012,15,REG,2012-12-13,PHI,CIN,13,34,4,4,0
2012,15,REG,2012-12-16,ATL,NYG,34,0,7,7,0
2012,15,REG,2012-12-16,BAL,DEN,17,34,7,10,0
2012,15,REG,2012-12-16,CHI,GB,13,21,7,7,1
2012,15,REG,2012-12-16,CLE,WAS,21,38,7,7,0
2012,15,REG,2012-12-16,HOU,IND,29,17,6,7,1
2012,15,REG,2012-12-16,MIA,JAX,24,3,7,7,0
2012,15,REG,2012-12-16,NO,TB,41,0,7,7,1
2012,15,REG,2012-12-16,LA,MIN,22,36,7,7,0
2012,15,REG,2012-12-16,ARI,DET,38,10,7,7,0
2012,15,REG,2012-12-16,BUF,SEA,17,50,7,7,0
2012,15,REG,2012-12-16,LAC,CAR,7,31,7,7,0
2012,15,REG,2012-12-16,DAL,PIT,27,24,7,7,0
2012,15,REG,2012-12-16,LV,KC,15,0,10,7,1
2012,15,REG,2012-12-16,NE,SF,34,41,6,7,0
2012,15,REG,2012-12-17,TEN,NYJ,14,10,8,8,0
2012,16,REG,2012-12-22,DET,ATL,18,31,6,6,0
2012,16,REG,2012-12-23,CAR,LV,17,6,7,7,0
2012,16,REG,2012-12-23,DAL,NO,31,34,7,7,0
2012,16,REG,2012-12-23,GB,TEN,55,7,7,6,0
2012,16,REG,2012-12-23,HOU,MIN,6,23,7,7,0
2012,16,REG,2012-12-23,JAX,NE,16,23,7,7,0
2012,16,REG,2012-12-23,KC,IND,13,20,7,7,0
2012,16,REG,2012-12-23,MIA,BUF,24,10,7,7,1
2012,16,REG,2012-12-23,NYJ,LAC,17,27,6,7,0
2012,16,REG,2012-12-23,PHI,WAS,20,27,10,7,1
2012,16,REG,2012-12-23,PIT,CIN,10,13,7,10,1
2012,16,REG,2012-12-23,TB,LA,13,28,7,7,0
2012,16,REG,2012-12-23,DEN,CLE,34,12,7,7,0
2012,16,REG,2012-12-23,ARI,CHI,13,28,7,7,0
2012,16,REG,2012-12-23,BAL,NYG,33,14,7,7,0
2012,16,REG,2012-12-23,SEA,SF,42,13,7,7,1
2012,17,REG,2012-12-30,ATL,TB,17,22,8,7,1
2012,17,REG,2012-12-30,BUF,NYJ,28,9,7,7,1
2012,17,REG,2012-12-30,CIN,BAL,23,17,7,7,1
2012,17,REG,2012-12-30,DET,CHI,24,26,8,7,1
2012,17,REG,2012-12-30,IND,HOU,28,16,7,7,1
2012,17,REG,2012-12-30,NO,CAR,38,44,7,7,1
2012,17,REG,2012-12-30,NYG,PHI,42,7,7,7,1
2012,17,REG,2012-12-30,PIT,CLE,24,10,7,7,1
2012,17,REG,2012-12-30,TEN,JAX,38,20,7,7,1
2012,17,REG,2012-12-30,DEN,KC,38,3,7,7,1
2012,17,REG,2012-12-30,MIN,GB,37,34,7,7,1
2012,17,REG,2012-12-30,NE,MIA,28,0,7,7,1
2012,17,REG,2012-12-30,LAC,LV,24,21,7,7,1
2012,17,REG,2012-12-30,SEA,LA,20,13,7,7,1
2012,17,REG,2012-12-30,SF,ARI,27,13,7,7,1
2012,17,REG,2012-12-30,WAS,DAL,28,18,7,7,1
2012,18,WC,2013-01-05,HOU,CIN,19,13,6,6,0
2012,18,WC,2013-01-05,GB,MIN,24,10,6,6,1
2012,18,WC,2013-01-06,BAL,IND,24,9,7,7,0
2012,18,WC,2013-01-06,WAS,SEA,14,24,7,7,0
2012,19,DIV,2013-01-12,DEN,BAL,35,38,13,6,0
2012,19,DIV,2013-01-12,SF,GB,45,31,13,7,0
2012,19,DIV,2013-01-13,ATL,SEA,30,28,14,7,0
2012,19,DIV,2013-01-13,NE,HOU,41,28,14,8,0
2012,20,CON,2013-01-20,ATL,SF,24,28,7,8,0
2012,20,CON,2013-01-20,NE,BAL,13,28,7,8,0
2012,21,SB,2013-02-03,SF,BAL,31,34,14,14,0
2013,1,REG,2013-09-05,DEN,BAL,49,27,7,7,0
2013,1,REG,2013-09-08,BUF,NE,21,23,7,7,1
2013,1,REG,2013-09-08,CAR,SEA,7,12,7,7,0
2013,1,REG,2013-09-08,CHI,CIN,24,21,7,7,0
2013,1,REG,2013-09-08,CLE,MIA,10,23,7,7,0
2013,1,REG,2013-09-08,DET,MIN,34,24,7,7,1
2013,1,REG,2013-09-08,IND,LV,21,17,7,7,0
2013,1,REG,2013-09-08,JAX,KC,2,28,7,7,0
2013,1,REG,2013-09-08,NO,ATL,23,17,7,7,1
2013,1,REG,2013-09-08,NYJ,TB,18,17,7,7,0
2013,1,REG,2013-09-08,PIT,TEN,9,16,7,7,0
2013,1,REG,2013-09-08,SF,GB,34,28,7,7,0
2013,1,REG,2013-09-08,LA,ARI,27,24,7,7,1
2013,1,REG,2013-09-08,DAL,NYG,36,31,7,7,1
2013,1,REG,2013-09-09,WAS,PHI,27,33,7,7,1
2013,1,REG,2013-09-09,LAC,HOU,28,31,7,7,0
2013,2,REG,2013-09-12,NE,NYJ,13,10,4,4,1
2013,2,REG,2013-09-15,ATL,LA,31,24,7,7,0
2013,2,REG,2013-09-15,BAL,CLE,14,6,10,7,1
2013,2,REG,2013-09-15,BUF,CAR,24,23,7,7,0
2013,2,REG,2013-09-15,CHI,MIN,31,30,7,7,1
2013,2,REG,2013-09-15,GB,WAS,38,20,7,6,0
2013,2,REG,2013-09-15,HOU,TEN,30,24,6,7,1
2013,2,REG,2013-09-15,IND,MIA,20,24,7,7,0
2013,2,REG,2013-09-15,KC,DAL,17,16,7,7,0
2013,2,REG,2013-09-15,PHI,LAC,30,33,6,6,0
2013,2,REG,2013-09-15,ARI,DET,25,21,7,7,0
2013,2,REG,2013-09-15,TB,NO,14,16,7,7,1
2013,2,REG,2013-09-15,NYG,DEN,23,41,7,10,0
2013,2,REG,2013-09-15,LV,JAX,19,9,7,7,0
2013,2,REG,2013-09-15,SEA,SF,29,3,7,7,1
2013,2,REG,2013-09-16,CIN,PIT,20,10,8,8,1
2013,3,REG,2013-09-19,PHI,KC,16,26,4,4,0
2013,3,REG,2013-09-22,BAL,HOU,30,9,7,7,0
2013,3,REG,2013-09-22,CAR,NYG,38,0,7,7,0
2013,3,REG,2013-09-22,CIN,GB,34,30,6,7,0
2013,3,REG,2013-09-22,DAL,LA,31,7,7,7,0
2013,3,REG,2013-09-22,MIN,CLE,27,31,7,7,0
2013,3,REG,2013-09-22,NE,TB,23,3,10,7,0
2013,3,REG,2013-09-22,NO,ARI,31,7,7,7,0
2013,3,REG,2013-09-22,TEN,LAC,20,17,7,7,0
2013,3,REG,2013-09-22,WAS,DET,20,27,7,7,0
2013,3,REG,2013-09-22,MIA,ATL,27,23,7,7,0
2013,3,REG,2013-09-22,NYJ,BUF,27,20,10,7,1
2013,3,REG,2013-09-22,SEA,JAX,45,17,7,7,0
2013,3,REG,2013-09-22,SF,IND,7,27,7,7,0
2013,3,REG,2013-09-22,PIT,CHI,23,40,6,7,0
2013,3,REG,2013-09-23,DEN,LV,37,21,8,8,1
2013,4,REG,2013-09-26,LA,SF,11,35,4,4,1
2013,4,REG,2013-09-29,BUF,BAL,23,20,7,7,0
2013,4,REG,2013-09-29,CLE,CIN,17,6,7,7,1
2013,4,REG,2013-09-29,DET,CHI,40,32,7,7,1
2013,4,REG,2013-09-29,HOU,SEA,20,23,7,7,0
2013,4,REG,2013-09-29,JAX,IND,3,37,7,7,1
2013,4,REG,2013-09-29,KC,NYG,31,7,10,7,0
2013,4,REG,2013-09-29,MIN,PIT,34,27,7,7,0
2013,4,REG,2013-09-29,TB,ARI,10,13,7,7,0
2013,4,REG,2013-09-29,TEN,NYJ,38,13,7,7,0
2013,4,REG,2013-09-29,DEN,PHI,52,20,6,10,0
2013,4,REG,2013-09-29,LV,WAS,14,24,6,7,0
2013,4,REG,2013-09-29,LAC,DAL,30,21,7,7,0
2013,4,REG,2013-09-29,ATL,NE,23,30,7,7,0
2013,4,REG,2013-09-30,NO,MIA,38,17,8,8,0
2013,5,REG,2013-10-03,CLE,BUF,37,24,4,4,0
2013,5,REG,2013-10-06,CHI,NO,18,26,7,6,0
2013,5,REG,2013-10-06,CIN,NE,13,6,7,7,0
2013,5,REG,2013-10-06,GB,DET,22,9,14,7,1
2013,5,REG,2013-10-06,IND,SEA,34,28,7,7,0
2013,5,REG,2013-10-06,MIA,BAL,23,26,6,7,0
2013,5,REG,2013-10-06,NYG,PHI,21,36,7,7,1
2013,5,REG,2013-10-06,LA,JAX,34,20,10,7,0
2013,5,REG,2013-10-06,TEN,KC,17,26,7,7,0
2013,5,REG,2013-10-06,ARI,CAR,22,6,7,14,0
2013,5,REG,2013-10-06,DAL,DEN,48,51,7,7,0
2013,5,REG,2013-10-06,SF,HOU,34,3,10,7,0
2013,5,REG,2013-10-06,LV,LAC,27,17,7,7,1
2013,5,REG,2013-10-07,ATL,NYJ,28,30,8,8,0
2013,6,REG,2013-10-10,CHI,NYG,27,21,4,4,0
2013,6,REG,2013-10-13,BAL,GB,17,19,7,7,0
2013,6,REG,2013-10-13,BUF,CIN,24,27,10,7,0
2013,6,REG,2013-10-13,CLE,DET,17,31,10,7,0
2013,6,REG,2013-10-13,HOU,LA,13,38,7,7,0
2013,6,REG,2013-10-13,KC,LV,24,7,7,7,1
2013,6,REG,2013-10-13,MIN,CAR,10,35,14,7,0
2013,6,REG,2013-10-13,NYJ,PIT,6,19,6,14,0
2013,6,REG,2013-10-13,TB,PHI,20,31,14,7,0
2013,6,REG,2013-10-13,DEN,JAX,35,19,7,7,0
2013,6,REG,2013-10-13,SEA,TEN,20,13,7,7,0
2013,6,REG,2013-10-13,NE,NO,30,27,7,7,0
2013,6,REG,2013-10-13,SF,ARI,32,20,7,7,1
2013,6,REG,2013-10-13,DAL,WAS,31,16,7,14,1
2013,6,REG,2013-10-14,LAC,IND,19,9,8,8,0
2013,7,REG,2013-10-17,ARI,SEA,22,34,4,4,1
2013,7,REG,2013-10-20,ATL,TB,31,23,13,7,1
2013,7,REG,2013-10-20,CAR,LA,30,15,7,7,0
2013,7,REG,2013-10-20,DET,CIN,24,27,7,7,0
2013,7,REG,2013-10-20,JAX,LAC,6,24,7,6,0
2013,7,REG,2013-10-20,MIA,BUF,21,23,14,7,1
2013,7,REG,2013-10-20,NYJ,NE,30,27,7,7,1
2013,7,REG,2013-10-20,PHI,DAL,3,17,7,7,1
2013,7,REG,2013-10-20,WAS,CHI,45,41,7,10,0
2013,7,REG,2013-10-20,TEN,SF,17,31,7,7,0
2013,7,REG,2013-10-20,GB,CLE,31,13,7,7,0
2013,7,REG,2013-10-20,KC,HOU,17,16,7,7,0
2013,7,REG,2013-10-20,PIT,BAL,19,16,7,7,1
2013,7,REG,2013-10-20,IND,DEN,39,33,6,7,0
2013,7,REG,2013-10-21,NYG,MIN,23,7,11,8,0
2013,8,REG,2013-10-24,TB,CAR,13,31,4,4,1
2013,8,REG,2013-10-27,DET,DAL,31,30,7,7,0
2013,8,REG,2013-10-27,JAX,SF,10,42,7,7,0
2013,8,REG,2013-10-27,KC,CLE,23,17,7,7,0
2013,8,REG,2013-10-27,NE,MIA,27,17,7,7,1
2013,8,REG,2013-10-27,NO,BUF,35,17,14,7,0
2013,8,REG,2013-10-27,PHI,NYG,7,15,7,6,1
2013,8,REG,2013-10-27,CIN,NYJ,49,9,7,7,0
2013,8,REG,2013-10-27,LV,PIT,21,18,14,7,0
2013,8,REG,2013-10-27,ARI,ATL,27,13,10,7,0
2013,8,REG,2013-10-27,DEN,WAS,45,21,7,7,0
2013,8,REG,2013-10-27,MIN,GB,31,44,6,7,1
2013,8,REG,2013-10-28,LA,SEA,9,14,8,11,1
2013,9,REG,2013-10-31,MIA,CIN,22,20,4,4,0
2013,9,REG,2013-11-03,BUF,KC,13,23,7,7,0
2013,9,REG,2013-11-03,CAR,ATL,34,10,10,7,1
2013,9,REG,2013-11-03,DAL,MIN,27,23,7,7,0
2013,9,REG,2013-11-03,NYJ,NO,26,20,7,7,0
2013,9,REG,2013-11-03,LA,TEN,21,28,6,14,0
2013,9,REG,2013-11-03,WAS,LAC,30,24,7,14,0
2013,9,REG,2013-11-03,LV,PHI,20,49,7,7,0
2013,9,REG,2013-11-03,SEA,TB,27,24,6,10,0
2013,9,REG,2013-11-03,CLE,BAL,24,18,7,14,1
2013,9,REG,2013-11-03,NE,PIT,55,31,7,7,0
2013,9,REG,2013-11-03,HOU,IND,24,27,14,14,1
2013,9,REG,2013-11-04,GB,CHI,20,27,8,15,1
2013,10,REG,2013-11-07,MIN,WAS,34,27,4,4,0
2013,10,REG,2013-11-10,ATL,SEA,10,33,7,7,0
2013,10,REG,2013-11-10,BAL,CIN,20,17,7,10,1
2013,10,REG,2013-11-10,CHI,DET,19,21,6,14,1
2013,10,REG,2013-11-10,GB,PHI,13,27,6,7,0
2013,10,REG,2013-11-10,IND,LA,8,38,7,7,0
2013,10,REG,2013-11-10,NYG,LV,24,20,14,7,0
2013,10,REG,2013-11-10,PIT,BUF,23,10,7,7,0
2013,10,REG,2013-11-10,TEN,JAX,27,29,7,14,1
2013,10,REG,2013-11-10,SF,CAR,9,10,14,7,0
2013,10,REG,2013-11-10,ARI,HOU,27,24,14,7,0
2013,10,REG,2013-11-10,LAC,DEN,20,28,7,14,1
2013,10,REG,2013-11-10,NO,DAL,49,17,7,7,0
2013,10,REG,2013-11-11,TB,MIA,22,19,8,11,0
2013,11,REG,2013-11-14,TEN,IND,27,30,4,4,1
2013,11,REG,2013-11-17,BUF,NYJ,37,14,7,14,1
2013,11,REG,2013-11-17,CHI,BAL,23,20,7,7,0
2013,11,REG,2013-11-17,CIN,CLE,41,20,7,14,1
2013,11,REG,2013-11-17,HOU,LV,23,28,7,7,0
2013,11,REG,2013-11-17,JAX,ARI,14,27,7,7,0
2013,11,REG,2013-11-17,PHI,WAS,24,16,7,10,1
2013,11,REG,2013-11-17,PIT,DET,37,27,7,7,0
2013,11,REG,2013-11-17,TB,ATL,41,28,6,7,1
2013,11,REG,2013-11-17,MIA,LAC,20,16,6,7,0
2013,11,REG,2013-11-17,NO,SF,23,20,7,7,0
2013,11,REG,2013-11-17,NYG,GB,27,13,7,7,0
2013,11,REG,2013-11-17,SEA,MIN,41,20,7,10,0
2013,11,REG,2013-11-17,DEN,KC,27,17,7,14,1
2013,11,REG,2013-11-18,CAR,NE,24,20,8,15,0
2013,12,REG,2013-11-21,ATL,NO,13,17,4,4,1
2013,12,REG,2013-11-24,BAL,NYJ,19,3,7,7,0
2013,12,REG,2013-11-24,CLE,PIT,11,27,7,7,1
2013,12,REG,2013-11-24,DET,TB,21,24,7,7,0
2013,12,REG,2013-11-24,GB,MIN,26,26,7,7,1
2013,12,REG,2013-11-24,HOU,JAX,6,13,7,7,1
2013,12,REG,2013-11-24,KC,LAC,38,41,7,7,1
2013,12,REG,2013-11-24,MIA,CAR,16,20,7,6,0
2013,12,REG,2013-11-24,LA,CHI,42,21,14,7,0
2013,12,REG,2013-11-24,ARI,IND,40,11,7,10,0
2013,12,REG,2013-11-24,LV,TEN,19,23,7,10,0
2013,12,REG,2013-11-24,NYG,DAL,21,24,7,14,1
2013,12,REG,2013-11-24,NE,DEN,34,31,6,7,0
2013,12,REG,2013-11-25,WAS,SF,6,27,8,8,0
2013,13,REG,2013-11-28,DET,GB,40,10,4,4,1
2013,13,REG,2013-11-28,DAL,LV,31,24,4,4,0
2013,13,REG,2013-11-28,BAL,PIT,22,20,4,4,1
2013,13,REG,2013-12-01,CAR,TB,27,6,7,7,1
2013,13,REG,2013-12-01,CLE,JAX,28,32,7,7,0
2013,13,REG,2013-12-01,HOU,NE,31,34,7,7,0
2013,13,REG,2013-12-01,IND,TEN,22,14,7,7,1
2013,13,REG,2013-12-01,MIN,CHI,23,20,7,7,1
2013,13,REG,2013-12-01,NYJ,MIA,3,23,7,7,1
2013,13,REG,2013-12-01,PHI,ARI,24,21,14,7,0
2013,13,REG,2013-12-01,BUF,ATL,31,34,14,10,0
2013,13,REG,2013-12-01,SF,LA,23,13,6,7,1
2013,13,REG,2013-12-01,KC,DEN,28,35,7,7,1
2013,13,REG,2013-12-01,LAC,CIN,10,17,7,14,0
2013,13,REG,2013-12-01,WAS,NYG,17,24,6,7,1
2013,13,REG,2013-12-02,SEA,NO,34,7,15,11,0
2013,14,REG,2013-12-05,JAX,HOU,27,20,4,4,1
2013,14,REG,2013-12-08,BAL,MIN,29,26,10,7,0
2013,14,REG,2013-12-08,CIN,IND,42,28,7,7,0
2013,14,REG,2013-12-08,GB,ATL,22,21,10,7,0
2013,14,REG,2013-12-08,NE,CLE,27,26,7,7,0
2013,14,REG,2013-12-08,NYJ,LV,37,27,7,10,0
2013,14,REG,2013-12-08,PHI,DET,34,20,7,10,0
2013,14,REG,2013-12-08,PIT,MIA,28,34,10,7,0
2013,14,REG,2013-12-08,TB,BUF,27,6,7,7,0
2013,14,REG,2013-12-08,WAS,KC,10,45,7,7,0
2013,14,REG,2013-12-08,DEN,TEN,51,28,7,7,0
2013,14,REG,2013-12-08,ARI,LA,30,10,7,7,1
2013,14,REG,2013-12-08,LAC,NYG,37,14,7,7,0
2013,14,REG,2013-12-08,SF,SEA,19,17,7,6,1
2013,14,REG,2013-12-08,NO,CAR,31,13,6,7,1
2013,14,REG,2013-12-09,CHI,DAL,45,28,8,11,0
2013,15,REG,2013-12-12,DEN,LAC,20,27,4,4,1
2013,15,REG,2013-12-15,ATL,WAS,27,26,7,7,0
2013,15,REG,2013-12-15,CLE,CHI,31,38,7,6,0
2013,15,REG,2013-12-15,IND,HOU,25,3,7,10,1
2013,15,REG,2013-12-15,JAX,BUF,20,27,10,7,0
2013,15,REG,2013-12-15,MIA,NE,24,20,7,7,1
2013,15,REG,2013-12-15,MIN,PHI,48,30,7,7,0
2013,15,REG,2013-12-15,NYG,SEA,0,23,7,7,0
2013,15,REG,2013-12-15,TB,SF,14,33,7,7,0
2013,15,REG,2013-12-15,CAR,NYJ,30,20,7,7,0
2013,15,REG,2013-12-15,LV,KC,31,56,7,7,1
2013,15,REG,2013-12-15,DAL,GB,36,37,6,7,0
2013,15,REG,2013-12-15,LA,NO,27,16,7,7,0
2013,15,REG,2013-12-15,TEN,ARI,34,37,7,7,0
2013,15,REG,2013-12-15,PIT,CIN,30,20,7,7,1
2013,15,REG,2013-12-16,DET,BAL,16,18,8,8,0
2013,16,REG,2013-12-22,BUF,MIA,19,0,7,7,1
2013,16,REG,2013-12-22,CAR,NO,17,13,7,7,1
2013,16,REG,2013-12-22,CIN,MIN,42,14,7,7,0
2013,16,REG,2013-12-22,HOU,DEN,13,37,7,10,0
2013,16,REG,2013-12-22,JAX,TEN,16,20,7,7,1
2013,16,REG,2013-12-22,KC,IND,7,23,7,7,0
2013,16,REG,2013-12-22,NYJ,CLE,24,13,7,7,0
2013,16,REG,2013-12-22,LA,TB,23,13,7,7,0
2013,16,REG,2013-12-22,WAS,DAL,23,24,7,7,1
2013,16,REG,2013-12-22,DET,NYG,20,23,6,7,0
2013,16,REG,2013-12-22,SEA,ARI,10,17,7,7,1
2013,16,REG,2013-12-22,BAL,NE,7,41,6,7,0
2013,16,REG,2013-12-22,GB,PIT,31,38,7,7,0
2013,16,REG,2013-12-22,LAC,LV,26,13,10,7,1
2013,16,REG,2013-12-22,PHI,CHI,54,11,7,7,0
2013,16,REG,2013-12-23,SF,ATL,34,24,8,8,0
2013,17,REG,2013-12-29,ATL,CAR,20,21,6,7,1
2013,17,REG,2013-12-29,CIN,BAL,34,17,7,7,1
2013,17,REG,2013-12-29,IND,JAX,30,10,7,7,1
2013,17,REG,2013-12-29,MIA,NYJ,7,20,7,7,1
2013,17,REG,2013-12-29,MIN,DET,14,13,7,7,1
2013,17,REG,2013-12-29,NYG,WAS,20,6,7,7,1
2013,17,REG,2013-12-29,PIT,CLE,20,7,7,7,1
2013,17,REG,2013-12-29,TEN,HOU,16,10,7,7,1
2013,17,REG,2013-12-29,ARI,SF,20,23,7,6,1
2013,17,REG,2013-12-29,CHI,GB,28,33,7,7,1
2013,17,REG,2013-12-29,NE,BUF,34,20,7,7,1
2013,17,REG,2013-12-29,NO,TB,42,17,7,7,1
2013,17,REG,2013-12-29,LV,DEN,14,34,7,7,1
2013,17,REG,2013-12-29,LAC,KC,27,24,7,7,1
2013,17,REG,2013-12-29,SEA,LA,27,9,7,7,1
2013,17,REG,2013-12-29,DAL,PHI,22,24,7,7,1
2013,18,WC,2014-01-04,IND,KC,45,44,6,6,0
2013,18,WC,2014-01-04,PHI,NO,24,26,6,6,0
2013,18,WC,2014-01-05,CIN,LAC,10,27,7,7,0
2013,18,WC,2014-01-05,GB,SF,20,23,7,7,0
2013,19,DIV,2014-01-11,SEA,NO,23,15,13,7,0
2013,19,DIV,2014-01-11,NE,IND,43,22,13,7,0
2013,19,DIV,2014-01-12,CAR,SF,10,23,14,7,0
2013,19,DIV,2014-01-12,DEN,LAC,24,17,14,7,1
2013,20,CON,2014-01-19,DEN,NE,26,16,7,8,0
2013,20,CON,2014-01-19,SEA,SF,23,17,8,7,1
2013,21,SB,2014-02-02,DEN,SEA,8,43,14,14,0
2014,1,REG,2014-09-04,SEA,GB,36,16,7,7,0
2014,1,REG,2014-09-07,ATL,NO,37,34,7,7,1
2014,1,REG,2014-09-07,BAL,CIN,16,23,7,7,1
2014,1,REG,2014-09-07,CHI,BUF,20,23,7,7,0
2014,1,REG,2014-09-07,HOU,WAS,17,6,7,7,0
2014,1,REG,2014-09-07,KC,TEN,10,26,7,7,0
2014,1,REG,2014-09-07,MIA,NE,33,20,7,7,1
2014,1,REG,2014-09-07,NYJ,LV,19,14,7,7,0
2014,1,REG,2014-09-07,PHI,JAX,34,17,7,7,0
2014,1,REG,2014-09-07,PIT,CLE,30,27,7,7,1
2014,1,REG,2014-09-07,LA,MIN,6,34,7,7,0
2014,1,REG,2014-09-07,DAL,SF,17,28,7,7,0
2014,1,REG,2014-09-07,TB,CAR,14,20,7,7,1
2014,1,REG,2014-09-07,DEN,IND,31,24,7,7,0
2014,1,REG,2014-09-08,DET,NYG,35,14,7,7,0
2014,1,REG,2014-09-08,ARI,LAC,18,17,7,7,0
2014,2,REG,2014-09-11,BAL,PIT,26,6,4,4,1
2014,2,REG,2014-09-14,BUF,MIA,29,10,7,7,1
2014,2,REG,2014-09-14,CAR,DET,24,7,7,6,0
2014,2,REG,2014-09-14,CIN,ATL,24,10,7,7,0
2014,2,REG,2014-09-14,CLE,NO,26,24,7,7,0
2014,2,REG,2014-09-14,MIN,NE,7,30,7,7,0
2014,2,REG,2014-09-14,NYG,ARI,14,25,6,6,0
2014,2,REG,2014-09-14,TEN,DAL,10,26,7,7,0
2014,2,REG,2014-09-14,WAS,JAX,41,10,7,7,0
2014,2,REG,2014-09-14,LAC,SEA,30,21,6,10,0
2014,2,REG,2014-09-14,TB,LA,17,19,7,7,0
2014,2,REG,2014-09-14,DEN,KC,24,17,7,7,1
2014,2,REG,2014-09-14,GB,NYJ,31,24,10,7,0
2014,2,REG,2014-09-14,LV,HOU,14,30,7,7,0
2014,2,REG,2014-09-14,SF,CHI,20,28,7,7,0
2014,2,REG,2014-09-15,IND,PHI,27,30,8,8,0
2014,3,REG,2014-09-18,ATL,TB,56,14,4,4,1
2014,3,REG,2014-09-21,BUF,LAC,10,22,7,7,0
2014,3,REG,2014-09-21,CIN,TEN,33,7,7,7,0
2014,3,REG,2014-09-21,CLE,BAL,21,23,7,10,1
2014,3,REG,2014-09-21,DET,GB,19,7,7,7,1
2014,3,REG,2014-09-21,JAX,IND,17,44,7,6,1
2014,3,REG,2014-09-21,NE,LV,16,9,7,7,0
2014,3,REG,2014-09-21,NO,MIN,20,9,7,7,0
2014,3,REG,2014-09-21,NYG,HOU,30,17,7,7,0
2014,3,REG,2014-09-21,PHI,WAS,37,34,6,7,1
2014,3,REG,2014-09-21,LA,DAL,31,34,7,7,0
2014,3,REG,2014-09-21,ARI,SF,23,14,7,7,1
2014,3,REG,2014-09-21,MIA,KC,15,34,7,7,0
2014,3,REG,2014-09-21,SEA,DEN,26,20,7,7,0
2014,3,REG,2014-09-21,CAR,PIT,19,37,7,10,0
2014,3,REG,2014-09-22,NYJ,CHI,19,27,8,8,0
2014,4,REG,2014-09-25,WAS,NYG,14,45,4,4,1
2014,4,REG,2014-09-28,BAL,CAR,38,10,7,7,0
2014,4,REG,2014-09-28,CHI,GB,17,38,6,7,1
2014,4,REG,2014-09-28,HOU,BUF,23,17,7,7,0
2014,4,REG,2014-09-28,IND,TEN,41,17,7,7,1
2014,4,REG,2014-09-28,NYJ,DET,17,24,6,7,0
2014,4,REG,2014-09-28,LV,MIA,14,38,7,7,0
2014,4,REG,2014-09-28,PIT,TB,24,27,7,10,0
2014,4,REG,2014-09-28,LAC,JAX,33,14,7,7,0
2014,4,REG,2014-09-28,MIN,ATL,41,28,7,10,0
2014,4,REG,2014-09-28,SF,PHI,26,21,7,7,0
2014,4,REG,2014-09-28,DAL,NO,38,17,7,7,0
2014,4,REG,2014-09-29,KC,NE,41,14,8,8,0
2014,5,REG,2014-10-02,GB,MIN,42,10,4,4,1
2014,5,REG,2014-10-05,CAR,CHI,31,24,7,7,0
2014,5,REG,2014-10-05,DAL,HOU,20,17,7,7,0
2014,5,REG,2014-10-05,DET,BUF,14,17,7,7,0
2014,5,REG,2014-10-05,IND,BAL,20,13,7,7,0
2014,5,REG,2014-10-05,JAX,PIT,9,17,7,7,0
2014,5,REG,2014-10-05,NO,TB,37,31,7,7,1
2014,5,REG,2014-10-05,NYG,ATL,30,20,10,7,0
2014,5,REG,2014-10-05,PHI,LA,34,28,7,14,0
2014,5,REG,2014-10-05,TEN,CLE,28,29,7,14,0
2014,5,REG,2014-10-05,DEN,ARI,41,20,14,14,0
2014,5,REG,2014-10-05,LAC,NYJ,31,0,7,7,0
2014,5,REG,2014-10-05,SF,KC,22,17,7,6,0
2014,5,REG,2014-10-05,NE,CIN,43,17,6,14,0
2014,5,REG,2014-10-06,WAS,SEA,17,27,11,15,0
2014,6,REG,2014-10-09,HOU,IND,28,33,4,4,1
2014,6,REG,2014-10-12,BUF,NE,22,37,7,7,1
2014,6,REG,2014-10-12,CIN,CAR,37,37,7,7,0
2014,6,REG,2014-10-12,CLE,PIT,31,10,7,7,1
2014,6,REG,2014-10-12,MIA,GB,24,27,14,10,0
2014,6,REG,2014-10-12,MIN,DET,3,17,10,7,1
2014,6,REG,2014-10-12,NYJ,DEN,17,31,7,7,0
2014,6,REG,2014-10-12,TB,BAL,17,48,7,7,0
2014,6,REG,2014-10-12,TEN,JAX,16,14,7,7,1
2014,6,REG,2014-10-12,LV,LAC,28,31,14,7,1
2014,6,REG,2014-10-12,ARI,WAS,30,20,7,6,0
2014,6,REG,2014-10-12,ATL,CHI,13,27,7,7,0
2014,6,REG,2014-10-12,SEA,DAL,23,30,6,7,0
2014,6,REG,2014-10-12,PHI,NYG,27,0,7,7,1
2014,6,REG,2014-10-13,LA,SF,17,31,8,8,1
2014,7,REG,2014-10-16,NE,NYJ,27,25,4,4,1
2014,7,REG,2014-10-19,BAL,ATL,29,7,7,7,0
2014,7,REG,2014-10-19,BUF,MIN,17,16,7,7,0
2014,7,REG,2014-10-19,CHI,MIA,14,27,7,7,0
2014,7,REG,2014-10-19,DET,NO,24,23,7,14,0
2014,7,REG,2014-10-19,GB,CAR,38,17,7,7,0
2014,7,REG,2014-10-19,IND,CIN,27,0,10,7,0
2014,7,REG,2014-10-19,JAX,CLE,24,6,7,7,0
2014,7,REG,2014-10-19,LA,SEA,28,26,6,7,1
2014,7,REG,2014-10-19,WAS,TEN,19,17,7,7,0
2014,7,REG,2014-10-19,LAC,KC,20,23,7,14,1
2014,7,REG,2014-10-19,DAL,NYG,31,21,7,7,1
2014,7,REG,2014-10-19,LV,ARI,13,24,7,7,0
2014,7,REG,2014-10-19,DEN,SF,42,17,7,6,0
2014,7,REG,2014-10-20,PIT,HOU,30,23,8,11,0
2014,8,REG,2014-10-23,DEN,LAC,35,21,4,4,1
2014,8,REG,2014-10-26,ATL,DET,21,22,7,7,0
2014,8,REG,2014-10-26,CAR,SEA,9,13,7,7,0
2014,8,REG,2014-10-26,CIN,BAL,27,24,7,7,1
2014,8,REG,2014-10-26,JAX,MIA,13,27,7,7,0
2014,8,REG,2014-10-26,KC,LA,34,7,7,7,0
2014,8,REG,2014-10-26,NE,CHI,51,23,10,7,0
2014,8,REG,2014-10-26,NYJ,BUF,23,43,10,7,1
2014,8,REG,2014-10-26,TB,MIN,13,19,14,7,0
2014,8,REG,2014-10-26,TEN,HOU,16,30,7,6,1
2014,8,REG,2014-10-26,ARI,PHI,24,20,7,14,0
2014,8,REG,2014-10-26,CLE,LV,23,13,7,7,0
2014,8,REG,2014-10-26,PIT,IND,51,34,6,7,0
2014,8,REG,2014-10-26,NO,GB,44,23,7,7,0
2014,8,REG,2014-10-27,DAL,WAS,17,20,8,8,1
2014,9,REG,2014-10-30,CAR,NO,10,28,4,4,1
2014,9,REG,2014-11-02,CIN,JAX,33,23,7,7,0
2014,9,REG,2014-11-02,CLE,TB,22,17,7,7,0
2014,9,REG,2014-11-02,DAL,ARI,17,28,6,7,0
2014,9,REG,2014-11-02,HOU,PHI,21,31,7,7,0
2014,9,REG,2014-11-02,KC,NYJ,24,10,7,7,0
2014,9,REG,2014-11-02,MIA,LAC,37,0,7,10,0
2014,9,REG,2014-11-02,MIN,WAS,29,26,7,6,0
2014,9,REG,2014-11-02,SF,LA,10,13,14,7,1
2014,9,REG,2014-11-02,NE,DEN,43,21,7,10,0
2014,9,REG,2014-11-02,SEA,LV,30,24,7,7,0
2014,9,REG,2014-11-02,PIT,BAL,43,23,7,7,1
2014,9,REG,2014-11-03,NYG,IND,24,40,15,8,0
2014,10,REG,2014-11-06,CIN,CLE,3,24,4,4,1
2014,10,REG,2014-11-09,BAL,TEN,21,7,7,14,0
2014,10,REG,2014-11-09,BUF,KC,13,17,14,7,0
2014,10,REG,2014-11-09,DET,MIA,20,16,14,7,0
2014,10,REG,2014-11-09,JAX,DAL,17,31,7,7,0
2014,10,REG,2014-11-09,NO,SF,24,27,10,7,0
2014,10,REG,2014-11-09,NYJ,PIT,20,13,7,7,0
2014,10,REG,2014-11-09,TB,ATL,17,27,7,14,1
2014,10,REG,2014-11-09,LV,DEN,17,41,7,7,1
2014,10,REG,2014-11-09,ARI,LA,31,14,7,7,1
2014,10,REG,2014-11-09,SEA,NYG,38,17,7,6,0
2014,10,REG,2014-11-09,GB,CHI,55,14,14,14,1
2014,10,REG,2014-11-10,PHI,CAR,45,21,8,11,0
2014,11,REG,2014-11-13,MIA,BUF,22,9,4,4,1
2014,11,REG,2014-11-16,CAR,ATL,17,19,6,7,1
2014,11,REG,2014-11-16,CHI,MIN,21,13,7,14,1
2014,11,REG,2014-11-16,CLE,HOU,7,23,10,14,0
2014,11,REG,2014-11-16,KC,SEA,24,20,7,7,0
2014,11,REG,2014-11-16,NO,CIN,10,27,7,10,0
2014,11,REG,2014-11-16,NYG,SF,10,16,7,7,0
2014,11,REG,2014-11-16,LA,DEN,22,7,7,7,0
2014,11,REG,2014-11-16,WAS,TB,7,27,14,7,0
2014,11,REG,2014-11-16,LAC,LV,13,6,14,7,1
2014,11,REG,2014-11-16,ARI,DET,14,6,7,7,0
2014,11,REG,2014-11-16,GB,PHI,53,20,7,6,0
2014,11,REG,2014-11-16,IND,NE,20,42,13,14,0
2014,11,REG,2014-11-17,TEN,PIT,24,27,8,8,0
2014,12,REG,2014-11-20,LV,KC,24,20,4,4,1
2014,12,REG,2014-11-23,ATL,CLE,24,26,7,7,0
2014,12,REG,2014-11-23,CHI,TB,21,13,7,7,0
2014,12,REG,2014-11-23,HOU,CIN,13,22,7,7,0
2014,12,REG,2014-11-23,IND,JAX,23,3,7,14,1
2014,12,REG,2014-11-23,MIN,GB,21,24,7,7,1
2014,12,REG,2014-11-23,NE,DET,34,9,7,7,0
2014,12,REG,2014-11-23,PHI,TEN,43,24,7,6,0
2014,12,REG,2014-11-23,LAC,LA,27,24,7,7,0
2014,12,REG,2014-11-23,SEA,ARI,19,3,7,7,1
2014,12,REG,2014-11-23,DEN,MIA,39,36,7,10,0
2014,12,REG,2014-11-23,SF,WAS,17,13,7,7,0
2014,12,REG,2014-11-23,NYG,DAL,28,31,7,14,1
2014,12,REG,2014-11-24,BUF,NYJ,38,3,11,15,1
2014,12,REG,2014-11-24,NO,BAL,27,34,8,15,0
2014,13,REG,2014-11-27,DET,CHI,34,17,4,4,1
2014,13,REG,2014-11-27,DAL,PHI,10,33,4,4,1
2014,13,REG,2014-11-27,SF,SEA,3,19,4,4,1
2014,13,REG,2014-11-30,BAL,LAC,33,34,6,7,0
2014,13,REG,2014-11-30,BUF,CLE,26,10,6,7,0
2014,13,REG,2014-11-30,HOU,TEN,45,21,7,7,1
2014,13,REG,2014-11-30,IND,WAS,49,27,7,7,0
2014,13,REG,2014-11-30,JAX,NYG,25,24,7,7,0
2014,13,REG,2014-11-30,MIN,CAR,31,13,7,14,0
2014,13,REG,2014-11-30,PIT,NO,32,35,13,6,0
2014,13,REG,2014-11-30,LA,LV,52,0,7,10,0
2014,13,REG,2014-11-30,TB,CIN,13,14,7,7,0
2014,13,REG,2014-11-30,ATL,ARI,29,18,7,7,0
2014,13,REG,2014-11-30,GB,NE,26,21,7,7,0
2014,13,REG,2014-11-30,KC,DEN,16,29,10,7,1
2014,13,REG,2014-12-01,NYJ,MIA,13,16,7,8,1
2014,14,REG,2014-12-04,CHI,DAL,28,41,7,7,0
2014,14,REG,2014-12-07,CIN,PIT,21,42,7,7,1
2014,14,REG,2014-12-07,CLE,IND,24,25,7,7,0
2014,14,REG,2014-12-07,DET,TB,34,17,10,7,0
2014,14,REG,2014-12-07,JAX,HOU,13,27,7,7,1
2014,14,REG,2014-12-07,MIA,BAL,13,28,6,7,0
2014,14,REG,2014-12-07,MIN,NYJ,30,24,7,6,0
2014,14,REG,2014-12-07,NO,CAR,10,41,7,7,1
2014,14,REG,2014-12-07,TEN,NYG,7,36,7,7,0
2014,14,REG,2014-12-07,WAS,LA,0,24,7,7,0
2014,14,REG,2014-12-07,ARI,KC,17,14,7,7,0
2014,14,REG,2014-12-07,DEN,BUF,24,17,7,7,0
2014,14,REG,2014-12-07,LV,SF,24,13,7,10,0
2014,14,REG,2014-12-07,PHI,SEA,14,24,10,10,0
2014,14,REG,2014-12-07,LAC,NE,14,23,7,7,0
2014,14,REG,2014-12-08,GB,ATL,43,37,8,8,0
2014,15,REG,2014-12-11,LA,ARI,6,12,4,4,1
2014,15,REG,2014-12-14,ATL,PIT,20,27,6,7,0
2014,15,REG,2014-12-14,BAL,JAX,20,12,7,7,0
2014,15,REG,2014-12-14,BUF,GB,21,13,7,6,0
2014,15,REG,2014-12-14,CAR,TB,19,17,7,7,1
2014,15,REG,2014-12-14,CLE,CIN,0,30,7,7,1
2014,15,REG,2014-12-14,IND,HOU,17,10,7,7,1
2014,15,REG,2014-12-14,KC,LV,31,13,7,7,1
2014,15,REG,2014-12-14,NE,MIA,41,13,7,7,1
2014,15,REG,2014-12-14,NYG,WAS,24,13,7,7,1
2014,15,REG,2014-12-14,LAC,DEN,10,22,7,7,1
2014,15,REG,2014-12-14,TEN,NYJ,11,16,7,7,0
2014,15,REG,2014-12-14,DET,MIN,16,14,7,7,1
2014,15,REG,2014-12-14,SEA,SF,17,7,7,7,1
2014,15,REG,2014-12-14,PHI,DAL,27,38,7,10,1
2014,15,REG,2014-12-15,CHI,NO,15,31,11,8,0
2014,16,REG,2014-12-18,JAX,TEN,21,13,4,4,1
2014,16,REG,2014-12-20,WAS,PHI,27,24,6,6,1
2014,16,REG,2014-12-20,SF,LAC,35,38,6,6,0
2014,16,REG,2014-12-21,CAR,CLE,17,13,7,7,0
2014,16,REG,2014-12-21,CHI,DET,14,20,6,7,1
2014,16,REG,2014-12-21,HOU,BAL,25,13,7,7,0
2014,16,REG,2014-12-21,MIA,MIN,37,35,7,7,0
2014,16,REG,2014-12-21,NO,ATL,14,30,6,7,1
2014,16,REG,2014-12-21,NYJ,NE,16,17,7,7,1
2014,16,REG,2014-12-21,PIT,KC,20,12,7,7,0
2014,16,REG,2014-12-21,TB,GB,3,20,7,7,0
2014,16,REG,2014-12-21,LA,NYG,27,37,10,7,0
2014,16,REG,2014-12-21,DAL,IND,42,7,7,7,0
2014,16,REG,2014-12-21,LV,BUF,26,24,7,7,0
2014,16,REG,2014-12-21,ARI,SEA,6,35,10,7,1
2014,16,REG,2014-12-22,CIN,DEN,37,28,8,8,0
2014,17,REG,2014-12-28,BAL,CLE,20,10,7,7,1
2014,17,REG,2014-12-28,HOU,JAX,23,17,7,10,1
2014,17,REG,2014-12-28,KC,LAC,19,7,7,8,1
2014,17,REG,2014-12-28,MIA,NYJ,24,37,7,7,1
2014,17,REG,2014-12-28,MIN,CHI,13,9,7,7,1
2014,17,REG,2014-12-28,NE,BUF,9,17,7,7,1
2014,17,REG,2014-12-28,NYG,PHI,26,34,7,8,1
2014,17,REG,2014-12-28,TB,NO,20,23,7,7,1
2014,17,REG,2014-12-28,TEN,IND,10,27,10,7,1
2014,17,REG,2014-12-28,WAS,DAL,17,44,8,7,1
2014,17,REG,2014-12-28,ATL,CAR,3,34,7,7,1
2014,17,REG,2014-12-28,DEN,LV,47,14,6,7,1
2014,17,REG,2014-12-28,GB,DET,30,20,7,7,1
2014,17,REG,2014-12-28,SEA,LA,20,6,7,7,1
2014,17,REG,2014-12-28,SF,ARI,20,17,8,7,1
2014,17,REG,2014-12-28,PIT,CIN,27,17,7,6,1
2014,18,WC,2015-01-03,CAR,ARI,27,16,6,6,0
2014,18,WC,2015-01-03,PIT,BAL,17,30,6,6,1
2014,18,WC,2015-01-04,IND,CIN,26,10,7,7,0
2014,18,WC,2015-01-04,DAL,DET,24,20,7,7,0
2014,19,DIV,2015-01-10,NE,BAL,35,31,13,7,0
2014,19,DIV,2015-01-10,SEA,CAR,31,17,13,7,0
2014,19,DIV,2015-01-11,GB,DAL,26,21,14,7,0
2014,19,DIV,2015-01-11,DEN,IND,13,24,14,7,0
2014,20,CON,2015-01-18,SEA,GB,28,22,8,7,0
2014,20,CON,2015-01-18,NE,IND,45,7,8,7,0
2014,21,SB,2015-02-01,SEA,NE,24,28,14,14,0
2015,1,REG,2015-09-10,NE,PIT,28,21,7,7,0
2015,1,REG,2015-09-13,BUF,IND,27,14,7,7,0
2015,1,REG,2015-09-13,CHI,GB,23,31,7,7,1
2015,1,REG,2015-09-13,HOU,KC,20,27,7,7,0
2015,1,REG,2015-09-13,JAX,CAR,9,20,7,7,0
2015,1,REG,2015-09-13,NYJ,CLE,31,10,7,7,0
2015,1,REG,2015-09-13,LA,SEA,34,31,7,7,1
2015,1,REG,2015-09-13,WAS,MIA,10,17,7,7,0
2015,1,REG,2015-09-13,ARI,NO,31,19,7,7,0
2015,1,REG,2015-09-13,LAC,DET,33,28,7,7,0
2015,1,REG,2015-09-13,DEN,BAL,19,13,7,7,0
2015,1,REG,2015-09-13,LV,CIN,13,33,7,7,0
2015,1,REG,2015-09-13,TB,TEN,14,42,7,7,0
2015,1,REG,2015-09-13,DAL,NYG,27,26,7,7,1
2015,1,REG,2015-09-14,ATL,PHI,26,24,7,7,0
2015,1,REG,2015-09-14,SF,MIN,20,3,7,7,0
2015,2,REG,2015-09-17,KC,DEN,24,31,4,4,1
2015,2,REG,2015-09-20,BUF,NE,32,40,7,10,1
2015,2,REG,2015-09-20,CAR,HOU,24,17,7,7,0
2015,2,REG,2015-09-20,CHI,ARI,23,48,7,7,0
2015,2,REG,2015-09-20,CIN,LAC,24,19,7,7,0
2015,2,REG,2015-09-20,CLE,TEN,28,14,7,7,0
2015,2,REG,2015-09-20,MIN,DET,26,16,6,7,1
2015,2,REG,2015-09-20,NO,TB,19,26,7,7,1
2015,2,REG,2015-09-20,NYG,ATL,20,24,7,6,0
2015,2,REG,2015-09-20,PIT,SF,43,18,10,6,0
2015,2,REG,2015-09-20,WAS,LA,24,10,7,7,0
2015,2,REG,2015-09-20,JAX,MIA,23,20,7,7,0
2015,2,REG,2015-09-20,LV,BAL,37,33,7,7,0
2015,2,REG,2015-09-20,PHI,DAL,10,20,6,7,1
2015,2,REG,2015-09-20,GB,SEA,27,17,7,7,0
2015,2,REG,2015-09-21,IND,NYJ,7,20,8,8,0
2015,3,REG,2015-09-24,NYG,WAS,32,21,4,4,1
2015,3,REG,2015-09-27,BAL,CIN,24,28,7,7,1
2015,3,REG,2015-09-27,CAR,NO,27,22,7,7,1
2015,3,REG,2015-09-27,CLE,LV,20,27,7,7,0
2015,3,REG,2015-09-27,DAL,ATL,28,39,7,7,0
2015,3,REG,2015-09-27,HOU,TB,19,9,7,7,0
2015,3,REG,2015-09-27,MIN,LAC,31,14,7,7,0
2015,3,REG,2015-09-27,NE,JAX,51,17,7,7,0
2015,3,REG,2015-09-27,NYJ,PHI,17,24,6,7,0
2015,3,REG,2015-09-27,LA,PIT,6,12,7,7,0
2015,3,REG,2015-09-27,TEN,IND,33,35,7,6,1
2015,3,REG,2015-09-27,ARI,SF,47,7,7,7,1
2015,3,REG,2015-09-27,MIA,BUF,14,41,7,7,1
2015,3,REG,2015-09-27,SEA,CHI,26,0,7,7,0
2015,3,REG,2015-09-27,DET,DEN,12,24,7,10,0
2015,3,REG,2015-09-28,GB,KC,38,28,8,11,0
2015,4,REG,2015-10-01,PIT,BAL,20,23,4,4,1
2015,4,REG,2015-10-04,MIA,NYJ,14,27,7,7,1
2015,4,REG,2015-10-04,ATL,HOU,48,21,7,7,0
2015,4,REG,2015-10-04,BUF,NYG,10,24,7,10,0
2015,4,REG,2015-10-04,CHI,LV,22,20,7,7,0
2015,4,REG,2015-10-04,CIN,KC,36,21,7,6,0
2015,4,REG,2015-10-04,IND,JAX,16,13,7,7,1
2015,4,REG,2015-10-04,TB,CAR,23,37,7,7,1
2015,4,REG,2015-10-04,WAS,PHI,23,20,10,7,1
2015,4,REG,2015-10-04,LAC,CLE,30,27,7,7,0
2015,4,REG,2015-10-04,ARI,LA,22,24,7,7,1
2015,4,REG,2015-10-04,DEN,MIN,23,20,7,7,0
2015,4,REG,2015-10-04,SF,GB,3,17,7,6,0
2015,4,REG,2015-10-04,NO,DAL,26,20,7,7,0
2015,4,REG,2015-10-05,SEA,DET,13,10,8,8,0
2015,5,REG,2015-10-08,HOU,IND,20,27,4,4,1
2015,5,REG,2015-10-11,ATL,WAS,25,19,7,7,0
2015,5,REG,2015-10-11,BAL,CLE,30,33,10,7,1
2015,5,REG,2015-10-11,CIN,SEA,27,24,7,6,0
2015,5,REG,2015-10-11,GB,LA,24,10,7,7,0
2015,5,REG,2015-10-11,KC,CHI,17,18,7,7,0
2015,5,REG,2015-10-11,PHI,NO,39,17,7,7,0
2015,5,REG,2015-10-11,TB,JAX,38,31,7,7,0
2015,5,REG,2015-10-11,TEN,BUF,13,14,14,7,0
2015,5,REG,2015-10-11,DET,ARI,17,42,6,7,0
2015,5,REG,2015-10-11,DAL,NE,6,30,7,14,0
2015,5,REG,2015-10-11,LV,DEN,10,16,7,7,1
2015,5,REG,2015-10-11,NYG,SF,30,27,7,7,0
2015,5,REG,2015-10-12,LAC,PIT,20,24,8,11,0
2015,6,REG,2015-10-15,NO,ATL,31,21,4,4,1
2015,6,REG,2015-10-18,BUF,CIN,21,34,7,7,0
2015,6,REG,2015-10-18,CLE,DEN,23,26,7,7,0
2015,6,REG,2015-10-18,DET,CHI,37,34,7,7,1
2015,6,REG,2015-10-18,JAX,HOU,20,31,7,10,1
2015,6,REG,2015-10-18,MIN,KC,16,10,14,7,0
2015,6,REG,2015-10-18,NYJ,WAS,34,20,14,7,0
2015,6,REG,2015-10-18,PIT,ARI,25,13,6,7,0
2015,6,REG,2015-10-18,TEN,MIA,10,38,7,14,0
2015,6,REG,2015-10-18,SEA,CAR,23,27,7,14,0
2015,6,REG,2015-10-18,GB,LAC,27,20,7,6,0
2015,6,REG,2015-10-18,SF,BAL,25,20,7,7,0
2015,6,REG,2015-10-18,IND,NE,27,34,10,7,0
2015,6,REG,2015-10-19,PHI,NYG,27,7,8,8,1
2015,7,REG,2015-10-22,SF,SEA,3,20,4,4,1
2015,7,REG,2015-10-25,JAX,BUF,34,31,7,7,0
2015,7,REG,2015-10-25,DET,MIN,19,28,7,7,1
2015,7,REG,2015-10-25,IND,NO,21,27,7,10,0
2015,7,REG,2015-10-25,KC,PIT,23,13,7,7,0
2015,7,REG,2015-10-25,MIA,HOU,44,26,7,7,0
2015,7,REG,2015-10-25,NE,NYJ,30,23,7,7,1
2015,7,REG,2015-10-25,LA,CLE,24,6,14,7,0
2015,7,REG,2015-10-25,TEN,ATL,7,10,7,10,0
2015,7,REG,2015-10-25,WAS,TB,31,30,7,14,0
2015,7,REG,2015-10-25,LAC,LV,29,37,7,14,1
2015,7,REG,2015-10-25,NYG,DAL,27,20,6,14,1
2015,7,REG,2015-10-25,CAR,PHI,27,16,7,6,0
2015,7,REG,2015-10-26,ARI,BAL,26,18,8,8,0
2015,8,REG,2015-10-29,NE,MIA,36,7,4,4,1
2015,8,REG,2015-11-01,KC,DET,45,10,7,7,0
2015,8,REG,2015-11-01,ATL,TB,20,23,7,7,1
2015,8,REG,2015-11-01,BAL,LAC,29,26,6,7,0
2015,8,REG,2015-11-01,CHI,MIN,20,23,14,7,1
2015,8,REG,2015-11-01,CLE,ARI,20,34,7,6,0
2015,8,REG,2015-11-01,HOU,TEN,20,6,7,7,1
2015,8,REG,2015-11-01,NO,NYG,52,49,7,7,0
2015,8,REG,2015-11-01,PIT,CIN,10,16,7,14,1
2015,8,REG,2015-11-01,LA,SF,27,6,7,10,1
2015,8,REG,2015-11-01,LV,NYJ,34,20,7,7,0
2015,8,REG,2015-11-01,DAL,SEA,12,13,7,10,0
2015,8,REG,2015-11-01,DEN,GB,29,10,14,14,0
2015,8,REG,2015-11-02,CAR,IND,29,26,8,8,0
2015,9,REG,2015-11-05,CIN,CLE,31,10,4,4,1
2015,9,REG,2015-11-08,BUF,MIA,33,17,14,10,1
2015,9,REG,2015-11-08,CAR,GB,37,29,6,7,0
2015,9,REG,2015-11-08,MIN,LA,21,18,7,7,0
2015,9,REG,2015-11-08,NE,WAS,27,10,10,14,0
2015,9,REG,2015-11-08,NO,TEN,28,34,7,7,0
2015,9,REG,2015-11-08,NYJ,JAX,28,23,7,14,0
2015,9,REG,2015-11-08,PIT,LV,38,35,7,7,0
2015,9,REG,2015-11-08,SF,ATL,17,16,7,7,0
2015,9,REG,2015-11-08,TB,NYG,18,32,7,7,0
2015,9,REG,2015-11-08,IND,DEN,27,24,6,7,0
2015,9,REG,2015-11-08,DAL,PHI,27,33,7,14,1
2015,9,REG,2015-11-09,LAC,CHI,19,22,8,8,0
2015,10,REG,2015-11-12,NYJ,BUF,17,22,4,4,1
2015,10,REG,2015-11-15,BAL,JAX,20,22,14,7,0
2015,10,REG,2015-11-15,GB,DET,16,18,7,14,1
2015,10,REG,2015-11-15,PHI,MIA,19,20,7,7,0
2015,10,REG,2015-11-15,PIT,CLE,30,9,7,10,1
2015,10,REG,2015-11-15,LA,CHI,13,37,7,6,0
2015,10,REG,2015-11-15,TB,DAL,10,6,7,7,0
2015,10,REG,2015-11-15,TEN,CAR,10,27,7,7,0
2015,10,REG,2015-11-15,WAS,NO,47,14,7,7,0
2015,10,REG,2015-11-15,LV,MIN,14,30,7,7,0
2015,10,REG,2015-11-15,DEN,KC,13,29,7,14,1
2015,10,REG,2015-11-15,NYG,NE,26,27,7,7,0
2015,10,REG,2015-11-15,SEA,ARI,32,39,14,14,1
2015,10,REG,2015-11-16,CIN,HOU,6,10,11,15,0
2015,11,REG,2015-11-19,JAX,TEN,19,13,4,4,1
2015,11,REG,2015-11-22,ATL,IND,21,24,14,14,0
2015,11,REG,2015-11-22,BAL,LA,16,13,7,7,0
2015,11,REG,2015-11-22,CAR,WAS,44,16,7,7,0
2015,11,REG,2015-11-22,CHI,DEN,15,17,7,7,0
2015,11,REG,2015-11-22,DET,LV,18,13,7,7,0
2015,11,REG,2015-11-22,HOU,NYJ,24,17,6,10,0
2015,11,REG,2015-11-22,MIA,DAL,14,24,7,7,0
2015,11,REG,2015-11-22,PHI,TB,17,45,7,7,0
2015,11,REG,2015-11-22,LAC,KC,3,33,13,7,1
2015,11,REG,2015-11-22,MIN,GB,13,30,7,7,1
2015,11,REG,2015-11-22,SEA,SF,29,13,7,14,1
2015,11,REG,2015-11-22,ARI,CIN,34,31,7,6,0
2015,11,REG,2015-11-23,NE,BUF,20,13,8,11,1
2015,12,REG,2015-11-26,DET,PHI,45,14,4,4,0
2015,12,REG,2015-11-26,DAL,CAR,14,33,4,4,0
2015,12,REG,2015-11-26,GB,CHI,13,17,4,4,1
2015,12,REG,2015-11-29,ATL,MIN,10,20,7,7,0
2015,12,REG,2015-11-29,CIN,LA,31,7,7,7,0
2015,12,REG,2015-11-29,HOU,NO,24,6,7,14,0
2015,12,REG,2015-11-29,IND,TB,25,12,7,7,0
2015,12,REG,2015-11-29,JAX,LAC,25,31,10,7,0
2015,12,REG,2015-11-29,KC,BUF,30,22,7,6,0
2015,12,REG,2015-11-29,NYJ,MIA,38,20,7,7,1
2015,12,REG,2015-11-29,TEN,LV,21,24,10,7,0
2015,12,REG,2015-11-29,WAS,NYG,20,14,7,14,1
2015,12,REG,2015-11-29,SF,ARI,13,19,7,7,1
2015,12,REG,2015-11-29,SEA,PIT,39,30,7,14,0
2015,12,REG,2015-11-29,DEN,NE,30,24,7,6,0
2015,12,REG,2015-11-30,CLE,BAL,27,33,15,8,1
2015,13,REG,2015-12-03,DET,GB,23,27,7,7,1
2015,13,REG,2015-12-06,BUF,HOU,30,21,7,7,0
2015,13,REG,2015-12-06,CHI,SF,20,26,10,7,0
2015,13,REG,2015-12-06,CLE,CIN,3,37,6,7,1
2015,13,REG,2015-12-06,MIA,BAL,15,13,7,6,0
2015,13,REG,2015-12-06,MIN,SEA,7,38,7,7,0
2015,13,REG,2015-12-06,NYG,NYJ,20,23,7,7,0
2015,13,REG,2015-12-06,LA,ARI,3,27,7,7,1
2015,13,REG,2015-12-06,TB,ATL,23,19,7,7,1
2015,13,REG,2015-12-06,TEN,JAX,42,39,7,7,1
2015,13,REG,2015-12-06,LV,KC,20,34,7,7,1
2015,13,REG,2015-12-06,LAC,DEN,3,17,7,7,1
2015,13,REG,2015-12-06,NE,PHI,28,35,7,10,0
2015,13,REG,2015-12-06,NO,CAR,38,41,7,10,1
2015,13,REG,2015-12-06,PIT,IND,45,10,7,7,0
2015,13,REG,2015-12-07,WAS,DAL,16,19,8,11,1
2015,14,REG,2015-12-10,ARI,MIN,23,20,4,4,0
2015,14,REG,2015-12-13,BAL,SEA,6,35,7,7,0
2015,14,REG,2015-12-13,CAR,ATL,38,0,7,7,1
2015,14,REG,2015-12-13,CHI,WAS,21,24,7,6,0
2015,14,REG,2015-12-13,CIN,PIT,20,33,7,7,1
2015,14,REG,2015-12-13,CLE,SF,24,10,7,7,0
2015,14,REG,2015-12-13,JAX,IND,51,16,7,7,1
2015,14,REG,2015-12-13,KC,LAC,10,3,7,7,1
2015,14,REG,2015-12-13,NYJ,TEN,30,8,7,7,0
2015,14,REG,2015-12-13,PHI,BUF,23,20,7,7,0
2015,14,REG,2015-12-13,LA,DET,21,14,7,10,0
2015,14,REG,2015-12-13,TB,NO,17,24,7,7,1
2015,14,REG,2015-12-13,DEN,LV,12,15,7,7,1
2015,14,REG,2015-12-13,GB,DAL,28,7,10,6,0
2015,14,REG,2015-12-13,HOU,NE,6,27,7,7,0
2015,14,REG,2015-12-14,MIA,NYG,24,31,8,8,0
2015,15,REG,2015-12-17,LA,TB,31,23,4,4,0
2015,15,REG,2015-12-19,DAL,NYJ,16,19,6,6,0
2015,15,REG,2015-12-20,BAL,KC,14,34,7,7,0
2015,15,REG,2015-12-20,IND,HOU,10,16,7,7,1
2015,15,REG,2015-12-20,JAX,ATL,17,23,7,7,0
2015,15,REG,2015-12-20,MIN,CHI,38,17,10,7,1
2015,15,REG,2015-12-20,NE,TEN,33,16,7,7,0
2015,15,REG,2015-12-20,NYG,CAR,35,38,6,7,0
2015,15,REG,2015-12-20,WAS,BUF,35,25,7,7,0
2015,15,REG,2015-12-20,LV,GB,20,30,7,7,0
2015,15,REG,2015-12-20,SEA,CLE,30,13,7,7,0
2015,15,REG,2015-12-20,PIT,DEN,34,27,7,7,0
2015,15,REG,2015-12-20,LAC,MIA,30,14,7,6,0
2015,15,REG,2015-12-20,SF,CIN,14,24,7,7,0
2015,15,REG,2015-12-20,PHI,ARI,17,40,7,10,0
2015,15,REG,2015-12-21,NO,DET,27,35,8,8,0
2015,16,REG,2015-12-24,LV,LAC,23,20,4,4,1
2015,16,REG,2015-12-26,PHI,WAS,24,38,6,6,1
2015,16,REG,2015-12-27,ATL,CAR,20,13,7,7,1
2015,16,REG,2015-12-27,BAL,PIT,20,17,7,7,1
2015,16,REG,2015-12-27,BUF,DAL,16,6,7,8,0
2015,16,REG,2015-12-27,DET,SF,32,17,6,7,0
2015,16,REG,2015-12-27,KC,CLE,17,13,7,7,0
2015,16,REG,2015-12-27,MIA,IND,12,18,7,7,0
2015,16,REG,2015-12-27,NYJ,NE,26,20,8,7,1
2015,16,REG,2015-12-27,TB,CHI,21,26,10,7,0
2015,16,REG,2015-12-27,TEN,HOU,6,34,7,7,1
2015,16,REG,2015-12-27,NO,JAX,38,27,6,7,0
2015,16,REG,2015-12-27,ARI,GB,38,8,7,7,0
2015,16,REG,2015-12-27,SEA,LA,17,23,7,10,1
2015,16,REG,2015-12-27,MIN,NYG,49,17,7,7,0
2015,16,REG,2015-12-28,DEN,CIN,20,17,8,8,0
2015,17,REG,2016-01-03,ATL,NO,17,20,7,7,1
2015,17,REG,2016-01-03,BUF,NYJ,22,17,7,7,1
2015,17,REG,2016-01-03,CHI,DET,20,24,7,7,1
2015,17,REG,2016-01-03,CIN,BAL,24,16,6,7,1
2015,17,REG,2016-01-03,CLE,PIT,12,28,7,7,1
2015,17,REG,2016-01-03,DAL,WAS,23,34,7,8,1
2015,17,REG,2016-01-03,HOU,JAX,30,6,7,7,1
2015,17,REG,2016-01-03,IND,TEN,30,24,7,7,1
2015,17,REG,2016-01-03,MIA,NE,20,10,7,7,1
2015,17,REG,2016-01-03,NYG,PHI,30,35,7,8,1
2015,17,REG,2016-01-03,ARI,SEA,6,36,7,7,1
2015,17,REG,2016-01-03,CAR,TB,38,10,7,7,1
2015,17,REG,2016-01-03,DEN,LAC,27,20,6,10,1
2015,17,REG,2016-01-03,KC,LV,23,17,7,10,1
2015,17,REG,2016-01-03,SF,LA,19,16,7,7,1
2015,17,REG,2016-01-03,GB,MIN,13,20,7,7,1
2015,18,WC,2016-01-09,HOU,KC,0,30,6,6,0
2015,18,WC,2016-01-09,CIN,PIT,16,18,6,6,1
2015,18,WC,2016-01-10,MIN,SEA,9,10,7,7,0
2015,18,WC,2016-01-10,WAS,GB,18,35,7,7,0
2015,19,DIV,2016-01-16,NE,KC,27,20,13,7,0
2015,19,DIV,2016-01-16,ARI,GB,26,20,13,6,0
2015,19,DIV,2016-01-17,CAR,SEA,31,24,14,7,0
2015,19,DIV,2016-01-17,DEN,PIT,23,16,14,8,0
2015,20,CON,2016-01-24,DEN,NE,20,18,7,8,0
2015,20,CON,2016-01-24,CAR,ARI,49,15,7,8,0
2015,21,SB,2016-02-07,DEN,CAR,24,10,14,14,0
2016,1,REG,2016-09-08,DEN,CAR,21,20,7,7,0
2016,1,REG,2016-09-11,ATL,TB,24,31,7,7,1
2016,1,REG,2016-09-11,BAL,BUF,13,7,7,7,0
2016,1,REG,2016-09-11,HOU,CHI,23,14,7,7,0
2016,1,REG,2016-09-11,JAX,GB,23,27,7,7,0
2016,1,REG,2016-09-11,KC,LAC,33,27,7,7,1
2016,1,REG,2016-09-11,NO,LV,34,35,7,7,0
2016,1,REG,2016-09-11,NYJ,CIN,22,23,7,7,0
2016,1,REG,2016-09-11,PHI,CLE,29,10,7,7,0
2016,1,REG,2016-09-11,TEN,MIN,16,25,7,7,0
2016,1,REG,2016-09-11,SEA,MIA,12,10,7,7,0
2016,1,REG,2016-09-11,DAL,NYG,19,20,7,7,1
2016,1,REG,2016-09-11,IND,DET,35,39,7,7,0
2016,1,REG,2016-09-11,ARI,NE,21,23,7,7,0
2016,1,REG,2016-09-12,WAS,PIT,16,38,7,7,0
2016,1,REG,2016-09-12,SF,LA,28,0,7,7,1
2016,2,REG,2016-09-15,BUF,NYJ,31,37,4,4,1
2016,2,REG,2016-09-18,ARI,TB,40,7,7,7,0
2016,2,REG,2016-09-18,CAR,SF,46,27,10,6,0
2016,2,REG,2016-09-18,CLE,BAL,20,25,7,7,1
2016,2,REG,2016-09-18,DET,TEN,15,16,7,7,0
2016,2,REG,2016-09-18,HOU,KC,19,12,7,7,0
2016,2,REG,2016-09-18,NE,MIA,31,24,7,7,1
2016,2,REG,2016-09-18,NYG,NO,16,13,7,7,0
2016,2,REG,2016-09-18,PIT,CIN,24,16,6,7,1
2016,2,REG,2016-09-18,WAS,DAL,23,27,6,7,1
2016,2,REG,2016-09-18,LA,SEA,9,3,6,7,1
2016,2,REG,2016-09-18,DEN,IND,34,20,10,7,0
2016,2,REG,2016-09-18,LV,ATL,28,35,7,7,0
2016,2,REG,2016-09-18,LAC,JAX,38,14,7,7,0
2016,2,REG,2016-09-18,MIN,GB,17,14,7,7,1
2016,2,REG,2016-09-19,CHI,PHI,14,29,8,8,0
2016,3,REG,2016-09-22,NE,HOU,27,0,4,4,0
2016,3,REG,2016-09-25,BUF,ARI,33,18,10,7,0
2016,3,REG,2016-09-25,CAR,MIN,10,22,7,7,0
2016,3,REG,2016-09-25,CIN,DEN,17,29,7,7,0
2016,3,REG,2016-09-25,GB,DET,34,27,7,7,1
2016,3,REG,2016-09-25,JAX,BAL,17,19,7,7,0
2016,3,REG,2016-09-25,MIA,CLE,30,24,7,7,0
2016,3,REG,2016-09-25,NYG,WAS,27,29,7,7,1
2016,3,REG,2016-09-25,TEN,LV,10,17,7,7,0
2016,3,REG,2016-09-25,SEA,SF,37,18,7,7,1
2016,3,REG,2016-09-25,TB,LA,32,37,7,7,0
2016,3,REG,2016-09-25,IND,LAC,26,22,7,7,0
2016,3,REG,2016-09-25,KC,NYJ,24,3,7,10,0
2016,3,REG,2016-09-25,PHI,PIT,34,3,6,7,0
2016,3,REG,2016-09-25,DAL,CHI,31,17,7,6,0
2016,3,REG,2016-09-26,NO,ATL,32,45,8,8,1
2016,4,REG,2016-09-29,CIN,MIA,22,7,4,4,0
2016,4,REG,2016-10-02,JAX,IND,30,27,7,7,1
2016,4,REG,2016-10-02,ATL,CAR,48,33,6,7,1
2016,4,REG,2016-10-02,BAL,LV,27,28,7,7,0
2016,4,REG,2016-10-02,CHI,DET,17,14,7,7,1
2016,4,REG,2016-10-02,HOU,TEN,27,20,10,7,1
2016,4,REG,2016-10-02,NE,BUF,0,16,10,7,1
2016,4,REG,2016-10-02,NYJ,SEA,17,27,7,7,0
2016,4,REG,2016-10-02,WAS,CLE,31,20,7,7,0
2016,4,REG,2016-10-02,TB,DEN,7,27,7,7,0
2016,4,REG,2016-10-02,ARI,LA,13,17,7,7,1
2016,4,REG,2016-10-02,LAC,NO,34,35,7,6,0
2016,4,REG,2016-10-02,SF,DAL,17,24,7,7,0
2016,4,REG,2016-10-02,PIT,KC,43,14,7,7,0
2016,4,REG,2016-10-03,MIN,NYG,24,10,8,8,0
2016,5,REG,2016-10-06,SF,ARI,21,33,4,4,1
2016,5,REG,2016-10-09,BAL,WAS,10,16,7,7,0
2016,5,REG,2016-10-09,CLE,NE,13,33,7,7,0
2016,5,REG,2016-10-09,DET,PHI,24,23,7,14,0
2016,5,REG,2016-10-09,IND,CHI,29,23,7,7,0
2016,5,REG,2016-10-09,MIA,TEN,17,30,10,7,0
2016,5,REG,2016-10-09,MIN,HOU,31,13,6,7,0
2016,5,REG,2016-10-09,PIT,NYJ,31,13,7,7,0
2016,5,REG,2016-10-09,DEN,ATL,16,23,7,7,0
2016,5,REG,2016-10-09,DAL,CIN,28,14,7,10,0
2016,5,REG,2016-10-09,LA,BUF,19,30,7,7,0
2016,5,REG,2016-10-09,LV,LAC,34,31,7,7,1
2016,5,REG,2016-10-09,GB,NYG,23,16,14,6,0
2016,5,REG,2016-10-10,CAR,TB,14,17,8,8,1
2016,6,REG,2016-10-13,LAC,DEN,21,13,4,4,1
2016,6,REG,2016-10-16,BUF,SF,45,16,7,10,0
2016,6,REG,2016-10-16,CHI,JAX,16,17,7,14,0
2016,6,REG,2016-10-16,DET,LA,31,28,7,7,0
2016,6,REG,2016-10-16,MIA,PIT,30,15,7,7,0
2016,6,REG,2016-10-16,NE,CIN,35,17,7,7,0
2016,6,REG,2016-10-16,NO,CAR,41,38,14,6,1
2016,6,REG,2016-10-16,NYG,BAL,27,23,7,7,0
2016,6,REG,2016-10-16,TEN,CLE,28,26,7,7,0
2016,6,REG,2016-10-16,WAS,PHI,27,20,7,7,1
2016,6,REG,2016-10-16,LV,KC,10,26,7,14,1
2016,6,REG,2016-10-16,GB,DAL,16,30,7,7,0
2016,6,REG,2016-10-16,SEA,ATL,26,24,14,7,0
2016,6,REG,2016-10-16,HOU,IND,26,23,7,7,1
2016,6,REG,2016-10-17,ARI,NYJ,28,3,11,8,0
2016,7,REG,2016-10-20,GB,CHI,26,10,4,4,1
2016,7,REG,2016-10-23,LA,NYG,10,17,7,7,0
2016,7,REG,2016-10-23,CIN,CLE,31,17,7,7,1
2016,7,REG,2016-10-23,DET,WAS,20,17,7,7,0
2016,7,REG,2016-10-23,JAX,LV,16,33,7,7,0
2016,7,REG,2016-10-23,KC,NO,27,21,7,7,0
2016,7,REG,2016-10-23,MIA,BUF,28,25,7,7,1
2016,7,REG,2016-10-23,NYJ,BAL,24,16,6,7,0
2016,7,REG,2016-10-23,PHI,MIN,21,10,7,14,0
2016,7,REG,2016-10-23,TEN,IND,26,34,7,7,1
2016,7,REG,2016-10-23,ATL,LAC,30,33,7,10,0
2016,7,REG,2016-10-23,SF,TB,17,34,7,13,0
2016,7,REG,2016-10-23,PIT,NE,16,27,7,7,0
2016,7,REG,2016-10-23,ARI,SEA,6,6,6,7,1
2016,7,REG,2016-10-24,DEN,HOU,27,9,11,8,0
2016,8,REG,2016-10-27,TEN,JAX,36,22,4,4,1
2016,8,REG,2016-10-30,CIN,WAS,27,27,7,7,0
2016,8,REG,2016-10-30,BUF,NE,25,41,7,7,1
2016,8,REG,2016-10-30,CAR,ARI,30,20,14,7,0
2016,8,REG,2016-10-30,CLE,NYJ,28,31,7,7,0
2016,8,REG,2016-10-30,HOU,DET,20,13,6,7,0
2016,8,REG,2016-10-30,IND,KC,14,30,7,7,0
2016,8,REG,2016-10-30,NO,SEA,25,20,7,7,0
2016,8,REG,2016-10-30,TB,LV,24,30,7,7,0
2016,8,REG,2016-10-30,DEN,LAC,27,19,6,7,1
2016,8,REG,2016-10-30,ATL,GB,33,32,7,10,0
2016,8,REG,2016-10-30,DAL,PHI,29,23,14,7,1
2016,8,REG,2016-10-31,CHI,MIN,20,10,11,8,1
2016,9,REG,2016-11-03,TB,ATL,28,43,4,4,1
2016,9,REG,2016-11-06,BAL,PIT,21,14,14,14,1
2016,9,REG,2016-11-06,CLE,DAL,10,35,7,7,0
2016,9,REG,2016-11-06,KC,JAX,19,14,7,10,0
2016,9,REG,2016-11-06,MIA,NYJ,27,23,14,7,1
2016,9,REG,2016-11-06,MIN,DET,16,22,6,7,1
2016,9,REG,2016-11-06,NYG,PHI,28,23,14,7,1
2016,9,REG,2016-11-06,LA,CAR,10,13,14,7,0
2016,9,REG,2016-11-06,SF,NO,23,41,14,7,0
2016,9,REG,2016-11-06,GB,IND,26,31,7,7,0
2016,9,REG,2016-11-06,LAC,TEN,43,35,7,10,0
2016,9,REG,2016-11-06,LV,DEN,30,20,7,7,1
2016,9,REG,2016-11-07,SEA,BUF,31,25,8,8,0
2016,10,REG,2016-11-10,BAL,CLE,28,7,4,4,1
2016,10,REG,2016-11-13,CAR,KC,17,20,7,7,0
2016,10,REG,2016-11-13,JAX,HOU,21,24,7,14,1
2016,10,REG,2016-11-13,NO,DEN,23,25,7,7,0
2016,10,REG,2016-11-13,NYJ,LA,6,9,7,7,0
2016,10,REG,2016-11-13,PHI,ATL,24,15,7,10,0
2016,10,REG,2016-11-13,TB,CHI,36,10,10,13,0
2016,10,REG,2016-11-13,TEN,GB,47,25,7,7,0
2016,10,REG,2016-11-13,WAS,MIN,26,20,14,7,0
2016,10,REG,2016-11-13,LAC,MIA,24,31,7,7,0
2016,10,REG,2016-11-13,ARI,SF,23,20,14,7,1
2016,10,REG,2016-11-13,PIT,DAL,30,35,7,7,0
2016,10,REG,2016-11-13,NE,SEA,24,31,14,6,0
2016,10,REG,2016-11-14,NYG,CIN,21,20,8,15,0
2016,11,REG,2016-11-17,CAR,NO,23,20,4,4,1
2016,11,REG,2016-11-20,CIN,BUF,12,16,6,13,0
2016,11,REG,2016-11-20,CLE,PIT,9,24,10,7,1
2016,11,REG,2016-11-20,DAL,BAL,27,17,7,10,0
2016,11,REG,2016-11-20,DET,JAX,26,19,14,7,0
2016,11,REG,2016-11-20,IND,TEN,24,17,14,7,1
2016,11,REG,2016-11-20,KC,TB,17,19,7,7,0
2016,11,REG,2016-11-20,MIN,ARI,30,24,7,7,0
2016,11,REG,2016-11-20,NYG,CHI,22,16,6,7,0
2016,11,REG,2016-11-20,LA,MIA,10,14,7,7,0
2016,11,REG,2016-11-20,SEA,PHI,26,15,7,7,0
2016,11,REG,2016-11-20,SF,NE,17,30,7,7,0
2016,11,REG,2016-11-20,WAS,GB,42,24,7,7,0
2016,11,REG,2016-11-21,LV,HOU,27,20,15,8,0
2016,12,REG,2016-11-24,DET,MIN,16,13,4,4,1
2016,12,REG,2016-11-24,DAL,WAS,31,26,4,4,1
2016,12,REG,2016-11-24,IND,PIT,7,28,4,4,0
2016,12,REG,2016-11-27,ATL,ARI,38,19,14,7,0
2016,12,REG,2016-11-27,BAL,CIN,19,14,7,7,1
2016,12,REG,2016-11-27,BUF,JAX,28,21,7,7,0
2016,12,REG,2016-11-27,CHI,TEN,21,27,7,7,0
2016,12,REG,2016-11-27,CLE,NYG,13,27,7,7,0
2016,12,REG,2016-11-27,HOU,LAC,13,21,6,14,0
2016,12,REG,2016-11-27,MIA,SF,31,24,7,7,0
2016,12,REG,2016-11-27,NO,LA,49,21,10,7,0
2016,12,REG,2016-11-27,TB,SEA,14,5,7,7,0
2016,12,REG,2016-11-27,NYJ,NE,17,22,14,7,1
2016,12,REG,2016-11-27,LV,CAR,35,32,6,10,0
2016,12,REG,2016-11-27,DEN,KC,27,30,14,7,1
2016,12,REG,2016-11-28,PHI,GB,13,27,8,8,0
2016,13,REG,2016-12-01,MIN,DAL,15,17,7,7,0
2016,13,REG,2016-12-04,ATL,KC,28,29,7,7,0
2016,13,REG,2016-12-04,BAL,MIA,38,6,7,7,0
2016,13,REG,2016-12-04,CHI,SF,26,6,7,7,0
2016,13,REG,2016-12-04,CIN,PHI,32,14,7,6,0
2016,13,REG,2016-12-04,GB,HOU,21,13,6,7,0
2016,13,REG,2016-12-04,JAX,DEN,10,20,7,7,0
2016,13,REG,2016-12-04,NE,LA,26,10,7,7,0
2016,13,REG,2016-12-04,NO,DET,13,28,7,10,0
2016,13,REG,2016-12-04,LV,BUF,38,24,7,7,0
2016,13,REG,2016-12-04,ARI,WAS,31,23,7,10,0
2016,13,REG,2016-12-04,PIT,NYG,24,14,10,7,0
2016,13,REG,2016-12-04,LAC,TB,21,28,7,7,0
2016,13,REG,2016-12-04,SEA,CAR,40,7,7,7,0
2016,13,REG,2016-12-05,NYJ,IND,10,41,8,11,0
2016,14,REG,2016-12-08,KC,LV,21,13,4,4,1
2016,14,REG,2016-12-11,BUF,PIT,20,27,7,7,0
2016,14,REG,2016-12-11,CAR,LAC,28,16,7,7,0
2016,14,REG,2016-12-11,CLE,CIN,10,23,14,7,1
2016,14,REG,2016-12-11,DET,CHI,20,17,7,7,1
2016,14,REG,2016-12-11,IND,HOU,17,22,6,7,1
2016,14,REG,2016-12-11,JAX,MIN,16,25,7,10,0
2016,14,REG,2016-12-11,MIA,ARI,26,23,7,7,0
2016,14,REG,2016-12-11,PHI,WAS,22,27,7,7,1
2016,14,REG,2016-12-11,TEN,DEN,13,10,14,7,0
2016,14,REG,2016-12-11,SF,NYJ,17,23,7,6,0
2016,14,REG,2016-12-11,GB,SEA,38,10,7,7,0
2016,14,REG,2016-12-11,LA,ATL,14,42,7,7,0
2016,14,REG,2016-12-11,TB,NO,16,11,7,7,1
2016,14,REG,2016-12-11,NYG,DAL,10,7,7,10,1
2016,14,REG,2016-12-12,NE,BAL,30,23,8,8,0
2016,15,REG,2016-12-15,SEA,LA,24,3,4,4,1
2016,15,REG,2016-12-17,NYJ,MIA,13,34,6,6,1
2016,15,REG,2016-12-18,BAL,PHI,27,26,6,7,0
2016,15,REG,2016-12-18,BUF,CLE,33,13,7,7,0
2016,15,REG,2016-12-18,CHI,GB,27,30,7,7,1
2016,15,REG,2016-12-18,CIN,PIT,20,24,7,7,1
2016,15,REG,2016-12-18,HOU,JAX,21,20,7,7,1
2016,15,REG,2016-12-18,KC,TEN,17,19,10,7,0
2016,15,REG,2016-12-18,MIN,IND,6,34,7,7,0
2016,15,REG,2016-12-18,NYG,DET,17,6,7,7,0
2016,15,REG,2016-12-18,ARI,NO,41,48,7,7,0
2016,15,REG,2016-12-18,ATL,SF,41,13,7,7,0
2016,15,REG,2016-12-18,DEN,NE,3,16,7,6,0
2016,15,REG,2016-12-18,LAC,LV,16,19,7,10,1
2016,15,REG,2016-12-18,DAL,TB,26,20,7,7,0
2016,15,REG,2016-12-19,WAS,CAR,15,26,8,8,0
2016,16,REG,2016-12-22,PHI,NYG,24,19,4,4,1
2016,16,REG,2016-12-24,BUF,MIA,31,34,6,7,1
2016,16,REG,2016-12-24,CAR,ATL,16,33,5,6,1
2016,16,REG,2016-12-24,CHI,WAS,21,41,6,5,0
2016,16,REG,2016-12-24,CLE,LAC,20,17,6,6,0
2016,16,REG,2016-12-24,GB,MIN,38,25,6,6,1
2016,16,REG,2016-12-24,JAX,TEN,38,17,6,6,1
2016,16,REG,2016-12-24,NE,NYJ,41,3,6,7,1
2016,16,REG,2016-12-24,LV,IND,33,25,6,6,0
2016,16,REG,2016-12-24,LA,SF,21,22,9,6,1
2016,16,REG,2016-12-24,NO,TB,31,24,6,6,1
2016,16,REG,2016-12-24,SEA,ARI,31,34,9,6,1
2016,16,REG,2016-12-24,HOU,CIN,12,10,6,6,0
2016,16,REG,2016-12-25,PIT,BAL,31,27,7,7,1
2016,16,REG,2016-12-25,KC,DEN,33,10,7,7,1
2016,16,REG,2016-12-26,DAL,DET,42,21,8,8,0
2016,17,REG,2017-01-01,CIN,BAL,27,10,8,7,1
2016,17,REG,2017-01-01,IND,JAX,24,20,8,8,1
2016,17,REG,2017-01-01,MIA,NE,14,35,8,8,1
2016,17,REG,2017-01-01,MIN,CHI,38,10,8,8,1
2016,17,REG,2017-01-01,NYJ,BUF,30,10,8,8,1
2016,17,REG,2017-01-01,PHI,DAL,27,13,10,6,1
2016,17,REG,2017-01-01,PIT,CLE,27,24,7,8,1
2016,17,REG,2017-01-01,TB,CAR,17,16,8,8,1
2016,17,REG,2017-01-01,TEN,HOU,24,17,8,8,1
2016,17,REG,2017-01-01,ATL,NO,38,32,8,8,1
2016,17,REG,2017-01-01,DEN,LV,24,6,7,8,1
2016,17,REG,2017-01-01,LA,ARI,6,44,8,8,1
2016,17,REG,2017-01-01,LAC,KC,27,37,8,7,1
2016,17,REG,2017-01-01,SF,SEA,23,25,8,8,1
2016,17,REG,2017-01-01,WAS,NYG,10,19,8,10,1
2016,17,REG,2017-01-01,DET,GB,24,31,6,8,1
2016,18,WC,2017-01-07,HOU,LV,27,14,6,6,0
2016,18,WC,2017-01-07,SEA,DET,26,6,6,6,0
2016,18,WC,2017-01-08,PIT,MIA,30,12,7,7,0
2016,18,WC,2017-01-08,GB,NYG,38,13,7,7,0
2016,19,DIV,2017-01-14,ATL,SEA,36,20,13,7,0
2016,19,DIV,2017-01-14,NE,HOU,34,16,13,7,0
2016,19,DIV,2017-01-15,DAL,GB,31,34,14,7,0
2016,19,DIV,2017-01-15,KC,PIT,16,18,14,7,0
2016,20,CON,2017-01-22,ATL,GB,44,21,8,7,0
2016,20,CON,2017-01-22,NE,PIT,36,17,8,7,0
2016,21,SB,2017-02-05,ATL,NE,28,34,14,14,0
2017,1,REG,2017-09-07,NE,KC,27,42,7,7,0
2017,1,REG,2017-09-10,BUF,NYJ,21,12,7,7,1
2017,1,REG,2017-09-10,CHI,ATL,17,23,7,7,0
2017,1,REG,2017-09-10,CIN,BAL,0,20,7,7,1
2017,1,REG,2017-09-10,CLE,PIT,18,21,7,7,1
2017,1,REG,2017-09-10,DET,ARI,35,23,7,7,0
2017,1,REG,2017-09-10,HOU,JAX,7,29,7,7,1
2017,1,REG,2017-09-10,TEN,LV,16,26,7,7,0
2017,1,REG,2017-09-10,WAS,PHI,17,30,7,7,1
2017,1,REG,2017-09-10,LA,IND,46,9,7,7,0
2017,1,REG,2017-09-10,GB,SEA,17,9,7,7,0
2017,1,REG,2017-09-10,SF,CAR,3,23,7,7,0
2017,1,REG,2017-09-10,DAL,NYG,19,3,7,7,1
2017,1,REG,2017-09-11,MIN,NO,29,19,7,7,0
2017,1,REG,2017-09-11,DEN,LAC,24,21,7,7,1
2017,2,REG,2017-09-14,CIN,HOU,9,13,4,4,0
2017,2,REG,2017-09-17,BAL,CLE,24,10,7,7,1
2017,2,REG,2017-09-17,CAR,BUF,9,3,7,7,0
2017,2,REG,2017-09-17,IND,ARI,13,16,7,7,0
2017,2,REG,2017-09-17,JAX,TEN,16,37,7,7,1
2017,2,REG,2017-09-17,KC,PHI,27,20,10,7,0
2017,2,REG,2017-09-17,NO,NE,20,36,6,10,0
2017,2,REG,2017-09-17,PIT,MIN,26,9,7,6,0
2017,2,REG,2017-09-17,TB,CHI,29,7,14,7,0
2017,2,REG,2017-09-17,LAC,MIA,17,19,6,14,0
2017,2,REG,2017-09-17,LV,NYJ,45,20,7,7,0
2017,2,REG,2017-09-17,DEN,DAL,42,17,6,7,0
2017,2,REG,2017-09-17,LA,WAS,20,27,7,7,0
2017,2,REG,2017-09-17,SEA,SF,12,9,7,7,1
2017,2,REG,2017-09-17,ATL,GB,34,23,7,7,0
2017,2,REG,2017-09-18,NYG,DET,10,24,8,8,0
2017,3,REG,2017-09-21,SF,LA,39,41,4,4,1
2017,3,REG,2017-09-24,BUF,DEN,26,16,7,7,0
2017,3,REG,2017-09-24,CAR,NO,13,34,7,7,1
2017,3,REG,2017-09-24,CHI,PIT,23,17,7,7,0
2017,3,REG,2017-09-24,DET,ATL,26,30,6,7,0
2017,3,REG,2017-09-24,IND,CLE,31,28,7,7,0
2017,3,REG,2017-09-24,MIN,TB,34,17,7,7,0
2017,3,REG,2017-09-24,NE,HOU,36,33,7,10,0
2017,3,REG,2017-09-24,NYJ,MIA,20,6,7,7,1
2017,3,REG,2017-09-24,PHI,NYG,27,24,7,6,1
2017,3,REG,2017-09-24,TEN,SEA,33,27,7,7,0
2017,3,REG,2017-09-24,GB,CIN,27,24,7,10,0
2017,3,REG,2017-09-24,LAC,KC,10,24,7,7,1
2017,3,REG,2017-09-24,WAS,LV,27,10,7,7,0
2017,3,REG,2017-09-24,JAX,BAL,44,7,7,7,0
2017,3,REG,2017-09-25,ARI,DAL,17,28,8,8,0
2017,4,REG,2017-09-28,GB,CHI,35,14,4,4,1
2017,4,REG,2017-10-01,ATL,BUF,17,23,7,7,0
2017,4,REG,2017-10-01,BAL,PIT,9,26,7,7,1
2017,4,REG,2017-10-01,CLE,CIN,7,31,7,7,1
2017,4,REG,2017-10-01,DAL,LA,30,35,6,10,0
2017,4,REG,2017-10-01,HOU,TEN,57,14,7,7,1
2017,4,REG,2017-10-01,MIN,DET,7,14,7,7,1
2017,4,REG,2017-10-01,NE,CAR,30,33,7,7,0
2017,4,REG,2017-10-01,NYJ,JAX,23,20,7,7,0
2017,4,REG,2017-10-01,ARI,SF,18,15,6,10,1
2017,4,REG,2017-10-01,LAC,PHI,24,26,7,7,0
2017,4,REG,2017-10-01,TB,NYG,25,23,7,7,0
2017,4,REG,2017-10-01,DEN,LV,16,10,7,7,1
2017,4,REG,2017-10-01,SEA,IND,46,18,7,7,0
2017,4,REG,2017-10-01,MIA,NO,0,20,7,7,0
2017,4,REG,2017-10-02,KC,WAS,29,20,8,8,0
2017,5,REG,2017-10-05,TB,NE,14,19,4,4,0
2017,5,REG,2017-10-08,CIN,BUF,20,16,7,7,0
2017,5,REG,2017-10-08,CLE,NYJ,14,17,7,7,0
2017,5,REG,2017-10-08,DET,CAR,24,27,7,7,0
2017,5,REG,2017-10-08,IND,SF,26,23,7,7,0
2017,5,REG,2017-10-08,MIA,TEN,16,10,7,7,0
2017,5,REG,2017-10-08,NYG,LAC,22,27,7,7,0
2017,5,REG,2017-10-08,PHI,ARI,34,7,7,7,0
2017,5,REG,2017-10-08,PIT,JAX,9,30,7,7,0
2017,5,REG,2017-10-08,LA,SEA,10,16,7,7,1
2017,5,REG,2017-10-08,LV,BAL,17,30,7,7,0
2017,5,REG,2017-10-08,DAL,GB,31,35,7,10,0
2017,5,REG,2017-10-08,HOU,KC,34,42,7,6,0
2017,5,REG,2017-10-09,CHI,MIN,17,20,11,8,1
2017,6,REG,2017-10-12,CAR,PHI,23,28,4,4,0
2017,6,REG,2017-10-15,ATL,MIA,17,20,14,7,0
2017,6,REG,2017-10-15,BAL,CHI,24,27,7,6,0
2017,6,REG,2017-10-15,HOU,CLE,33,17,7,7,0
2017,6,REG,2017-10-15,MIN,GB,23,10,6,7,1
2017,6,REG,2017-10-15,NO,DET,52,38,14,7,0
2017,6,REG,2017-10-15,NYJ,NE,17,24,7,10,1
2017,6,REG,2017-10-15,WAS,SF,26,24,13,7,0
2017,6,REG,2017-10-15,ARI,TB,38,33,7,10,0
2017,6,REG,2017-10-15,JAX,LA,17,27,7,7,0
2017,6,REG,2017-10-15,KC,PIT,13,19,7,7,0
2017,6,REG,2017-10-15,LV,LAC,16,17,7,7,1
2017,6,REG,2017-10-15,DEN,NYG,10,23,14,7,0
2017,6,REG,2017-10-16,TEN,IND,36,22,8,8,1
2017,7,REG,2017-10-19,LV,KC,31,30,4,4,1
2017,7,REG,2017-10-22,BUF,TB,30,27,14,7,0
2017,7,REG,2017-10-22,CHI,CAR,17,3,7,10,0
2017,7,REG,2017-10-22,CLE,TEN,9,12,7,6,0
2017,7,REG,2017-10-22,GB,NO,17,26,7,7,0
2017,7,REG,2017-10-22,IND,JAX,0,27,6,7,1
2017,7,REG,2017-10-22,LA,ARI,33,0,7,7,1
2017,7,REG,2017-10-22,MIA,NYJ,31,28,7,7,1
2017,7,REG,2017-10-22,MIN,BAL,24,16,7,7,0
2017,7,REG,2017-10-22,SF,DAL,10,40,7,14,0
2017,7,REG,2017-10-22,LAC,DEN,21,0,7,7,1
2017,7,REG,2017-10-22,NYG,SEA,7,24,7,14,0
2017,7,REG,2017-10-22,PIT,CIN,29,14,7,14,1
2017,7,REG,2017-10-22,NE,ATL,23,7,7,7,0
2017,7,REG,2017-10-23,PHI,WAS,34,24,11,8,1
2017,8,REG,2017-10-26,BAL,MIA,40,0,4,4,0
2017,8,REG,2017-10-29,BUF,LV,34,14,7,10,0
2017,8,REG,2017-10-29,CIN,IND,24,23,7,7,0
2017,8,REG,2017-10-29,NE,LAC,21,13,7,7,0
2017,8,REG,2017-10-29,NO,CHI,20,12,7,7,0
2017,8,REG,2017-10-29,NYJ,ATL,20,25,7,7,0
2017,8,REG,2017-10-29,PHI,SF,33,10,6,7,0
2017,8,REG,2017-10-29,TB,CAR,3,17,7,7,1
2017,8,REG,2017-10-29,SEA,HOU,41,38,7,14,0
2017,8,REG,2017-10-29,WAS,DAL,19,33,6,7,1
2017,8,REG,2017-10-29,DET,PIT,15,20,14,7,0
2017,8,REG,2017-10-29,CLE,MIN,16,33,7,7,0
2017,8,REG,2017-10-30,KC,DEN,29,19,11,8,1
2017,9,REG,2017-11-02,NYJ,BUF,34,21,4,4,1
2017,9,REG,2017-11-05,CAR,ATL,20,17,7,7,1
2017,9,REG,2017-11-05,HOU,IND,14,20,7,7,1
2017,9,REG,2017-11-05,JAX,CIN,23,7,14,7,0
2017,9,REG,2017-11-05,NO,TB,30,10,7,7,1
2017,9,REG,2017-11-05,NYG,LA,17,51,14,14,0
2017,9,REG,2017-11-05,PHI,DEN,51,23,7,6,0
2017,9,REG,2017-11-05,TEN,BAL,23,20,14,10,0
2017,9,REG,2017-11-05,SEA,WAS,14,17,7,7,0
2017,9,REG,2017-11-05,SF,ARI,10,20,7,14,1
2017,9,REG,2017-11-05,DAL,KC,28,17,7,6,0
2017,9,REG,2017-11-05,MIA,LV,24,27,10,7,0
2017,9,REG,2017-11-06,GB,DET,17,30,15,8,1
2017,10,REG,2017-11-09,ARI,SEA,16,22,4,4,1
2017,10,REG,2017-11-12,BUF,NO,10,47,10,7,0
2017,10,REG,2017-11-12,CHI,GB,16,23,14,6,1
2017,10,REG,2017-11-12,DET,CLE,38,24,6,14,0
2017,10,REG,2017-11-12,IND,PIT,17,20,7,14,0
2017,10,REG,2017-11-12,JAX,LAC,20,17,7,14,0
2017,10,REG,2017-11-12,TB,NYJ,15,10,7,10,0
2017,10,REG,2017-11-12,TEN,CIN,24,20,7,7,0
2017,10,REG,2017-11-12,WAS,MIN,30,38,7,14,0
2017,10,REG,2017-11-12,LA,HOU,33,7,7,7,0
2017,10,REG,2017-11-12,ATL,DAL,27,7,7,7,0
2017,10,REG,2017-11-12,SF,NYG,31,21,7,7,0
2017,10,REG,2017-11-12,DEN,NE,16,41,7,14,0
2017,10,REG,2017-11-13,CAR,MIA,45,21,8,8,0
2017,11,REG,2017-11-16,PIT,TEN,40,17,4,4,0
2017,11,REG,2017-11-19,CHI,DET,24,27,7,7,1
2017,11,REG,2017-11-19,CLE,JAX,7,19,7,7,0
2017,11,REG,2017-11-19,GB,BAL,0,23,7,14,0
2017,11,REG,2017-11-19,HOU,ARI,31,21,7,10,0
2017,11,REG,2017-11-19,MIA,TB,20,30,6,7,0
2017,11,REG,2017-11-19,MIN,LA,24,7,7,7,0
2017,11,REG,2017-11-19,NO,WAS,34,31,7,7,0
2017,11,REG,2017-11-19,NYG,KC,12,9,7,14,0
2017,11,REG,2017-11-19,LAC,BUF,54,24,7,7,0
2017,11,REG,2017-11-19,DEN,CIN,17,20,7,7,0
2017,11,REG,2017-11-19,LV,NE,8,33,14,7,0
2017,11,REG,2017-11-19,DAL,PHI,9,37,7,14,1
2017,11,REG,2017-11-20,SEA,ATL,31,34,11,8,0
2017,12,REG,2017-11-23,DET,MIN,23,30,4,4,1
2017,12,REG,2017-11-23,DAL,LAC,6,28,4,4,0
2017,12,REG,2017-11-23,WAS,NYG,20,10,4,4,1
2017,12,REG,2017-11-26,ATL,TB,34,20,6,7,1
2017,12,REG,2017-11-26,CIN,CLE,30,16,7,7,1
2017,12,REG,2017-11-26,IND,TEN,16,20,14,10,1
2017,12,REG,2017-11-26,KC,BUF,10,16,7,7,0
2017,12,REG,2017-11-26,NE,MIA,35,17,7,7,1
2017,12,REG,2017-11-26,NYJ,CAR,27,35,14,13,0
2017,12,REG,2017-11-26,PHI,CHI,31,3,7,7,0
2017,12,REG,2017-11-26,SF,SEA,13,24,14,6,1
2017,12,REG,2017-11-26,ARI,JAX,27,24,7,7,0
2017,12,REG,2017-11-26,LA,NO,26,20,7,7,0
2017,12,REG,2017-11-26,LV,DEN,21,14,7,7,1
2017,12,REG,2017-11-26,PIT,GB,31,28,10,7,0
2017,12,REG,2017-11-27,BAL,HOU,23,16,8,8,0
2017,13,REG,2017-11-30,DAL,WAS,38,14,7,7,1
2017,13,REG,2017-12-03,ATL,MIN,9,14,7,10,0
2017,13,REG,2017-12-03,BAL,DET,44,20,6,10,0
2017,13,REG,2017-12-03,BUF,NE,3,23,7,7,1
2017,13,REG,2017-12-03,CHI,SF,14,15,7,7,0
2017,13,REG,2017-12-03,GB,TB,26,20,7,7,0
2017,13,REG,2017-12-03,JAX,IND,30,10,7,7,1
2017,13,REG,2017-12-03,MIA,DEN,35,9,7,7,0
2017,13,REG,2017-12-03,NYJ,KC,38,31,7,7,0
2017,13,REG,2017-12-03,TEN,HOU,24,13,7,6,1
2017,13,REG,2017-12-03,LAC,CLE,19,10,10,7,0
2017,13,REG,2017-12-03,ARI,LA,16,32,7,7,1
2017,13,REG,2017-12-03,NO,CAR,31,21,7,7,1
2017,13,REG,2017-12-03,LV,NYG,24,17,7,10,0
2017,13,REG,2017-12-03,SEA,PHI,24,10,7,7,0
2017,13,REG,2017-12-04,CIN,PIT,20,23,8,8,1
2017,14,REG,2017-12-07,ATL,NO,20,17,4,4,1
2017,14,REG,2017-12-10,BUF,IND,13,7,7,7,0
2017,14,REG,2017-12-10,CAR,MIN,31,24,7,7,0
2017,14,REG,2017-12-10,CIN,CHI,7,33,6,7,0
2017,14,REG,2017-12-10,CLE,GB,21,27,7,7,0
2017,14,REG,2017-12-10,HOU,SF,16,26,7,7,0
2017,14,REG,2017-12-10,KC,LV,26,15,7,7,1
2017,14,REG,2017-12-10,NYG,DAL,10,30,7,10,1
2017,14,REG,2017-12-10,TB,DET,21,24,7,7,0
2017,14,REG,2017-12-10,ARI,TEN,12,7,7,7,0
2017,14,REG,2017-12-10,DEN,NYJ,23,0,7,7,0
2017,14,REG,2017-12-10,LAC,WAS,30,13,7,10,0
2017,14,REG,2017-12-10,JAX,SEA,30,24,7,7,0
2017,14,REG,2017-12-10,LA,PHI,35,43,7,7,0
2017,14,REG,2017-12-10,PIT,BAL,39,38,6,7,1
2017,14,REG,2017-12-11,MIA,NE,27,20,8,8,1
2017,15,REG,2017-12-14,IND,DEN,13,25,4,4,0
2017,15,REG,2017-12-16,DET,CHI,20,10,6,6,1
2017,15,REG,2017-12-16,KC,LAC,30,13,6,6,1
2017,15,REG,2017-12-17,BUF,MIA,24,16,7,6,1
2017,15,REG,2017-12-17,CAR,GB,31,24,7,7,0
2017,15,REG,2017-12-17,CLE,BAL,10,27,7,7,1
2017,15,REG,2017-12-17,JAX,HOU,45,7,7,7,1
2017,15,REG,2017-12-17,MIN,CIN,34,7,7,7,0
2017,15,REG,2017-12-17,NO,NYJ,31,19,10,7,0
2017,15,REG,2017-12-17,NYG,PHI,29,34,7,7,1
2017,15,REG,2017-12-17,WAS,ARI,20,15,7,7,0
2017,15,REG,2017-12-17,SEA,LA,7,42,7,7,1
2017,15,REG,2017-12-17,PIT,NE,24,27,7,6,0
2017,15,REG,2017-12-17,SF,TEN,25,23,7,7,0
2017,15,REG,2017-12-17,LV,DAL,17,20,7,7,0
2017,15,REG,2017-12-18,TB,ATL,21,24,8,11,1
2017,16,REG,2017-12-23,BAL,IND,23,16,6,9,0
2017,16,REG,2017-12-23,GB,MIN,0,16,6,6,1
2017,16,REG,2017-12-24,CAR,TB,22,19,7,6,1
2017,16,REG,2017-12-24,CHI,CLE,20,3,8,7,0
2017,16,REG,2017-12-24,CIN,DET,26,17,7,8,0
2017,16,REG,2017-12-24,KC,MIA,29,13,8,7,0
2017,16,REG,2017-12-24,NE,BUF,37,16,7,7,1
2017,16,REG,2017-12-24,NO,ATL,23,13,7,6,1
2017,16,REG,2017-12-24,NYJ,LAC,7,14,7,8,0
2017,16,REG,2017-12-24,TEN,LA,23,27,7,7,0
2017,16,REG,2017-12-24,WAS,DEN,27,11,7,10,0
2017,16,REG,2017-12-24,SF,JAX,44,33,7,7,0
2017,16,REG,2017-12-24,ARI,NYG,23,0,7,7,0
2017,16,REG,2017-12-24,DAL,SEA,12,21,7,7,0
2017,16,REG,2017-12-25,HOU,PIT,6,34,8,8,0
2017,16,REG,2017-12-25,PHI,LV,19,10,8,8,0
2017,17,REG,2017-12-31,DET,GB,35,11,7,8,1
2017,17,REG,2017-12-31,IND,HOU,22,13,8,6,1
2017,17,REG,2017-12-31,MIN,CHI,23,10,8,7,1
2017,17,REG,2017-12-31,NE,NYJ,26,6,7,7,1
2017,17,REG,2017-12-31,NYG,WAS,18,10,7,7,1
2017,17,REG,2017-12-31,PHI,DAL,0,6,6,7,1
2017,17,REG,2017-12-31,PIT,CLE,28,24,6,7,1
2017,17,REG,2017-12-31,ATL,CAR,22,10,7,7,1
2017,17,REG,2017-12-31,BAL,CIN,27,31,8,7,1
2017,17,REG,2017-12-31,DEN,KC,24,27,7,7,1
2017,17,REG,2017-12-31,LA,SF,13,34,7,7,1
2017,17,REG,2017-12-31,LAC,LV,30,10,7,6,1
2017,17,REG,2017-12-31,MIA,BUF,16,22,7,7,1
2017,17,REG,2017-12-31,SEA,ARI,24,26,7,7,1
2017,17,REG,2017-12-31,TB,NO,31,24,7,7,1
2017,17,REG,2017-12-31,TEN,JAX,15,10,7,7,1
2017,18,WC,2018-01-06,KC,TEN,21,22,6,6,0
2017,18,WC,2018-01-06,LA,ATL,13,26,6,6,0
2017,18,WC,2018-01-07,JAX,BUF,10,3,7,7,0
2017,18,WC,2018-01-07,NO,CAR,31,26,7,7,1
2017,19,DIV,2018-01-13,PHI,ATL,15,10,13,7,0
2017,19,DIV,2018-01-13,NE,TEN,35,14,13,7,0
2017,19,DIV,2018-01-14,PIT,JAX,42,45,14,7,0
2017,19,DIV,2018-01-14,MIN,NO,29,24,14,7,0
2017,20,CON,2018-01-21,NE,JAX,24,20,8,7,0
2017,20,CON,2018-01-21,PHI,MIN,38,7,8,7,0
2017,21,SB,2018-02-04,NE,PHI,33,41,14,14,0
2018,1,REG,2018-09-06,PHI,ATL,18,12,7,7,0
2018,1,REG,2018-09-09,BAL,BUF,47,3,7,7,0
2018,1,REG,2018-09-09,CLE,PIT,21,21,7,7,1
2018,1,REG,2018-09-09,IND,CIN,23,34,7,7,0
2018,1,REG,2018-09-09,MIA,TEN,27,20,7,7,0
2018,1,REG,2018-09-09,MIN,SF,24,16,7,7,0
2018,1,REG,2018-09-09,NE,HOU,27,20,7,7,0
2018,1,REG,2018-09-09,NO,TB,40,48,7,7,1
2018,1,REG,2018-09-09,NYG,JAX,15,20,7,7,0
2018,1,REG,2018-09-09,LAC,KC,28,38,7,7,1
2018,1,REG,2018-09-09,ARI,WAS,6,24,7,7,0
2018,1,REG,2018-09-09,CAR,DAL,16,8,7,7,0
2018,1,REG,2018-09-09,DEN,SEA,27,24,7,7,0
2018,1,REG,2018-09-09,GB,CHI,24,23,7,7,1
2018,1,REG,2018-09-10,DET,NYJ,17,48,7,7,0
2018,1,REG,2018-09-10,LV,LA,13,33,7,7,0
2018,2,REG,2018-09-13,CIN,BAL,34,23,4,4,1
2018,2,REG,2018-09-16,ATL,CAR,31,24,10,7,1
2018,2,REG,2018-09-16,BUF,LAC,20,31,7,7,0
2018,2,REG,2018-09-16,GB,MIN,29,29,7,7,1
2018,2,REG,2018-09-16,NO,CLE,21,18,7,7,0
2018,2,REG,2018-09-16,NYJ,MIA,12,20,6,7,1
2018,2,REG,2018-09-16,PIT,KC,37,42,7,7,0
2018,2,REG,2018-09-16,TB,PHI,27,21,7,10,0
2018,2,REG,2018-09-16,TEN,HOU,20,17,7,7,1
2018,2,REG,2018-09-16,WAS,IND,9,21,7,7,0
2018,2,REG,2018-09-16,LA,ARI,34,0,6,7,1
2018,2,REG,2018-09-16,SF,DET,30,27,7,6,0
2018,2,REG,2018-09-16,DEN,LV,20,19,7,6,1
2018,2,REG,2018-09-16,JAX,NE,31,20,7,7,0
2018,2,REG,2018-09-16,DAL,NYG,20,13,7,7,1
2018,2,REG,2018-09-17,CHI,SEA,24,17,8,8,0
2018,3,REG,2018-09-20,CLE,NYJ,21,17,4,4,0
2018,3,REG,2018-09-23,ATL,NO,37,43,7,7,1
2018,3,REG,2018-09-23,BAL,DEN,27,14,10,7,0
2018,3,REG,2018-09-23,CAR,CIN,31,21,7,10,0
2018,3,REG,2018-09-23,HOU,NYG,22,27,7,7,0
2018,3,REG,2018-09-23,JAX,TEN,6,9,7,7,1
2018,3,REG,2018-09-23,KC,SF,38,27,7,7,0
2018,3,REG,2018-09-23,MIA,LV,28,20,7,7,0
2018,3,REG,2018-09-23,MIN,BUF,6,27,7,7,0
2018,3,REG,2018-09-23,PHI,IND,20,16,7,7,0
2018,3,REG,2018-09-23,WAS,GB,31,17,7,7,0
2018,3,REG,2018-09-23,LA,LAC,35,23,7,7,0
2018,3,REG,2018-09-23,ARI,CHI,14,16,7,6,0
2018,3,REG,2018-09-23,SEA,DAL,24,13,6,7,0
2018,3,REG,2018-09-23,DET,NE,26,10,7,7,0
2018,3,REG,2018-09-24,TB,PIT,27,30,8,8,0
2018,4,REG,2018-09-27,LA,MIN,38,31,4,4,0
2018,4,REG,2018-09-30,ATL,CIN,36,37,7,7,0
2018,4,REG,2018-09-30,CHI,TB,48,10,7,6,0
2018,4,REG,2018-09-30,DAL,DET,26,24,7,7,0
2018,4,REG,2018-09-30,GB,BUF,22,0,7,7,0
2018,4,REG,2018-09-30,IND,HOU,34,37,7,7,1
2018,4,REG,2018-09-30,JAX,NYJ,31,12,7,10,0
2018,4,REG,2018-09-30,NE,MIA,38,7,7,7,1
2018,4,REG,2018-09-30,TEN,PHI,26,23,7,7,0
2018,4,REG,2018-09-30,ARI,SEA,17,20,7,7,1
2018,4,REG,2018-09-30,LV,CLE,45,42,7,10,0
2018,4,REG,2018-09-30,LAC,SF,29,27,7,7,0
2018,4,REG,2018-09-30,NYG,NO,18,33,7,7,0
2018,4,REG,2018-09-30,PIT,BAL,14,26,6,7,1
2018,4,REG,2018-10-01,DEN,KC,23,27,8,8,1
2018,5,REG,2018-10-04,NE,IND,38,24,4,4,0
2018,5,REG,2018-10-07,BUF,TEN,13,12,7,7,0
2018,5,REG,2018-10-07,CAR,NYG,33,31,14,7,0
2018,5,REG,2018-10-07,CIN,MIA,27,17,7,7,0
2018,5,REG,2018-10-07,CLE,BAL,12,9,7,7,1
2018,5,REG,2018-10-07,DET,GB,31,23,7,7,1
2018,5,REG,2018-10-07,KC,JAX,30,14,6,7,0
2018,5,REG,2018-10-07,NYJ,DEN,34,16,7,6,0
2018,5,REG,2018-10-07,PIT,ATL,41,17,7,7,0
2018,5,REG,2018-10-07,LAC,LV,26,10,7,7,1
2018,5,REG,2018-10-07,PHI,MIN,21,23,7,10,0
2018,5,REG,2018-10-07,SEA,LA,31,33,7,10,1
2018,5,REG,2018-10-07,SF,ARI,18,28,7,7,1
2018,5,REG,2018-10-07,HOU,DAL,19,16,7,7,0
2018,5,REG,2018-10-08,NO,WAS,43,19,8,15,0
2018,6,REG,2018-10-11,NYG,PHI,13,34,4,4,1
2018,6,REG,2018-10-14,ATL,TB,34,29,7,14,1
2018,6,REG,2018-10-14,CIN,PIT,21,28,7,7,1
2018,6,REG,2018-10-14,CLE,LAC,14,38,7,7,0
2018,6,REG,2018-10-14,HOU,BUF,20,13,7,7,0
2018,6,REG,2018-10-14,MIA,CHI,31,28,7,14,0
2018,6,REG,2018-10-14,MIN,ARI,27,17,7,7,0
2018,6,REG,2018-10-14,NYJ,IND,42,34,7,10,0
2018,6,REG,2018-10-14,LV,SEA,3,27,7,7,0
2018,6,REG,2018-10-14,WAS,CAR,23,17,6,7,0
2018,6,REG,2018-10-14,DEN,LA,20,23,7,7,0
2018,6,REG,2018-10-14,DAL,JAX,40,7,7,7,0
2018,6,REG,2018-10-14,TEN,BAL,0,21,7,7,0
2018,6,REG,2018-10-14,NE,KC,43,40,10,7,0
2018,6,REG,2018-10-15,GB,SF,33,30,8,8,0
2018,7,REG,2018-10-18,ARI,DEN,10,45,4,4,0
2018,7,REG,2018-10-21,CHI,NE,31,38,7,7,0
2018,7,REG,2018-10-21,IND,BUF,37,5,7,7,0
2018,7,REG,2018-10-21,JAX,HOU,7,20,7,7,1
2018,7,REG,2018-10-21,MIA,DET,21,32,7,14,0
2018,7,REG,2018-10-21,NYJ,MIN,17,37,7,7,0
2018,7,REG,2018-10-21,PHI,CAR,17,21,10,7,0
2018,7,REG,2018-10-21,TB,CLE,26,23,7,7,0
2018,7,REG,2018-10-21,BAL,NO,23,24,7,13,0
2018,7,REG,2018-10-21,SF,LA,10,39,6,7,1
2018,7,REG,2018-10-21,WAS,DAL,20,17,7,7,1
2018,7,REG,2018-10-21,KC,CIN,45,10,7,7,0
2018,7,REG,2018-10-21,LAC,TEN,20,19,7,7,0
2018,7,REG,2018-10-22,ATL,NYG,23,20,8,11,0
2018,8,REG,2018-10-25,HOU,MIA,42,23,4,4,0
2018,8,REG,2018-10-28,CAR,BAL,36,21,7,7,0
2018,8,REG,2018-10-28,CHI,NYJ,24,10,7,7,0
2018,8,REG,2018-10-28,CIN,TB,37,34,7,7,0
2018,8,REG,2018-10-28,DET,SEA,14,28,7,14,0
2018,8,REG,2018-10-28,KC,DEN,30,23,7,10,1
2018,8,REG,2018-10-28,NYG,WAS,13,20,6,7,1
2018,8,REG,2018-10-28,PIT,CLE,33,18,14,7,1
2018,8,REG,2018-10-28,LV,IND,28,42,14,7,0
2018,8,REG,2018-10-28,ARI,SF,18,15,10,7,1
2018,8,REG,2018-10-28,LA,GB,29,27,7,13,0
2018,8,REG,2018-10-28,MIN,NO,20,30,7,7,0
2018,8,REG,2018-10-28,JAX,PHI,18,24,7,7,0
2018,8,REG,2018-10-29,BUF,NE,6,25,8,8,1
2018,9,REG,2018-11-01,SF,LV,34,3,4,4,0
2018,9,REG,2018-11-04,BAL,PIT,16,23,7,7,1
2018,9,REG,2018-11-04,BUF,CHI,9,41,6,7,0
2018,9,REG,2018-11-04,CAR,TB,42,28,7,7,1
2018,9,REG,2018-11-04,CLE,KC,21,37,7,7,0
2018,9,REG,2018-11-04,MIA,NYJ,13,6,10,7,1
2018,9,REG,2018-11-04,MIN,DET,24,9,7,7,1
2018,9,REG,2018-11-04,WAS,ATL,14,38,7,13,0
2018,9,REG,2018-11-04,DEN,HOU,17,19,7,10,0
2018,9,REG,2018-11-04,SEA,LAC,17,25,7,14,0
2018,9,REG,2018-11-04,NO,LA,45,35,7,7,0
2018,9,REG,2018-11-04,NE,GB,31,17,6,7,0
2018,9,REG,2018-11-05,DAL,TEN,14,28,15,15,0
2018,10,REG,2018-11-08,PIT,CAR,52,21,4,4,0
2018,10,REG,2018-11-11,CHI,DET,34,22,7,7,1
2018,10,REG,2018-11-11,CIN,NO,14,51,14,7,0
2018,10,REG,2018-11-11,CLE,ATL,28,16,7,7,0
2018,10,REG,2018-11-11,IND,JAX,29,26,14,14,1
2018,10,REG,2018-11-11,KC,ARI,26,14,7,14,0
2018,10,REG,2018-11-11,NYJ,BUF,10,41,7,7,1
2018,10,REG,2018-11-11,TB,WAS,3,16,7,7,0
2018,10,REG,2018-11-11,TEN,NE,34,10,6,7,0
2018,10,REG,2018-11-11,LV,LAC,6,20,10,7,1
2018,10,REG,2018-11-11,GB,MIA,31,12,7,7,0
2018,10,REG,2018-11-11,LA,SEA,36,31,7,7,1
2018,10,REG,2018-11-11,PHI,DAL,20,27,14,6,1
2018,10,REG,2018-11-12,SF,NYG,23,27,11,15,0
2018,11,REG,2018-11-15,SEA,GB,27,24,4,4,0
2018,11,REG,2018-11-18,ATL,DAL,19,22,7,7,0
2018,11,REG,2018-11-18,BAL,CIN,24,21,14,7,1
2018,11,REG,2018-11-18,DET,CAR,20,19,7,10,0
2018,11,REG,2018-11-18,IND,TEN,38,10,7,7,1
2018,11,REG,2018-11-18,JAX,PIT,16,20,7,10,0
2018,11,REG,2018-11-18,NYG,TB,38,35,6,7,0
2018,11,REG,2018-11-18,WAS,HOU,21,23,7,14,0
2018,11,REG,2018-11-18,ARI,LV,21,23,7,7,0
2018,11,REG,2018-11-18,LAC,DEN,22,23,7,14,1
2018,11,REG,2018-11-18,NO,PHI,48,7,7,7,0
2018,11,REG,2018-11-18,CHI,MIN,25,20,7,14,1
2018,11,REG,2018-11-19,LA,KC,54,51,8,8,0
2018,12,REG,2018-11-22,DET,CHI,16,23,4,4,1
2018,12,REG,2018-11-22,DAL,WAS,31,23,4,4,1
2018,12,REG,2018-11-22,NO,ATL,31,17,4,4,1
2018,12,REG,2018-11-25,BAL,LV,34,17,7,7,0
2018,12,REG,2018-11-25,BUF,JAX,24,21,14,7,0
2018,12,REG,2018-11-25,CAR,SEA,27,30,7,10,0
2018,12,REG,2018-11-25,CIN,CLE,20,35,7,14,1
2018,12,REG,2018-11-25,NYJ,NE,13,27,14,14,1
2018,12,REG,2018-11-25,PHI,NYG,25,22,7,7,1
2018,12,REG,2018-11-25,TB,SF,27,9,7,13,0
2018,12,REG,2018-11-25,LAC,ARI,45,10,7,7,0
2018,12,REG,2018-11-25,DEN,PIT,24,17,7,7,0
2018,12,REG,2018-11-25,IND,MIA,27,24,7,14,0
2018,12,REG,2018-11-25,MIN,GB,24,17,7,10,1
2018,12,REG,2018-11-26,HOU,TEN,34,17,8,8,1
2018,13,REG,2018-11-29,DAL,NO,13,10,7,7,0
2018,13,REG,2018-12-02,ATL,BAL,16,26,10,7,0
2018,13,REG,2018-12-02,CIN,DEN,10,24,7,7,0
2018,13,REG,2018-12-02,DET,LA,16,30,10,13,0
2018,13,REG,2018-12-02,GB,ARI,17,20,7,7,0
2018,13,REG,2018-12-02,HOU,CLE,29,13,6,7,0
2018,13,REG,2018-12-02,JAX,IND,6,0,7,7,1
2018,13,REG,2018-12-02,MIA,BUF,21,17,7,7,1
2018,13,REG,2018-12-02,NYG,CHI,30,27,7,10,0
2018,13,REG,2018-12-02,TB,CAR,24,17,7,7,1
2018,13,REG,2018-12-02,LV,KC,33,40,7,13,1
2018,13,REG,2018-12-02,TEN,NYJ,26,22,6,7,0
2018,13,REG,2018-12-02,NE,MIN,24,10,7,7,0
2018,13,REG,2018-12-02,SEA,SF,43,16,7,7,1
2018,13,REG,2018-12-02,PIT,LAC,30,33,7,7,0
2018,13,REG,2018-12-03,PHI,WAS,28,13,8,11,1
2018,14,REG,2018-12-06,TEN,JAX,30,9,4,4,1
2018,14,REG,2018-12-09,BUF,NYJ,23,27,7,7,1
2018,14,REG,2018-12-09,CLE,CAR,26,20,7,7,0
2018,14,REG,2018-12-09,GB,ATL,34,20,7,7,0
2018,14,REG,2018-12-09,HOU,IND,21,24,7,7,1
2018,14,REG,2018-12-09,KC,BAL,27,24,7,7,0
2018,14,REG,2018-12-09,MIA,NE,34,33,7,7,1
2018,14,REG,2018-12-09,TB,NO,14,28,7,10,1
2018,14,REG,2018-12-09,WAS,NYG,16,40,6,7,1
2018,14,REG,2018-12-09,LAC,CIN,26,21,7,7,0
2018,14,REG,2018-12-09,SF,DEN,20,14,7,7,0
2018,14,REG,2018-12-09,ARI,DET,3,17,7,7,0
2018,14,REG,2018-12-09,DAL,PHI,29,23,10,6,1
2018,14,REG,2018-12-09,LV,PIT,24,21,7,7,0
2018,14,REG,2018-12-09,CHI,LA,15,6,7,7,0
2018,14,REG,2018-12-10,SEA,MIN,21,7,8,8,0
2018,15,REG,2018-12-13,KC,LAC,28,29,4,4,1
2018,15,REG,2018-12-15,NYJ,HOU,22,29,6,6,0
2018,15,REG,2018-12-15,DEN,CLE,16,17,6,6,0
2018,15,REG,2018-12-16,ATL,ARI,40,14,7,7,0
2018,15,REG,2018-12-16,BAL,TB,20,12,7,7,0
2018,15,REG,2018-12-16,BUF,DET,14,13,7,7,0
2018,15,REG,2018-12-16,CHI,GB,24,17,7,7,1
2018,15,REG,2018-12-16,CIN,LV,30,16,7,7,0
2018,15,REG,2018-12-16,IND,DAL,23,0,7,7,0
2018,15,REG,2018-12-16,JAX,WAS,13,16,10,7,0
2018,15,REG,2018-12-16,MIN,MIA,41,17,6,7,0
2018,15,REG,2018-12-16,NYG,TEN,0,17,7,10,0
2018,15,REG,2018-12-16,SF,SEA,26,23,7,6,1
2018,15,REG,2018-12-16,PIT,NE,17,10,7,7,0
2018,15,REG,2018-12-16,LA,PHI,23,30,7,7,0
2018,15,REG,2018-12-17,CAR,NO,9,12,8,8,1
2018,16,REG,2018-12-22,TEN,WAS,25,16,6,6,0
2018,16,REG,2018-12-22,LAC,BAL,10,22,9,6,0
2018,16,REG,2018-12-23,CAR,ATL,10,24,6,7,1
2018,16,REG,2018-12-23,CLE,CIN,26,18,8,7,1
2018,16,REG,2018-12-23,DAL,TB,27,20,7,7,0
2018,16,REG,2018-12-23,DET,MIN,9,27,7,7,1
2018,16,REG,2018-12-23,IND,NYG,28,27,7,7,0
2018,16,REG,2018-12-23,MIA,JAX,7,17,7,7,0
2018,16,REG,2018-12-23,NE,BUF,24,12,7,7,1
2018,16,REG,2018-12-23,NYJ,GB,38,44,8,7,0
2018,16,REG,2018-12-23,PHI,HOU,32,30,7,8,0
2018,16,REG,2018-12-23,ARI,LA,9,31,7,7,1
2018,16,REG,2018-12-23,SF,CHI,9,14,7,7,0
2018,16,REG,2018-12-23,NO,PIT,31,28,6,7,0
2018,16,REG,2018-12-23,SEA,KC,38,31,7,10,0
2018,16,REG,2018-12-24,LV,DEN,27,14,8,9,1
2018,17,REG,2018-12-30,BUF,MIA,42,17,7,7,1
2018,17,REG,2018-12-30,GB,DET,0,31,7,7,1
2018,17,REG,2018-12-30,HOU,JAX,20,3,7,7,1
2018,17,REG,2018-12-30,NE,NYJ,38,3,7,7,1
2018,17,REG,2018-12-30,NO,CAR,14,33,7,7,1
2018,17,REG,2018-12-30,NYG,DAL,35,36,7,7,1
2018,17,REG,2018-12-30,TB,ATL,32,34,7,7,1
2018,17,REG,2018-12-30,BAL,CLE,26,24,8,7,1
2018,17,REG,2018-12-30,DEN,LAC,9,23,6,8,1
2018,17,REG,2018-12-30,KC,LV,35,3,7,6,1
2018,17,REG,2018-12-30,LA,SF,48,32,7,7,1
2018,17,REG,2018-12-30,MIN,CHI,10,24,7,7,1
2018,17,REG,2018-12-30,PIT,CIN,16,13,7,7,1
2018,17,REG,2018-12-30,SEA,ARI,27,24,7,7,1
2018,17,REG,2018-12-30,WAS,PHI,0,24,8,7,1
2018,17,REG,2018-12-30,TEN,IND,17,33,8,7,1
2018,18,WC,2019-01-05,HOU,IND,7,21,6,6,1
2018,18,WC,2019-01-05,DAL,SEA,24,22,6,6,0
2018,18,WC,2019-01-06,BAL,LAC,17,23,7,7,0
2018,18,WC,2019-01-06,CHI,PHI,15,16,7,7,0
2018,19,DIV,2019-01-12,KC,IND,31,13,13,7,0
2018,19,DIV,2019-01-12,LA,DAL,30,22,13,7,0
2018,19,DIV,2019-01-13,NE,LAC,41,28,14,7,0
2018,19,DIV,2019-01-13,NO,PHI,20,14,14,7,0
2018,20,CON,2019-01-20,NO,LA,23,26,7,8,0
2018,20,CON,2019-01-20,KC,NE,31,37,8,7,0
2018,21,SB,2019-02-03,LA,NE,3,13,14,14,0
2019,1,REG,2019-09-05,CHI,GB,3,10,7,7,1
2019,1,REG,2019-09-08,CAR,LA,27,30,7,7,0
2019,1,REG,2019-09-08,CLE,TEN,13,43,7,7,0
2019,1,REG,2019-09-08,JAX,KC,26,40,7,7,0
2019,1,REG,2019-09-08,MIA,BAL,10,59,7,7,0
2019,1,REG,2019-09-08,MIN,ATL,28,12,7,7,0
2019,1,REG,2019-09-08,NYJ,BUF,16,17,7,7,1
2019,1,REG,2019-09-08,PHI,WAS,32,27,7,7,1
2019,1,REG,2019-09-08,LAC,IND,30,24,7,7,0
2019,1,REG,2019-09-08,SEA,CIN,21,20,7,7,0
2019,1,REG,2019-09-08,ARI,DET,27,27,7,7,0
2019,1,REG,2019-09-08,DAL,NYG,35,17,7,7,1
2019,1,REG,2019-09-08,TB,SF,17,31,7,7,0
2019,1,REG,2019-09-08,NE,PIT,33,3,7,7,0
2019,1,REG,2019-09-09,NO,HOU,30,28,7,7,0
2019,1,REG,2019-09-09,LV,DEN,24,16,7,7,1
2019,2,REG,2019-09-12,CAR,TB,14,20,4,4,1
2019,2,REG,2019-09-15,BAL,ARI,23,17,7,7,0
2019,2,REG,2019-09-15,CIN,SF,17,41,7,7,0
2019,2,REG,2019-09-15,DET,LAC,13,10,7,7,0
2019,2,REG,2019-09-15,GB,MIN,21,16,10,7,1
2019,2,REG,2019-09-15,HOU,JAX,13,12,6,7,1
2019,2,REG,2019-09-15,MIA,NE,0,43,7,7,1
2019,2,REG,2019-09-15,NYG,BUF,14,28,7,7,0
2019,2,REG,2019-09-15,PIT,SEA,26,28,7,7,0
2019,2,REG,2019-09-15,TEN,IND,17,19,7,7,1
2019,2,REG,2019-09-15,WAS,DAL,21,31,7,7,1
2019,2,REG,2019-09-15,LV,KC,10,28,6,7,1
2019,2,REG,2019-09-15,DEN,CHI,14,16,6,10,0
2019,2,REG,2019-09-15,LA,NO,27,9,7,6,0
2019,2,REG,2019-09-15,ATL,PHI,24,20,7,7,0
2019,2,REG,2019-09-16,NYJ,CLE,3,23,8,8,0
2019,3,REG,2019-09-19,JAX,TEN,20,7,4,4,1
2019,3,REG,2019-09-22,BUF,CIN,21,17,7,7,0
2019,3,REG,2019-09-22,DAL,MIA,31,6,7,7,0
2019,3,REG,2019-09-22,GB,DEN,27,16,7,7,0
2019,3,REG,2019-09-22,IND,ATL,27,24,7,7,0
2019,3,REG,2019-09-22,KC,BAL,33,28,7,7,0
2019,3,REG,2019-09-22,MIN,LV,34,14,7,7,0
2019,3,REG,2019-09-22,NE,NYJ,30,14,7,6,1
2019,3,REG,2019-09-22,PHI,DET,24,27,7,7,0
2019,3,REG,2019-09-22,ARI,CAR,20,38,7,10,0
2019,3,REG,2019-09-22,TB,NYG,31,32,10,7,0
2019,3,REG,2019-09-22,LAC,HOU,20,27,7,7,0
2019,3,REG,2019-09-22,SEA,NO,27,33,7,7,0
2019,3,REG,2019-09-22,SF,PIT,24,20,7,7,0
2019,3,REG,2019-09-22,CLE,LA,13,20,6,7,0
2019,3,REG,2019-09-23,WAS,CHI,15,31,8,8,0
2019,4,REG,2019-09-26,GB,PHI,27,34,4,4,0
2019,4,REG,2019-09-29,ATL,TEN,10,24,7,10,0
2019,4,REG,2019-09-29,BAL,CLE,25,40,7,7,1
2019,4,REG,2019-09-29,BUF,NE,10,16,7,7,1
2019,4,REG,2019-09-29,DET,KC,30,34,7,7,0
2019,4,REG,2019-09-29,HOU,CAR,10,16,7,7,0
2019,4,REG,2019-09-29,IND,LV,24,31,7,7,0
2019,4,REG,2019-09-29,MIA,LAC,10,30,7,7,0
2019,4,REG,2019-09-29,NYG,WAS,24,3,7,6,1
2019,4,REG,2019-09-29,ARI,SEA,10,27,7,7,1
2019,4,REG,2019-09-29,LA,TB,40,55,7,7,0
2019,4,REG,2019-09-29,CHI,MIN,16,6,6,7,1
2019,4,REG,2019-09-29,DEN,JAX,24,26,7,10,0
2019,4,REG,2019-09-29,NO,DAL,12,10,7,7,0
2019,4,REG,2019-09-30,PIT,CIN,27,3,8,8,1
2019,5,REG,2019-10-03,SEA,LA,30,29,4,4,1
2019,5,REG,2019-10-06,CAR,JAX,34,27,7,7,0
2019,5,REG,2019-10-06,CIN,ARI,23,26,6,7,0
2019,5,REG,2019-10-06,HOU,ATL,53,32,7,7,0
2019,5,REG,2019-10-06,NO,TB,31,24,7,7,1
2019,5,REG,2019-10-06,NYG,MIN,10,28,7,7,0
2019,5,REG,2019-10-06,LV,CHI,24,21,7,7,0
2019,5,REG,2019-10-06,PHI,NYJ,31,6,10,14,0
2019,5,REG,2019-10-06,PIT,BAL,23,26,6,7,1
2019,5,REG,2019-10-06,TEN,BUF,7,14,7,7,0
2019,5,REG,2019-10-06,WAS,NE,7,33,7,7,0
2019,5,REG,2019-10-06,LAC,DEN,13,20,7,7,1
2019,5,REG,2019-10-06,DAL,GB,24,34,7,10,0
2019,5,REG,2019-10-06,KC,IND,13,19,7,7,0
2019,5,REG,2019-10-07,SF,CLE,31,3,15,8,0
2019,6,REG,2019-10-10,NE,NYG,35,14,4,4,0
2019,6,REG,2019-10-13,TB,CAR,26,37,7,7,1
2019,6,REG,2019-10-13,BAL,CIN,23,17,7,7,1
2019,6,REG,2019-10-13,CLE,SEA,28,32,6,10,0
2019,6,REG,2019-10-13,JAX,NO,6,13,7,7,0
2019,6,REG,2019-10-13,KC,HOU,24,31,7,7,0
2019,6,REG,2019-10-13,MIA,WAS,16,17,14,7,0
2019,6,REG,2019-10-13,MIN,PHI,38,20,7,7,0
2019,6,REG,2019-10-13,ARI,ATL,34,33,7,7,0
2019,6,REG,2019-10-13,LA,SF,7,20,10,6,1
2019,6,REG,2019-10-13,DEN,TEN,16,0,7,7,0
2019,6,REG,2019-10-13,NYJ,DAL,24,22,7,7,0
2019,6,REG,2019-10-13,LAC,PIT,17,24,7,7,0
2019,6,REG,2019-10-14,GB,DET,23,22,8,15,1
2019,7,REG,2019-10-17,DEN,KC,6,30,4,4,1
2019,7,REG,2019-10-20,ATL,LA,10,37,7,7,0
2019,7,REG,2019-10-20,BUF,MIA,31,21,14,7,1
2019,7,REG,2019-10-20,CIN,JAX,17,27,7,7,0
2019,7,REG,2019-10-20,DET,MIN,30,42,6,7,1
2019,7,REG,2019-10-20,GB,LV,42,24,6,14,0
2019,7,REG,2019-10-20,IND,HOU,30,23,14,7,1
2019,7,REG,2019-10-20,NYG,ARI,21,27,10,7,0
2019,7,REG,2019-10-20,WAS,SF,0,9,7,7,0
2019,7,REG,2019-10-20,TEN,LAC,23,20,7,7,0
2019,7,REG,2019-10-20,CHI,NO,25,36,14,7,0
2019,7,REG,2019-10-20,SEA,BAL,16,30,7,7,0
2019,7,REG,2019-10-20,DAL,PHI,37,10,7,7,1
2019,7,REG,2019-10-21,NYJ,NE,0,33,8,11,1
2019,8,REG,2019-10-24,MIN,WAS,19,9,4,4,0
2019,8,REG,2019-10-27,ATL,SEA,20,27,7,7,0
2019,8,REG,2019-10-27,BUF,PHI,13,31,7,7,0
2019,8,REG,2019-10-27,CHI,LAC,16,17,7,7,0
2019,8,REG,2019-10-27,DET,NYG,31,26,7,7,0
2019,8,REG,2019-10-27,IND,DEN,15,13,7,10,0
2019,8,REG,2019-10-27,JAX,NYJ,29,15,7,6,0
2019,8,REG,2019-10-27,LA,CIN,24,10,7,7,0
2019,8,REG,2019-10-27,NO,ARI,31,9,7,7,0
2019,8,REG,2019-10-27,TEN,TB,27,23,7,14,0
2019,8,REG,2019-10-27,SF,CAR,51,13,7,14,0
2019,8,REG,2019-10-27,HOU,LV,27,24,7,7,0
2019,8,REG,2019-10-27,NE,CLE,27,13,6,14,0
2019,8,REG,2019-10-27,KC,GB,24,31,10,7,0
2019,8,REG,2019-10-28,PIT,MIA,27,14,15,8,0
2019,9,REG,2019-10-31,ARI,SF,25,28,4,4,1
2019,9,REG,2019-11-03,JAX,HOU,3,26,7,7,1
2019,9,REG,2019-11-03,BUF,WAS,24,9,7,10,0
2019,9,REG,2019-11-03,CAR,TEN,30,20,7,7,0
2019,9,REG,2019-11-03,KC,MIN,26,23,7,10,0
2019,9,REG,2019-11-03,MIA,NYJ,26,18,6,7,1
2019,9,REG,2019-11-03,PHI,CHI,22,14,7,7,0
2019,9,REG,2019-11-03,PIT,IND,26,24,6,7,0
2019,9,REG,2019-11-03,LV,DET,31,24,7,7,0
2019,9,REG,2019-11-03,SEA,TB,40,34,7,7,0
2019,9,REG,2019-11-03,DEN,CLE,24,19,7,7,0
2019,9,REG,2019-11-03,LAC,GB,26,11,7,7,0
2019,9,REG,2019-11-03,BAL,NE,37,20,14,7,0
2019,9,REG,2019-11-04,NYG,DAL,18,37,8,15,1
2019,10,REG,2019-11-07,LV,LAC,26,24,4,4,1
2019,10,REG,2019-11-10,CHI,DET,20,13,7,7,1
2019,10,REG,2019-11-10,CIN,BAL,13,49,14,7,1
2019,10,REG,2019-11-10,CLE,BUF,19,16,7,7,0
2019,10,REG,2019-11-10,NO,ATL,9,26,14,14,1
2019,10,REG,2019-11-10,NYJ,NYG,34,27,7,6,0
2019,10,REG,2019-11-10,TB,ARI,30,27,7,10,0
2019,10,REG,2019-11-10,TEN,KC,35,32,7,7,0
2019,10,REG,2019-11-10,IND,MIA,12,16,7,7,0
2019,10,REG,2019-11-10,GB,CAR,24,16,7,7,0
2019,10,REG,2019-11-10,PIT,LA,17,12,7,14,0
2019,10,REG,2019-11-10,DAL,MIN,24,28,6,7,0
2019,10,REG,2019-11-11,SF,SEA,24,27,11,8,1
2019,11,REG,2019-11-14,CLE,PIT,21,7,4,4,1
2019,11,REG,2019-11-17,BAL,HOU,41,7,7,14,0
2019,11,REG,2019-11-17,CAR,ATL,3,29,7,7,1
2019,11,REG,2019-11-17,DET,DAL,27,35,7,7,0
2019,11,REG,2019-11-17,IND,JAX,33,13,7,14,1
2019,11,REG,2019-11-17,MIA,BUF,20,37,7,7,1
2019,11,REG,2019-11-17,MIN,DEN,27,23,7,14,0
2019,11,REG,2019-11-17,TB,NO,17,34,7,7,1
2019,11,REG,2019-11-17,WAS,NYJ,17,34,14,7,0
2019,11,REG,2019-11-17,SF,ARI,36,26,6,7,1
2019,11,REG,2019-11-17,LV,CIN,17,10,10,7,0
2019,11,REG,2019-11-17,PHI,NE,10,17,14,14,0
2019,11,REG,2019-11-17,LA,CHI,17,7,7,7,0
2019,11,REG,2019-11-18,LAC,KC,17,24,11,8,1
2019,12,REG,2019-11-21,HOU,IND,20,17,4,4,1
2019,12,REG,2019-11-24,ATL,TB,22,35,7,7,1
2019,12,REG,2019-11-24,BUF,DEN,20,3,7,7,0
2019,12,REG,2019-11-24,CHI,NYG,19,14,7,14,0
2019,12,REG,2019-11-24,CIN,PIT,10,16,7,10,1
2019,12,REG,2019-11-24,CLE,MIA,41,24,10,7,0
2019,12,REG,2019-11-24,NO,CAR,34,31,7,7,1
2019,12,REG,2019-11-24,NYJ,LV,34,3,7,7,0
2019,12,REG,2019-11-24,PHI,SEA,9,17,7,13,0
2019,12,REG,2019-11-24,WAS,DET,19,16,7,7,0
2019,12,REG,2019-11-24,TEN,JAX,42,20,14,7,1
2019,12,REG,2019-11-24,NE,DAL,13,9,7,7,0
2019,12,REG,2019-11-24,SF,GB,37,8,7,14,0
2019,12,REG,2019-11-25,LA,BAL,6,45,8,8,0
2019,13,REG,2019-11-28,DET,CHI,20,24,4,4,1
2019,13,REG,2019-11-28,DAL,BUF,15,26,4,4,0
2019,13,REG,2019-11-28,ATL,NO,18,26,4,4,1
2019,13,REG,2019-12-01,BAL,SF,20,17,6,7,0
2019,13,REG,2019-12-01,CAR,WAS,21,29,7,7,0
2019,13,REG,2019-12-01,CIN,NYJ,22,6,7,7,0
2019,13,REG,2019-12-01,IND,TEN,17,31,10,7,1
2019,13,REG,2019-12-01,JAX,TB,11,28,7,7,0
2019,13,REG,2019-12-01,MIA,PHI,37,31,7,7,0
2019,13,REG,2019-12-01,NYG,GB,13,31,7,7,0
2019,13,REG,2019-12-01,PIT,CLE,20,13,7,7,1
2019,13,REG,2019-12-01,ARI,LA,7,34,14,6,1
2019,13,REG,2019-12-01,DEN,LAC,23,20,7,13,1
2019,13,REG,2019-12-01,KC,LV,40,9,13,7,1
2019,13,REG,2019-12-01,HOU,NE,28,22,10,7,0
2019,13,REG,2019-12-02,SEA,MIN,37,30,8,15,0
2019,14,REG,2019-12-05,CHI,DAL,31,24,7,7,0
2019,14,REG,2019-12-08,ATL,CAR,40,20,10,7,1
2019,14,REG,2019-12-08,BUF,BAL,17,24,10,7,0
2019,14,REG,2019-12-08,CLE,CIN,27,19,7,7,1
2019,14,REG,2019-12-08,GB,WAS,20,15,7,7,0
2019,14,REG,2019-12-08,HOU,DEN,24,38,7,7,0
2019,14,REG,2019-12-08,MIN,DET,20,7,6,10,1
2019,14,REG,2019-12-08,NO,SF,46,48,10,7,0
2019,14,REG,2019-12-08,NYJ,MIA,22,21,7,7,1
2019,14,REG,2019-12-08,TB,IND,38,35,7,7,0
2019,14,REG,2019-12-08,JAX,LAC,10,45,7,7,0
2019,14,REG,2019-12-08,ARI,PIT,17,23,7,7,0
2019,14,REG,2019-12-08,NE,KC,16,23,7,7,0
2019,14,REG,2019-12-08,LV,TEN,21,42,7,7,0
2019,14,REG,2019-12-08,LA,SEA,28,12,7,6,1
2019,14,REG,2019-12-09,PHI,NYG,23,17,8,8,1
2019,15,REG,2019-12-12,BAL,NYJ,42,21,4,4,0
2019,15,REG,2019-12-15,CAR,SEA,24,30,7,7,0
2019,15,REG,2019-12-15,CIN,NE,13,34,7,7,0
2019,15,REG,2019-12-15,DET,TB,17,38,7,7,0
2019,15,REG,2019-12-15,GB,CHI,21,13,7,10,1
2019,15,REG,2019-12-15,KC,DEN,23,3,7,7,1
2019,15,REG,2019-12-15,NYG,MIA,36,20,6,7,0
2019,15,REG,2019-12-15,TEN,HOU,21,24,7,7,1
2019,15,REG,2019-12-15,WAS,PHI,27,37,7,6,1
2019,15,REG,2019-12-15,ARI,CLE,38,24,7,7,0
2019,15,REG,2019-12-15,LAC,MIN,10,39,7,7,0
2019,15,REG,2019-12-15,LV,JAX,16,20,7,7,0
2019,15,REG,2019-12-15,DAL,LA,44,21,10,7,0
2019,15,REG,2019-12-15,SF,ATL,22,29,7,7,0
2019,15,REG,2019-12-15,PIT,BUF,10,17,7,7,0
2019,15,REG,2019-12-16,NO,IND,34,7,8,8,0
2019,16,REG,2019-12-21,TB,HOU,20,23,7,7,0
2019,16,REG,2019-12-21,NE,BUF,24,17,7,7,1
2019,16,REG,2019-12-21,SF,LA,34,31,7,7,1
2019,16,REG,2019-12-22,ATL,JAX,24,12,7,7,0
2019,16,REG,2019-12-22,CLE,BAL,15,31,7,10,1
2019,16,REG,2019-12-22,IND,CAR,38,6,6,7,0
2019,16,REG,2019-12-22,MIA,CIN,38,35,7,7,0
2019,16,REG,2019-12-22,NYJ,PIT,16,10,10,7,0
2019,16,REG,2019-12-22,TEN,NO,28,38,7,6,0
2019,16,REG,2019-12-22,WAS,NYG,35,41,7,7,1
2019,16,REG,2019-12-22,DEN,DET,27,17,7,7,0
2019,16,REG,2019-12-22,LAC,LV,17,24,7,7,1
2019,16,REG,2019-12-22,PHI,DAL,17,9,7,7,1
2019,16,REG,2019-12-22,SEA,ARI,13,27,7,7,1
2019,16,REG,2019-12-22,CHI,KC,3,26,7,7,0
2019,16,REG,2019-12-23,MIN,GB,10,23,8,8,1
2019,17,REG,2019-12-29,BUF,NYJ,6,13,7,7,1
2019,17,REG,2019-12-29,CAR,NO,10,42,7,7,1
2019,17,REG,2019-12-29,CIN,CLE,33,23,7,7,1
2019,17,REG,2019-12-29,DET,GB,20,23,7,6,1
2019,17,REG,2019-12-29,KC,LAC,31,21,7,7,1
2019,17,REG,2019-12-29,MIN,CHI,19,21,6,7,1
2019,17,REG,2019-12-29,NE,MIA,24,27,7,7,1
2019,17,REG,2019-12-29,TB,ATL,22,28,7,7,1
2019,17,REG,2019-12-29,BAL,PIT,28,10,7,7,1
2019,17,REG,2019-12-29,DAL,WAS,47,16,7,7,1
2019,17,REG,2019-12-29,DEN,LV,16,15,7,7,1
2019,17,REG,2019-12-29,HOU,TEN,14,35,7,7,1
2019,17,REG,2019-12-29,JAX,IND,38,20,7,7,1
2019,17,REG,2019-12-29,LA,ARI,31,24,7,7,1
2019,17,REG,2019-12-29,NYG,PHI,17,34,7,7,1
2019,17,REG,2019-12-29,SEA,SF,21,26,7,7,1
2019,18,WC,2020-01-04,HOU,BUF,22,19,6,6,0
2019,18,WC,2020-01-04,NE,TEN,13,20,6,6,0
2019,18,WC,2020-01-05,NO,MIN,20,26,7,7,0
2019,18,WC,2020-01-05,PHI,SEA,9,17,7,7,0
2019,19,DIV,2020-01-11,SF,MIN,27,10,13,6,0
2019,19,DIV,2020-01-11,BAL,TEN,12,28,13,7,0
2019,19,DIV,2020-01-12,KC,HOU,51,31,14,8,0
2019,19,DIV,2020-01-12,GB,SEA,28,23,14,7,0
2019,20,CON,2020-01-19,KC,TEN,35,24,7,8,0
2019,20,CON,2020-01-19,SF,GB,37,20,8,7,0
2019,21,SB,2020-02-02,KC,SF,31,20,14,14,0
2020,1,REG,2020-09-10,KC,HOU,34,20,7,7,0
2020,1,REG,2020-09-13,ATL,SEA,25,38,7,7,0
2020,1,REG,2020-09-13,BAL,CLE,38,6,7,7,1
2020,1,REG,2020-09-13,BUF,NYJ,27,17,7,7,1
2020,1,REG,2020-09-13,CAR,LV,30,34,7,7,0
2020,1,REG,2020-09-13,DET,CHI,23,27,7,7,1
2020,1,REG,2020-09-13,JAX,IND,27,20,7,7,1
2020,1,REG,2020-09-13,MIN,GB,34,43,7,7,1
2020,1,REG,2020-09-13,NE,MIA,21,11,7,7,1
2020,1,REG,2020-09-13,WAS,PHI,27,17,7,7,1
2020,1,REG,2020-09-13,CIN,LAC,13,16,7,7,0
2020,1,REG,2020-09-13,NO,TB,34,23,7,7,1
2020,1,REG,2020-09-13,SF,ARI,20,24,7,7,1
2020,1,REG,2020-09-13,LA,DAL,20,17,7,7,0
2020,1,REG,2020-09-14,NYG,PIT,16,26,7,7,0
2020,1,REG,2020-09-14,DEN,TEN,14,16,7,7,0
2020,2,REG,2020-09-17,CLE,CIN,35,30,4,4,1
2020,2,REG,2020-09-20,CHI,NYG,17,13,7,6,0
2020,2,REG,2020-09-20,DAL,ATL,40,39,7,7,0
2020,2,REG,2020-09-20,GB,DET,42,21,7,7,1
2020,2,REG,2020-09-20,IND,MIN,28,11,7,7,0
2020,2,REG,2020-09-20,MIA,BUF,28,31,7,7,1
2020,2,REG,2020-09-20,NYJ,SF,13,31,7,7,0
2020,2,REG,2020-09-20,PHI,LA,19,37,7,7,0
2020,2,REG,2020-09-20,PIT,DEN,26,21,6,6,0
2020,2,REG,2020-09-20,TB,CAR,31,17,7,7,1
2020,2,REG,2020-09-20,TEN,JAX,33,30,6,7,1
2020,2,REG,2020-09-20,ARI,WAS,30,15,7,7,0
2020,2,REG,2020-09-20,HOU,BAL,16,33,10,7,0
2020,2,REG,2020-09-20,LAC,KC,20,23,7,10,1
2020,2,REG,2020-09-20,SEA,NE,35,30,7,7,0
2020,2,REG,2020-09-21,LV,NO,34,24,8,8,0
2020,3,REG,2020-09-24,JAX,MIA,13,31,4,4,0
2020,3,REG,2020-09-27,ATL,CHI,26,30,7,7,0
2020,3,REG,2020-09-27,BUF,LA,35,32,7,7,0
2020,3,REG,2020-09-27,CLE,WAS,34,20,10,7,0
2020,3,REG,2020-09-27,MIN,TEN,30,31,7,7,0
2020,3,REG,2020-09-27,NE,LV,36,20,7,6,0
2020,3,REG,2020-09-27,NYG,SF,9,36,7,7,0
2020,3,REG,2020-09-27,PHI,CIN,23,23,7,10,0
2020,3,REG,2020-09-27,PIT,HOU,28,21,7,7,0
2020,3,REG,2020-09-27,IND,NYJ,36,7,7,7,0
2020,3,REG,2020-09-27,LAC,CAR,16,21,7,7,0
2020,3,REG,2020-09-27,ARI,DET,23,26,7,7,0
2020,3,REG,2020-09-27,DEN,TB,10,28,7,7,0
2020,3,REG,2020-09-27,SEA,DAL,38,31,7,7,0
2020,3,REG,2020-09-27,NO,GB,30,37,6,7,0
2020,3,REG,2020-09-28,BAL,KC,20,34,8,8,0
2020,4,REG,2020-10-01,NYJ,DEN,28,37,4,4,0
2020,4,REG,2020-10-04,CAR,ARI,31,21,7,7,0
2020,4,REG,2020-10-04,CIN,JAX,33,25,7,10,0
2020,4,REG,2020-10-04,DAL,CLE,38,49,7,7,0
2020,4,REG,2020-10-04,DET,NO,29,35,7,7,0
2020,4,REG,2020-10-04,HOU,MIN,23,31,7,7,0
2020,4,REG,2020-10-04,MIA,SEA,23,31,10,7,0
2020,4,REG,2020-10-04,TB,LAC,38,31,7,7,0
2020,4,REG,2020-10-04,WAS,BAL,17,31,7,6,0
2020,4,REG,2020-10-04,LA,NYG,17,9,7,7,0
2020,4,REG,2020-10-04,CHI,IND,11,19,7,7,0
2020,4,REG,2020-10-04,LV,BUF,23,30,7,7,0
2020,4,REG,2020-10-04,SF,PHI,20,25,7,7,0
2020,4,REG,2020-10-05,KC,NE,26,10,7,8,0
2020,4,REG,2020-10-05,GB,ATL,30,16,8,8,0
2020,5,REG,2020-10-08,CHI,TB,20,19,4,4,0
2020,5,REG,2020-10-11,ATL,CAR,16,23,6,7,1
2020,5,REG,2020-10-11,BAL,CIN,27,3,7,7,1
2020,5,REG,2020-10-11,HOU,JAX,30,14,7,7,1
2020,5,REG,2020-10-11,KC,LV,32,40,6,7,1
2020,5,REG,2020-10-11,NYJ,ARI,10,30,10,7,0
2020,5,REG,2020-10-11,PIT,PHI,38,29,14,7,0
2020,5,REG,2020-10-11,WAS,LA,10,30,7,7,0
2020,5,REG,2020-10-11,SF,MIA,17,43,7,7,0
2020,5,REG,2020-10-11,CLE,IND,32,23,7,7,0
2020,5,REG,2020-10-11,DAL,NYG,37,34,7,7,1
2020,5,REG,2020-10-11,SEA,MIN,27,26,7,7,0
2020,5,REG,2020-10-12,NO,LAC,30,27,8,8,0
2020,5,REG,2020-10-13,TEN,BUF,42,16,16,9,0
2020,6,REG,2020-10-18,CAR,CHI,16,23,7,10,0
2020,6,REG,2020-10-18,IND,CIN,31,27,7,7,0
2020,6,REG,2020-10-18,JAX,DET,16,34,7,14,0
2020,6,REG,2020-10-18,MIN,ATL,23,40,7,7,0
2020,6,REG,2020-10-18,NE,DEN,12,18,13,17,0
2020,6,REG,2020-10-18,NYG,WAS,20,19,7,7,1
2020,6,REG,2020-10-18,PHI,BAL,28,30,7,7,0
2020,6,REG,2020-10-18,PIT,CLE,38,7,7,7,1
2020,6,REG,2020-10-18,TEN,HOU,42,36,5,7,1
2020,6,REG,2020-10-18,MIA,NYJ,24,0,7,7,1
2020,6,REG,2020-10-18,TB,GB,38,10,10,13,0
2020,6,REG,2020-10-18,SF,LA,24,16,7,7,1
2020,6,REG,2020-10-19,BUF,KC,17,26,6,8,0
2020,6,REG,2020-10-19,DAL,ARI,10,38,8,8,0
2020,7,REG,2020-10-22,PHI,NYG,22,21,4,4,1
2020,7,REG,2020-10-25,ATL,DET,22,23,7,7,0
2020,7,REG,2020-10-25,CIN,CLE,34,37,7,7,1
2020,7,REG,2020-10-25,HOU,GB,20,35,7,7,0
2020,7,REG,2020-10-25,NO,CAR,27,24,13,7,1
2020,7,REG,2020-10-25,NYJ,BUF,10,18,7,6,1
2020,7,REG,2020-10-25,TEN,PIT,24,27,7,7,0
2020,7,REG,2020-10-25,WAS,DAL,25,3,7,6,1
2020,7,REG,2020-10-25,LV,TB,20,45,14,7,0
2020,7,REG,2020-10-25,DEN,KC,16,43,7,6,1
2020,7,REG,2020-10-25,LAC,JAX,39,29,13,7,0
2020,7,REG,2020-10-25,NE,SF,6,33,7,7,0
2020,7,REG,2020-10-25,ARI,SEA,37,34,6,14,1
2020,7,REG,2020-10-26,LA,CHI,24,10,8,8,0
2020,8,REG,2020-10-29,CAR,ATL,17,25,4,4,1
2020,8,REG,2020-11-01,BAL,PIT,24,28,14,7,1
2020,8,REG,2020-11-01,BUF,NE,24,21,7,7,1
2020,8,REG,2020-11-01,CIN,TEN,31,20,7,7,0
2020,8,REG,2020-11-01,CLE,LV,6,16,7,7,0
2020,8,REG,2020-11-01,DET,IND,21,41,7,14,0
2020,8,REG,2020-11-01,GB,MIN,22,28,7,14,1
2020,8,REG,2020-11-01,KC,NYJ,35,9,7,7,0
2020,8,REG,2020-11-01,MIA,LA,28,17,14,6,0
2020,8,REG,2020-11-01,DEN,LAC,31,30,7,7,1
2020,8,REG,2020-11-01,CHI,NO,23,26,6,7,0
2020,8,REG,2020-11-01,SEA,SF,37,27,7,7,1
2020,8,REG,2020-11-01,PHI,DAL,23,9,10,7,1
2020,8,REG,2020-11-02,NYG,TB,23,25,11,8,0
2020,9,REG,2020-11-05,SF,GB,17,34,4,4,0
2020,9,REG,2020-11-08,ATL,DEN,34,27,10,7,0
2020,9,REG,2020-11-08,BUF,SEA,44,34,7,7,0
2020,9,REG,2020-11-08,IND,BAL,10,24,7,7,0
2020,9,REG,2020-11-08,JAX,HOU,25,27,14,14,1
2020,9,REG,2020-11-08,KC,CAR,33,31,7,10,0
2020,9,REG,2020-11-08,MIN,DET,34,20,7,7,1
2020,9,REG,2020-11-08,TEN,CHI,24,17,7,7,0
2020,9,REG,2020-11-08,WAS,NYG,20,23,14,6,1
2020,9,REG,2020-11-08,LAC,LV,26,31,7,7,1
2020,9,REG,2020-11-08,ARI,MIA,31,34,14,7,0
2020,9,REG,2020-11-08,DAL,PIT,19,24,7,7,0
2020,9,REG,2020-11-08,TB,NO,3,38,6,7,1
2020,9,REG,2020-11-09,NYJ,NE,27,30,8,8,1
2020,10,REG,2020-11-12,TEN,IND,17,34,4,4,1
2020,10,REG,2020-11-15,CAR,TB,23,46,7,7,1
2020,10,REG,2020-11-15,CLE,HOU,10,7,14,7,0
2020,10,REG,2020-11-15,DET,WAS,30,27,7,7,0
2020,10,REG,2020-11-15,GB,JAX,24,20,10,7,0
2020,10,REG,2020-11-15,NYG,PHI,27,17,7,14,1
2020,10,REG,2020-11-15,ARI,BUF,32,30,7,7,0
2020,10,REG,2020-11-15,LV,DEN,37,12,7,7,1
2020,10,REG,2020-11-15,MIA,LAC,29,21,7,7,0
2020,10,REG,2020-11-15,LA,SEA,23,16,14,7,1
2020,10,REG,2020-11-15,NO,SF,27,13,7,10,0
2020,10,REG,2020-11-15,PIT,CIN,36,10,7,14,1
2020,10,REG,2020-11-15,NE,BAL,23,17,6,7,0
2020,10,REG,2020-11-16,CHI,MIN,13,19,8,8,1
2020,11,REG,2020-11-19,SEA,ARI,28,21,4,4,1
2020,11,REG,2020-11-22,BAL,TEN,24,30,7,10,0
2020,11,REG,2020-11-22,CAR,DET,20,0,7,7,0
2020,11,REG,2020-11-22,CLE,PHI,22,17,7,7,0
2020,11,REG,2020-11-22,HOU,NE,27,20,7,7,0
2020,11,REG,2020-11-22,JAX,PIT,3,27,7,7,0
2020,11,REG,2020-11-22,NO,ATL,24,9,7,14,1
2020,11,REG,2020-11-22,WAS,CIN,20,9,7,7,0
2020,11,REG,2020-11-22,DEN,MIA,20,13,7,7,0
2020,11,REG,2020-11-22,LAC,NYJ,34,28,7,13,0
2020,11,REG,2020-11-22,IND,GB,34,31,10,7,0
2020,11,REG,2020-11-22,MIN,DAL,28,31,6,14,0
2020,11,REG,2020-11-22,LV,KC,31,35,7,14,1
2020,11,REG,2020-11-23,TB,LA,24,27,8,8,0
2020,12,REG,2020-11-26,DET,HOU,25,41,4,4,0
2020,12,REG,2020-11-26,DAL,WAS,16,41,4,4,1
2020,12,REG,2020-11-29,ATL,LV,43,6,7,7,0
2020,12,REG,2020-11-29,BUF,LAC,27,17,14,7,0
2020,12,REG,2020-11-29,CIN,NYG,17,19,7,14,0
2020,12,REG,2020-11-29,IND,TEN,26,45,7,7,1
2020,12,REG,2020-11-29,JAX,CLE,25,27,7,7,0
2020,12,REG,2020-11-29,MIN,CAR,28,27,7,7,0
2020,12,REG,2020-11-29,NE,ARI,20,17,7,10,0
2020,12,REG,2020-11-29,NYJ,MIA,3,20,7,7,1
2020,12,REG,2020-11-29,DEN,NO,3,31,7,7,0
2020,12,REG,2020-11-29,LA,SF,20,23,6,14,1
2020,12,REG,2020-11-29,TB,KC,24,27,6,7,0
2020,12,REG,2020-11-29,GB,CHI,41,25,7,13,1
2020,12,REG,2020-11-30,PHI,SEA,17,23,8,11,0
2020,12,REG,2020-12-02,PIT,BAL,19,14,10,10,1
2020,13,REG,2020-12-06,ATL,NO,16,21,7,7,1
2020,13,REG,2020-12-06,CHI,DET,30,34,7,10,1
2020,13,REG,2020-12-06,HOU,IND,20,26,10,7,1
2020,13,REG,2020-12-06,MIA,CIN,19,7,7,7,0
2020,13,REG,2020-12-06,MIN,JAX,27,24,7,7,0
2020,13,REG,2020-12-06,NYJ,LV,28,31,7,7,0
2020,13,REG,2020-12-06,TEN,CLE,35,41,7,7,0
2020,13,REG,2020-12-06,ARI,LA,28,38,7,7,1
2020,13,REG,2020-12-06,SEA,NYG,12,17,6,7,0
2020,13,REG,2020-12-06,GB,PHI,30,16,7,6,0
2020,13,REG,2020-12-06,LAC,NE,0,45,7,7,0
2020,13,REG,2020-12-06,KC,DEN,22,16,7,7,1
2020,13,REG,2020-12-07,PIT,WAS,17,23,5,11,0
2020,13,REG,2020-12-07,SF,BUF,24,34,8,8,0
2020,13,REG,2020-12-08,BAL,DAL,34,17,6,12,0
2020,14,REG,2020-12-10,LA,NE,24,3,4,4,0
2020,14,REG,2020-12-13,CAR,DEN,27,32,14,7,0
2020,14,REG,2020-12-13,CHI,HOU,36,7,7,7,0
2020,14,REG,2020-12-13,CIN,DAL,7,30,7,5,0
2020,14,REG,2020-12-13,JAX,TEN,10,31,7,7,1
2020,14,REG,2020-12-13,MIA,KC,27,33,7,7,0
2020,14,REG,2020-12-13,NYG,ARI,7,26,7,7,0
2020,14,REG,2020-12-13,TB,MIN,26,14,14,7,0
2020,14,REG,2020-12-13,LV,IND,27,44,7,7,0
2020,14,REG,2020-12-13,SEA,NYJ,40,3,7,7,0
2020,14,REG,2020-12-13,DET,GB,24,31,7,7,1
2020,14,REG,2020-12-13,LAC,ATL,20,17,7,7,0
2020,14,REG,2020-12-13,PHI,NO,24,21,7,7,0
2020,14,REG,2020-12-13,SF,WAS,15,23,6,6,0
2020,14,REG,2020-12-13,BUF,PIT,26,15,6,6,0
2020,14,REG,2020-12-14,CLE,BAL,42,47,8,6,1
2020,15,REG,2020-12-17,LV,LAC,27,30,4,4,1
2020,15,REG,2020-12-19,DEN,BUF,19,48,6,6,0
2020,15,REG,2020-12-19,GB,CAR,24,16,6,6,0
2020,15,REG,2020-12-20,ATL,TB,27,31,7,7,1
2020,15,REG,2020-12-20,BAL,JAX,40,14,6,7,0
2020,15,REG,2020-12-20,DAL,SF,41,33,7,7,0
2020,15,REG,2020-12-20,IND,HOU,27,20,7,7,1
2020,15,REG,2020-12-20,MIA,NE,22,12,7,10,1
2020,15,REG,2020-12-20,MIN,CHI,27,33,7,7,1
2020,15,REG,2020-12-20,TEN,DET,46,25,7,7,0
2020,15,REG,2020-12-20,WAS,SEA,15,20,7,7,0
2020,15,REG,2020-12-20,ARI,PHI,33,26,7,7,0
2020,15,REG,2020-12-20,LA,NYJ,20,23,10,7,0
2020,15,REG,2020-12-20,NO,KC,29,32,7,7,0
2020,15,REG,2020-12-20,NYG,CLE,6,20,7,6,0
2020,15,REG,2020-12-21,CIN,PIT,27,17,8,8,1
2020,16,REG,2020-12-25,NO,MIN,52,33,5,5,0
2020,16,REG,2020-12-26,DET,TB,7,47,6,6,0
2020,16,REG,2020-12-26,ARI,SF,12,20,6,6,1
2020,16,REG,2020-12-26,LV,MIA,25,26,9,6,0
2020,16,REG,2020-12-27,BAL,NYG,27,13,7,7,0
2020,16,REG,2020-12-27,HOU,CIN,31,37,7,6,0
2020,16,REG,2020-12-27,JAX,CHI,17,41,7,7,0
2020,16,REG,2020-12-27,KC,ATL,17,14,7,7,0
2020,16,REG,2020-12-27,NYJ,CLE,23,16,7,7,0
2020,16,REG,2020-12-27,PIT,IND,28,24,6,7,0
2020,16,REG,2020-12-27,LAC,DEN,19,16,10,8,1
2020,16,REG,2020-12-27,WAS,CAR,13,20,7,8,0
2020,16,REG,2020-12-27,DAL,PHI,37,17,7,7,1
2020,16,REG,2020-12-27,SEA,LA,20,9,7,7,1
2020,16,REG,2020-12-27,GB,TEN,40,14,8,7,0
2020,16,REG,2020-12-28,NE,BUF,9,38,8,9,1
2020,17,REG,2021-01-03,BUF,MIA,56,26,6,8,1
2020,17,REG,2021-01-03,CIN,BAL,3,38,7,7,1
2020,17,REG,2021-01-03,CLE,PIT,24,22,7,7,1
2020,17,REG,2021-01-03,DET,MIN,35,37,8,9,1
2020,17,REG,2021-01-03,NE,NYJ,28,14,6,7,1
2020,17,REG,2021-01-03,NYG,DAL,23,19,7,7,1
2020,17,REG,2021-01-03,TB,ATL,44,27,8,7,1
2020,17,REG,2021-01-03,CAR,NO,7,33,7,9,1
2020,17,REG,2021-01-03,CHI,GB,16,35,7,7,1
2020,17,REG,2021-01-03,DEN,LV,31,32,7,8,1
2020,17,REG,2021-01-03,HOU,TEN,38,41,7,7,1
2020,17,REG,2021-01-03,IND,JAX,28,14,7,7,1
2020,17,REG,2021-01-03,KC,LAC,21,38,7,7,1
2020,17,REG,2021-01-03,LA,ARI,18,7,7,8,1
2020,17,REG,2021-01-03,SF,SEA,23,26,8,7,1
2020,17,REG,2021-01-03,PHI,WAS,14,20,7,7,1
2020,18,WC,2021-01-09,BUF,IND,27,24,6,6,0
2020,18,WC,2021-01-09,SEA,LA,20,30,6,6,1
2020,18,WC,2021-01-09,WAS,TB,23,31,6,6,0
2020,18,WC,2021-01-10,TEN,BAL,13,20,7,7,0
2020,18,WC,2021-01-10,NO,CHI,21,9,7,7,0
2020,18,WC,2021-01-10,PIT,CLE,37,48,7,7,1
2020,19,DIV,2021-01-16,GB,LA,32,18,13,7,0
2020,19,DIV,2021-01-16,BUF,BAL,17,3,7,6,0
2020,19,DIV,2021-01-17,KC,CLE,22,17,14,7,0
2020,19,DIV,2021-01-17,NO,TB,20,30,7,8,1
2020,20,CON,2021-01-24,GB,TB,26,31,8,7,0
2020,20,CON,2021-01-24,KC,BUF,38,24,7,8,0
2020,21,SB,2021-02-07,TB,KC,31,9,14,14,0
2021,1,REG,2021-09-09,TB,DAL,31,29,7,7,0
2021,1,REG,2021-09-12,ATL,PHI,6,32,7,7,0
2021,1,REG,2021-09-12,BUF,PIT,16,23,7,7,0
2021,1,REG,2021-09-12,CAR,NYJ,19,14,7,7,0
2021,1,REG,2021-09-12,CIN,MIN,27,24,7,7,0
2021,1,REG,2021-09-12,DET,SF,33,41,7,7,0
2021,1,REG,2021-09-12,HOU,JAX,37,21,7,7,1
2021,1,REG,2021-09-12,IND,SEA,16,28,7,7,0
2021,1,REG,2021-09-12,TEN,ARI,13,38,7,7,0
2021,1,REG,2021-09-12,WAS,LAC,16,20,7,7,0
2021,1,REG,2021-09-12,KC,CLE,33,29,7,7,0
2021,1,REG,2021-09-12,NE,MIA,16,17,7,7,1
2021,1,REG,2021-09-12,NO,GB,38,3,7,7,0
2021,1,REG,2021-09-12,NYG,DEN,13,27,7,7,0
2021,1,REG,2021-09-12,LA,CHI,34,14,7,7,0
2021,1,REG,2021-09-13,LV,BAL,33,27,7,7,0
2021,2,REG,2021-09-16,WAS,NYG,30,29,4,4,1
2021,2,REG,2021-09-19,CAR,NO,26,7,7,7,1
2021,2,REG,2021-09-19,CHI,CIN,20,17,7,7,0
2021,2,REG,2021-09-19,CLE,HOU,31,21,7,7,0
2021,2,REG,2021-09-19,IND,LA,24,27,7,7,0
2021,2,REG,2021-09-19,JAX,DEN,13,23,7,7,0
2021,2,REG,2021-09-19,MIA,BUF,0,35,7,7,1
2021,2,REG,2021-09-19,NYJ,NE,6,25,7,7,1
2021,2,REG,2021-09-19,PHI,SF,11,17,7,7,0
2021,2,REG,2021-09-19,PIT,LV,17,26,7,6,0
2021,2,REG,2021-09-19,ARI,MIN,34,33,7,7,0
2021,2,REG,2021-09-19,TB,ATL,48,25,10,7,1
2021,2,REG,2021-09-19,LAC,DAL,17,20,7,10,0
2021,2,REG,2021-09-19,SEA,TEN,30,33,7,7,0
2021,2,REG,2021-09-19,BAL,KC,36,35,6,7,0
2021,2,REG,2021-09-20,GB,DET,35,17,8,8,1
2021,3,REG,2021-09-23,HOU,CAR,9,24,4,4,0
2021,3,REG,2021-09-26,BUF,WAS,43,21,7,10,0
2021,3,REG,2021-09-26,CLE,CHI,26,6,7,7,0
2021,3,REG,2021-09-26,DET,BAL,17,19,6,7,0
2021,3,REG,2021-09-26,JAX,ARI,19,31,7,7,0
2021,3,REG,2021-09-26,KC,LAC,24,30,7,7,1
2021,3,REG,2021-09-26,NE,NO,13,28,7,7,0
2021,3,REG,2021-09-26,NYG,ATL,14,17,10,7,0
2021,3,REG,2021-09-26,PIT,CIN,10,24,7,7,1
2021,3,REG,2021-09-26,TEN,IND,25,16,7,7,1
2021,3,REG,2021-09-26,DEN,NYJ,26,0,7,7,0
2021,3,REG,2021-09-26,LV,MIA,31,28,7,7,0
2021,3,REG,2021-09-26,LA,TB,34,24,7,7,0
2021,3,REG,2021-09-26,MIN,SEA,30,17,7,7,0
2021,3,REG,2021-09-26,SF,GB,28,30,7,6,0
2021,3,REG,2021-09-27,DAL,PHI,41,21,8,8,1
2021,4,REG,2021-09-30,CIN,JAX,24,21,4,4,0
2021,4,REG,2021-10-03,ATL,WAS,30,34,7,7,0
2021,4,REG,2021-10-03,BUF,HOU,40,0,7,10,0
2021,4,REG,2021-10-03,CHI,DET,24,14,7,7,1
2021,4,REG,2021-10-03,DAL,CAR,36,28,6,10,0
2021,4,REG,2021-10-03,MIA,IND,17,27,7,7,0
2021,4,REG,2021-10-03,MIN,CLE,7,14,7,7,0
2021,4,REG,2021-10-03,NO,NYG,21,27,7,7,0
2021,4,REG,2021-10-03,NYJ,TEN,27,24,7,7,0
2021,4,REG,2021-10-03,PHI,KC,30,42,6,7,0
2021,4,REG,2021-10-03,LA,ARI,20,37,7,7,1
2021,4,REG,2021-10-03,SF,SEA,21,28,7,7,1
2021,4,REG,2021-10-03,DEN,BAL,7,23,7,7,0
2021,4,REG,2021-10-03,GB,PIT,27,17,7,7,0
2021,4,REG,2021-10-03,NE,TB,17,19,7,7,0
2021,4,REG,2021-10-04,LAC,LV,28,14,8,8,1
2021,5,REG,2021-10-07,SEA,LA,17,26,4,4,1
2021,5,REG,2021-10-10,ATL,NYJ,27,20,7,7,0
2021,5,REG,2021-10-10,CAR,PHI,18,21,7,7,0
2021,5,REG,2021-10-10,CIN,GB,22,25,10,7,0
2021,5,REG,2021-10-10,HOU,NE,22,25,7,7,0
2021,5,REG,2021-10-10,JAX,TEN,19,37,10,7,1
2021,5,REG,2021-10-10,MIN,DET,19,17,7,7,1
2021,5,REG,2021-10-10,PIT,DEN,27,19,7,7,0
2021,5,REG,2021-10-10,TB,MIA,45,17,7,7,0
2021,5,REG,2021-10-10,WAS,NO,22,33,7,7,0
2021,5,REG,2021-10-10,LAC,CLE,47,42,6,7,0
2021,5,REG,2021-10-10,LV,CHI,9,20,6,7,0
2021,5,REG,2021-10-10,ARI,SF,17,10,7,7,1
2021,5,REG,2021-10-10,DAL,NYG,44,20,7,7,1
2021,5,REG,2021-10-10,KC,BUF,20,38,7,7,0
2021,5,REG,2021-10-11,BAL,IND,31,25,8,8,0
2021,6,REG,2021-10-14,PHI,TB,22,28,4,4,0
2021,6,REG,2021-10-17,JAX,MIA,23,20,7,7,0
2021,6,REG,2021-10-17,BAL,LAC,34,6,6,7,0
2021,6,REG,2021-10-17,CAR,MIN,28,34,7,7,0
2021,6,REG,2021-10-17,CHI,GB,14,24,7,7,1
2021,6,REG,2021-10-17,DET,CIN,11,34,7,7,0
2021,6,REG,2021-10-17,IND,HOU,31,3,6,7,1
2021,6,REG,2021-10-17,NYG,LA,11,38,7,10,0
2021,6,REG,2021-10-17,WAS,KC,13,31,7,7,0
2021,6,REG,2021-10-17,CLE,ARI,14,37,7,7,0
2021,6,REG,2021-10-17,DEN,LV,24,34,7,7,1
2021,6,REG,2021-10-17,NE,DAL,29,35,7,7,0
2021,6,REG,2021-10-17,PIT,SEA,23,20,7,10,0
2021,6,REG,2021-10-18,TEN,BUF,34,31,8,8,0
2021,7,REG,2021-10-21,CLE,DEN,17,14,4,4,0
2021,7,REG,2021-10-24,BAL,CIN,17,41,7,7,1
2021,7,REG,2021-10-24,GB,WAS,24,10,7,7,0
2021,7,REG,2021-10-24,MIA,ATL,28,30,7,14,0
2021,7,REG,2021-10-24,NE,NYJ,54,13,7,14,1
2021,7,REG,2021-10-24,NYG,CAR,25,3,7,7,0
2021,7,REG,2021-10-24,TEN,KC,27,3,6,7,0
2021,7,REG,2021-10-24,LA,DET,28,19,7,7,0
2021,7,REG,2021-10-24,LV,PHI,33,22,7,10,0
2021,7,REG,2021-10-24,ARI,HOU,31,5,7,7,0
2021,7,REG,2021-10-24,TB,CHI,38,3,10,7,0
2021,7,REG,2021-10-24,SF,IND,18,30,14,7,0
2021,7,REG,2021-10-25,SEA,NO,10,13,8,15,0
2021,8,REG,2021-10-28,ARI,GB,21,24,4,4,0
2021,8,REG,2021-10-31,ATL,CAR,13,19,7,7,1
2021,8,REG,2021-10-31,BUF,MIA,26,11,13,7,1
2021,8,REG,2021-10-31,CHI,SF,22,33,7,7,0
2021,8,REG,2021-10-31,CLE,PIT,10,15,10,14,1
2021,8,REG,2021-10-31,DET,PHI,6,44,7,7,0
2021,8,REG,2021-10-31,HOU,LA,22,38,7,7,0
2021,8,REG,2021-10-31,IND,TEN,31,34,7,7,1
2021,8,REG,2021-10-31,NYJ,CIN,34,31,7,7,0
2021,8,REG,2021-10-31,LAC,NE,24,27,14,7,0
2021,8,REG,2021-10-31,SEA,JAX,31,7,6,14,0
2021,8,REG,2021-10-31,DEN,WAS,17,10,10,7,0
2021,8,REG,2021-10-31,NO,TB,36,27,6,7,1
2021,8,REG,2021-10-31,MIN,DAL,16,20,14,14,0
2021,8,REG,2021-11-01,KC,NYG,20,17,8,8,0
2021,9,REG,2021-11-04,IND,NYJ,45,30,4,4,0
2021,9,REG,2021-11-07,BAL,MIN,34,31,14,7,0
2021,9,REG,2021-11-07,CAR,NE,6,24,7,7,0
2021,9,REG,2021-11-07,CIN,CLE,16,41,7,7,1
2021,9,REG,2021-11-07,DAL,DEN,16,30,7,7,0
2021,9,REG,2021-11-07,JAX,BUF,9,6,7,7,0
2021,9,REG,2021-11-07,MIA,HOU,17,9,7,7,0
2021,9,REG,2021-11-07,NO,ATL,25,27,7,7,1
2021,9,REG,2021-11-07,NYG,LV,23,16,6,14,0
2021,9,REG,2021-11-07,PHI,LAC,24,27,7,7,0
2021,9,REG,2021-11-07,KC,GB,13,7,6,10,0
2021,9,REG,2021-11-07,SF,ARI,17,31,7,10,1
2021,9,REG,2021-11-07,LA,TEN,16,28,7,7,0
2021,9,REG,2021-11-08,PIT,CHI,29,27,8,8,0
2021,10,REG,2021-11-11,MIA,BAL,22,10,4,4,0
2021,10,REG,2021-11-14,DAL,ATL,43,3,7,7,0
2021,10,REG,2021-11-14,IND,JAX,23,17,10,7,1
2021,10,REG,2021-11-14,NE,CLE,45,7,7,7,0
2021,10,REG,2021-11-14,NYJ,BUF,17,45,10,7,1
2021,10,REG,2021-11-14,PIT,DET,16,16,6,14,0
2021,10,REG,2021-11-14,TEN,NO,23,21,7,7,0
2021,10,REG,2021-11-14,WAS,TB,29,19,14,14,0
2021,10,REG,2021-11-14,ARI,CAR,10,34,7,7,0
2021,10,REG,2021-11-14,LAC,MIN,20,27,7,7,0
2021,10,REG,2021-11-14,DEN,PHI,13,30,7,7,0
2021,10,REG,2021-11-14,GB,SEA,17,0,7,14,0
2021,10,REG,2021-11-14,LV,KC,14,41,7,7,1
2021,10,REG,2021-11-15,SF,LA,31,10,8,8,1
2021,11,REG,2021-11-18,ATL,NE,0,25,4,4,0
2021,11,REG,2021-11-21,BUF,IND,15,41,7,7,0
2021,11,REG,2021-11-21,CAR,WAS,21,27,7,7,0
2021,11,REG,2021-11-21,CHI,BAL,13,16,13,10,0
2021,11,REG,2021-11-21,CLE,DET,13,10,7,7,0
2021,11,REG,2021-11-21,JAX,SF,10,30,7,6,0
2021,11,REG,2021-11-21,MIN,GB,34,31,7,7,1
2021,11,REG,2021-11-21,NYJ,MIA,17,24,7,10,1
2021,11,REG,2021-11-21,PHI,NO,40,29,7,7,0
2021,11,REG,2021-11-21,TEN,HOU,13,22,7,14,1
2021,11,REG,2021-11-21,LV,CIN,13,32,7,14,0
2021,11,REG,2021-11-21,KC,DAL,19,9,7,7,0
2021,11,REG,2021-11-21,SEA,ARI,13,23,7,7,1
2021,11,REG,2021-11-21,LAC,PIT,41,37,7,7,0
2021,11,REG,2021-11-22,TB,NYG,30,10,8,15,0
2021,12,REG,2021-11-25,DET,CHI,14,16,4,4,1
2021,12,REG,2021-11-25,DAL,LV,33,36,4,4,0
2021,12,REG,2021-11-25,NO,BUF,6,31,4,4,0
2021,12,REG,2021-11-28,CIN,PIT,41,10,7,7,1
2021,12,REG,2021-11-28,HOU,NYJ,14,21,7,7,0
2021,12,REG,2021-11-28,IND,TB,31,38,7,6,0
2021,12,REG,2021-11-28,JAX,ATL,14,21,7,10,0
2021,12,REG,2021-11-28,MIA,CAR,33,10,7,7,0
2021,12,REG,2021-11-28,NE,TEN,36,13,10,7,0
2021,12,REG,2021-11-28,NYG,PHI,13,7,6,7,1
2021,12,REG,2021-11-28,DEN,LAC,28,13,14,7,1
2021,12,REG,2021-11-28,GB,LA,36,28,7,13,0
2021,12,REG,2021-11-28,SF,MIN,34,26,7,7,0
2021,12,REG,2021-11-28,BAL,CLE,16,10,7,7,1
2021,12,REG,2021-11-29,WAS,SEA,17,15,8,8,0
2021,13,REG,2021-12-02,NO,DAL,17,27,7,7,0
2021,13,REG,2021-12-05,ATL,TB,17,30,7,7,1
2021,13,REG,2021-12-05,CHI,ARI,22,33,10,14,0
2021,13,REG,2021-12-05,CIN,LAC,22,41,7,7,0
2021,13,REG,2021-12-05,DET,MIN,29,27,10,7,1
2021,13,REG,2021-12-05,HOU,IND,0,31,7,7,1
2021,13,REG,2021-12-05,MIA,NYG,20,9,7,7,0
2021,13,REG,2021-12-05,NYJ,PHI,18,33,7,7,0
2021,13,REG,2021-12-05,LA,JAX,37,7,7,7,0
2021,13,REG,2021-12-05,LV,WAS,15,17,10,6,0
2021,13,REG,2021-12-05,PIT,BAL,20,19,7,7,1
2021,13,REG,2021-12-05,SEA,SF,30,23,6,7,1
2021,13,REG,2021-12-05,KC,DEN,22,9,14,7,1
2021,13,REG,2021-12-06,BUF,NE,10,14,11,8,1
2021,14,REG,2021-12-09,MIN,PIT,36,28,4,4,0
2021,14,REG,2021-12-12,CAR,ATL,21,29,14,7,1
2021,14,REG,2021-12-12,CLE,BAL,24,22,14,7,1
2021,14,REG,2021-12-12,HOU,SEA,13,33,7,7,0
2021,14,REG,2021-12-12,KC,LV,48,9,7,7,1
2021,14,REG,2021-12-12,NYJ,NO,9,30,7,10,0
2021,14,REG,2021-12-12,TEN,JAX,20,0,14,7,1
2021,14,REG,2021-12-12,WAS,DAL,20,27,7,10,1
2021,14,REG,2021-12-12,DEN,DET,38,10,7,7,0
2021,14,REG,2021-12-12,LAC,NYG,37,21,7,7,0
2021,14,REG,2021-12-12,CIN,SF,23,26,7,7,0
2021,14,REG,2021-12-12,TB,BUF,33,27,7,6,0
2021,14,REG,2021-12-12,GB,CHI,45,30,14,7,1
2021,14,REG,2021-12-13,ARI,LA,23,30,8,8,1
2021,15,REG,2021-12-16,LAC,KC,28,34,4,4,1
2021,15,REG,2021-12-18,IND,NE,27,17,14,13,0
2021,15,REG,2021-12-19,BUF,CAR,31,14,7,7,0
2021,15,REG,2021-12-19,DET,ARI,30,12,7,6,0
2021,15,REG,2021-12-19,JAX,HOU,16,30,7,7,1
2021,15,REG,2021-12-19,MIA,NYJ,31,24,14,7,1
2021,15,REG,2021-12-19,NYG,DAL,6,21,7,7,1
2021,15,REG,2021-12-19,PIT,TEN,19,13,10,7,0
2021,15,REG,2021-12-19,DEN,CIN,10,15,7,7,0
2021,15,REG,2021-12-19,SF,ATL,31,13,7,7,0
2021,15,REG,2021-12-19,BAL,GB,30,31,7,7,0
2021,15,REG,2021-12-19,TB,NO,0,9,7,7,1
2021,15,REG,2021-12-20,CLE,LV,14,16,7,7,0
2021,15,REG,2021-12-20,CHI,MIN,9,17,8,11,1
2021,15,REG,2021-12-21,LA,SEA,20,10,6,7,1
2021,15,REG,2021-12-21,PHI,WAS,27,17,14,7,1
2021,16,REG,2021-12-23,TEN,SF,20,17,4,4,0
2021,16,REG,2021-12-25,GB,CLE,24,22,6,6,0
2021,16,REG,2021-12-25,ARI,IND,16,22,6,6,0
2021,16,REG,2021-12-26,ATL,DET,20,16,7,7,0
2021,16,REG,2021-12-26,CAR,TB,6,32,7,7,1
2021,16,REG,2021-12-26,CIN,BAL,41,21,7,7,1
2021,16,REG,2021-12-26,HOU,LAC,41,29,7,10,0
2021,16,REG,2021-12-26,MIN,LA,23,30,6,7,0
2021,16,REG,2021-12-26,NE,BUF,21,33,7,7,1
2021,16,REG,2021-12-26,NYJ,JAX,26,21,7,7,0
2021,16,REG,2021-12-26,PHI,NYG,34,10,7,7,1
2021,16,REG,2021-12-26,SEA,CHI,24,25,7,6,0
2021,16,REG,2021-12-26,KC,PIT,36,10,10,7,0
2021,16,REG,2021-12-26,LV,DEN,17,13,7,7,1
2021,16,REG,2021-12-26,DAL,WAS,56,14,7,7,1
2021,16,REG,2021-12-27,NO,MIA,3,20,8,8,0
2021,17,REG,2022-01-02,BAL,LA,19,20,7,7,0
2021,17,REG,2022-01-02,BUF,ATL,29,15,7,7,0
2021,17,REG,2022-01-02,CHI,NYG,29,3,7,7,0
2021,17,REG,2022-01-02,CIN,KC,34,31,7,7,0
2021,17,REG,2022-01-02,IND,LV,20,23,8,7,0
2021,17,REG,2022-01-02,NE,JAX,50,10,7,7,0
2021,17,REG,2022-01-02,NYJ,TB,24,28,7,7,0
2021,17,REG,2022-01-02,TEN,MIA,34,3,10,6,0
2021,17,REG,2022-01-02,WAS,PHI,16,20,7,7,1
2021,17,REG,2022-01-02,LAC,DEN,34,13,7,7,1
2021,17,REG,2022-01-02,SF,HOU,23,7,10,7,0
2021,17,REG,2022-01-02,DAL,ARI,22,25,7,8,0
2021,17,REG,2022-01-02,NO,CAR,18,10,6,7,1
2021,17,REG,2022-01-02,SEA,DET,51,29,7,7,0
2021,17,REG,2022-01-02,GB,MIN,37,10,8,7,1
2021,17,REG,2022-01-03,PIT,CLE,26,14,8,9,1
2021,18,REG,2022-01-08,DEN,KC,24,28,7,7,1
2021,18,REG,2022-01-08,PHI,DAL,26,51,7,7,1
2021,18,REG,2022-01-09,BAL,PIT,13,16,7,6,1
2021,18,REG,2022-01-09,CLE,CIN,21,16,6,7,1
2021,18,REG,2022-01-09,DET,GB,37,30,7,7,1
2021,18,REG,2022-01-09,HOU,TEN,25,28,7,7,1
2021,18,REG,2022-01-09,JAX,IND,26,11,7,7,1
2021,18,REG,2022-01-09,MIN,CHI,31,17,7,7,1
2021,18,REG,2022-01-09,NYG,WAS,7,22,7,7,1
2021,18,REG,2022-01-09,ARI,SEA,30,38,7,7,1
2021,18,REG,2022-01-09,ATL,NO,20,30,7,7,1
2021,18,REG,2022-01-09,BUF,NYJ,27,10,7,7,1
2021,18,REG,2022-01-09,LA,SF,24,27,7,7,1
2021,18,REG,2022-01-09,MIA,NE,33,24,7,7,1
2021,18,REG,2022-01-09,TB,CAR,41,17,7,7,1
2021,18,REG,2022-01-09,LV,LAC,35,32,7,7,1
2021,19,WC,2022-01-15,CIN,LV,26,19,6,6,0
2021,19,WC,2022-01-15,BUF,NE,47,17,6,6,1
2021,19,WC,2022-01-16,TB,PHI,31,15,7,8,0
2021,19,WC,2022-01-16,DAL,SF,17,23,8,7,0
2021,19,WC,2022-01-16,KC,PIT,42,21,8,7,0
2021,19,WC,2022-01-17,LA,ARI,34,11,8,8,1
2021,20,DIV,2022-01-22,TEN,CIN,16,19,13,7,0
2021,20,DIV,2022-01-22,GB,SF,10,13,13,6,0
2021,20,DIV,2022-01-23,TB,LA,27,30,7,6,0
2021,20,DIV,2022-01-23,KC,BUF,42,36,7,8,0
2021,21,CON,2022-01-30,KC,CIN,24,27,7,8,0
2021,21,CON,2022-01-30,LA,SF,20,17,7,8,1
2021,22,SB,2022-02-13,CIN,LA,20,23,14,14,0
2022,1,REG,2022-09-08,LA,BUF,10,31,7,7,0
2022,1,REG,2022-09-11,ATL,NO,26,27,7,7,1
2022,1,REG,2022-09-11,CAR,CLE,24,26,7,7,0
2022,1,REG,2022-09-11,CHI,SF,19,10,7,7,0
2022,1,REG,2022-09-11,CIN,PIT,20,23,7,7,1
2022,1,REG,2022-09-11,DET,PHI,35,38,7,7,0
2022,1,REG,2022-09-11,HOU,IND,20,20,7,7,1
2022,1,REG,2022-09-11,MIA,NE,20,7,7,7,1
2022,1,REG,2022-09-11,NYJ,BAL,9,24,7,7,0
2022,1,REG,2022-09-11,WAS,JAX,28,22,7,7,0
2022,1,REG,2022-09-11,ARI,KC,21,44,7,7,0
2022,1,REG,2022-09-11,LAC,LV,24,19,7,7,1
2022,1,REG,2022-09-11,MIN,GB,23,7,7,7,1
2022,1,REG,2022-09-11,TEN,NYG,20,21,7,7,0
2022,1,REG,2022-09-11,DAL,TB,3,19,7,7,0
2022,1,REG,2022-09-12,SEA,DEN,17,16,7,7,0
2022,2,REG,2022-09-15,KC,LAC,27,24,4,4,1
2022,2,REG,2022-09-18,BAL,MIA,38,42,7,7,0
2022,2,REG,2022-09-18,CLE,NYJ,30,31,7,7,0
2022,2,REG,2022-09-18,DET,WAS,36,27,7,7,0
2022,2,REG,2022-09-18,JAX,IND,24,0,7,7,1
2022,2,REG,2022-09-18,NO,TB,10,20,7,7,1
2022,2,REG,2022-09-18,NYG,CAR,19,16,7,7,0
2022,2,REG,2022-09-18,PIT,NE,14,17,7,7,0
2022,2,REG,2022-09-18,LA,ATL,31,27,10,7,0
2022,2,REG,2022-09-18,SF,SEA,27,7,7,6,1
2022,2,REG,2022-09-18,DAL,CIN,20,17,7,7,0
2022,2,REG,2022-09-18,DEN,HOU,16,9,6,7,0
2022,2,REG,2022-09-18,LV,ARI,23,29,7,7,0
2022,2,REG,2022-09-18,GB,CHI,27,10,7,7,1
2022,2,REG,2022-09-19,BUF,TEN,41,7,11,8,0
2022,2,REG,2022-09-19,PHI,MIN,24,7,8,8,0
2022,3,REG,2022-09-22,CLE,PIT,29,17,4,4,1
2022,3,REG,2022-09-25,CAR,NO,22,14,7,7,1
2022,3,REG,2022-09-25,CHI,HOU,23,20,7,7,0
2022,3,REG,2022-09-25,IND,KC,20,17,7,10,0
2022,3,REG,2022-09-25,MIA,BUF,21,19,7,6,1
2022,3,REG,2022-09-25,MIN,DET,28,24,6,7,1
2022,3,REG,2022-09-25,NE,BAL,26,37,7,7,0
2022,3,REG,2022-09-25,NYJ,CIN,12,27,7,7,0
2022,3,REG,2022-09-25,TEN,LV,24,22,6,7,0
2022,3,REG,2022-09-25,WAS,PHI,8,24,7,6,1
2022,3,REG,2022-09-25,LAC,JAX,10,38,10,7,0
2022,3,REG,2022-09-25,ARI,LA,12,20,7,7,1
2022,3,REG,2022-09-25,SEA,ATL,23,27,7,7,0
2022,3,REG,2022-09-25,TB,GB,12,14,7,7,0
2022,3,REG,2022-09-25,DEN,SF,11,10,7,7,0
2022,3,REG,2022-09-26,NYG,DAL,16,23,8,8,1
2022,4,REG,2022-09-29,CIN,MIA,27,15,4,4,0
2022,4,REG,2022-10-02,NO,MIN,25,28,7,7,0
2022,4,REG,2022-10-02,ATL,CLE,23,20,7,10,0
2022,4,REG,2022-10-02,BAL,BUF,20,23,7,7,0
2022,4,REG,2022-10-02,DAL,WAS,25,10,6,7,1
2022,4,REG,2022-10-02,DET,SEA,45,48,7,7,0
2022,4,REG,2022-10-02,HOU,LAC,24,34,7,7,0
2022,4,REG,2022-10-02,IND,TEN,17,24,7,7,1
2022,4,REG,2022-10-02,NYG,CHI,20,12,6,7,0
2022,4,REG,2022-10-02,PHI,JAX,29,21,7,7,0
2022,4,REG,2022-10-02,PIT,NYJ,20,24,10,7,0
2022,4,REG,2022-10-02,CAR,ARI,16,26,7,7,0
2022,4,REG,2022-10-02,GB,NE,27,24,7,7,0
2022,4,REG,2022-10-02,LV,DEN,32,23,7,7,1
2022,4,REG,2022-10-02,TB,KC,31,41,7,7,0
2022,4,REG,2022-10-03,SF,LA,24,9,8,8,1
2022,5,REG,2022-10-06,DEN,IND,9,12,4,4,0
2022,5,REG,2022-10-09,GB,NYG,22,27,7,7,0
2022,5,REG,2022-10-09,BUF,PIT,38,3,7,7,0
2022,5,REG,2022-10-09,CLE,LAC,28,30,7,7,0
2022,5,REG,2022-10-09,JAX,HOU,6,13,7,7,1
2022,5,REG,2022-10-09,MIN,CHI,29,22,7,7,1
2022,5,REG,2022-10-09,NE,DET,29,0,7,7,0
2022,5,REG,2022-10-09,NO,SEA,39,32,7,7,0
2022,5,REG,2022-10-09,NYJ,MIA,40,17,7,10,1
2022,5,REG,2022-10-09,TB,ATL,21,15,7,7,1
2022,5,REG,2022-10-09,WAS,TEN,17,21,7,7,0
2022,5,REG,2022-10-09,CAR,SF,15,37,7,6,0
2022,5,REG,2022-10-09,ARI,PHI,17,20,7,7,0
2022,5,REG,2022-10-09,LA,DAL,10,22,6,7,0
2022,5,REG,2022-10-09,BAL,CIN,19,17,7,10,1
2022,5,REG,2022-10-10,KC,LV,30,29,8,8,1
2022,6,REG,2022-10-13,CHI,WAS,7,12,4,4,0
2022,6,REG,2022-10-16,ATL,SF,28,14,7,7,0
2022,6,REG,2022-10-16,CLE,NE,15,38,7,7,0
2022,6,REG,2022-10-16,GB,NYJ,10,27,7,7,0
2022,6,REG,2022-10-16,IND,JAX,34,27,10,7,1
2022,6,REG,2022-10-16,MIA,MIN,16,24,7,7,0
2022,6,REG,2022-10-16,NO,CIN,26,30,7,7,0
2022,6,REG,2022-10-16,NYG,BAL,24,20,7,7,0
2022,6,REG,2022-10-16,PIT,TB,20,18,7,7,0
2022,6,REG,2022-10-16,LA,CAR,24,10,7,7,0
2022,6,REG,2022-10-16,SEA,ARI,19,9,7,7,1
2022,6,REG,2022-10-16,KC,BUF,20,24,6,7,0
2022,6,REG,2022-10-16,PHI,DAL,26,17,7,7,1
2022,6,REG,2022-10-17,LAC,DEN,19,16,8,11,1
2022,7,REG,2022-10-20,ARI,NO,42,34,4,4,0
2022,7,REG,2022-10-23,BAL,CLE,23,20,7,7,1
2022,7,REG,2022-10-23,CAR,TB,21,3,7,7,1
2022,7,REG,2022-10-23,CIN,ATL,35,17,7,7,0
2022,7,REG,2022-10-23,DAL,DET,24,6,7,14,0
2022,7,REG,2022-10-23,JAX,NYG,17,23,7,7,0
2022,7,REG,2022-10-23,TEN,IND,19,10,14,7,1
2022,7,REG,2022-10-23,WAS,GB,23,21,10,7,0
2022,7,REG,2022-10-23,DEN,NYJ,9,16,6,7,0
2022,7,REG,2022-10-23,LV,HOU,38,20,13,14,0
2022,7,REG,2022-10-23,LAC,SEA,23,37,6,7,0
2022,7,REG,2022-10-23,SF,KC,23,44,7,7,0
2022,7,REG,2022-10-23,MIA,PIT,16,10,7,7,0
2022,7,REG,2022-10-24,NE,CHI,14,33,8,11,0
2022,8,REG,2022-10-27,TB,BAL,22,27,4,4,0
2022,8,REG,2022-10-30,JAX,DEN,17,21,7,7,0
2022,8,REG,2022-10-30,ATL,CAR,37,34,7,7,1
2022,8,REG,2022-10-30,DAL,CHI,49,29,7,6,0
2022,8,REG,2022-10-30,DET,MIA,27,31,7,7,0
2022,8,REG,2022-10-30,MIN,ARI,34,26,14,10,0
2022,8,REG,2022-10-30,NO,LV,24,0,10,7,0
2022,8,REG,2022-10-30,NYJ,NE,17,22,7,6,1
2022,8,REG,2022-10-30,PHI,PIT,35,13,14,7,0
2022,8,REG,2022-10-30,HOU,TEN,10,17,7,7,1
2022,8,REG,2022-10-30,IND,WAS,16,17,7,7,0
2022,8,REG,2022-10-30,LA,SF,14,31,14,7,1
2022,8,REG,2022-10-30,SEA,NYG,27,13,7,7,0
2022,8,REG,2022-10-30,BUF,GB,27,17,14,7,0
2022,8,REG,2022-10-31,CLE,CIN,32,13,8,8,1
2022,9,REG,2022-11-03,HOU,PHI,17,29,4,4,0
2022,9,REG,2022-11-06,ATL,LAC,17,20,7,14,0
2022,9,REG,2022-11-06,CHI,MIA,32,35,7,7,0
2022,9,REG,2022-11-06,CIN,CAR,42,21,6,7,0
2022,9,REG,2022-11-06,DET,GB,15,9,7,7,1
2022,9,REG,2022-11-06,JAX,LV,27,20,7,7,0
2022,9,REG,2022-11-06,NE,IND,26,3,7,7,0
2022,9,REG,2022-11-06,NYJ,BUF,20,17,7,7,1
2022,9,REG,2022-11-06,WAS,MIN,17,20,7,7,0
2022,9,REG,2022-11-06,ARI,SEA,21,31,7,7,1
2022,9,REG,2022-11-06,TB,LA,16,13,10,7,0
2022,9,REG,2022-11-06,KC,TEN,20,17,14,7,0
2022,9,REG,2022-11-07,NO,BAL,13,27,8,11,0
2022,10,REG,2022-11-10,CAR,ATL,25,15,4,4,1
2022,10,REG,2022-11-13,TB,SEA,21,16,7,7,0
2022,10,REG,2022-11-13,BUF,MIN,30,33,7,7,0
2022,10,REG,2022-11-13,CHI,DET,30,31,7,7,1
2022,10,REG,2022-11-13,KC,JAX,27,17,7,7,0
2022,10,REG,2022-11-13,MIA,CLE,39,17,7,13,0
2022,10,REG,2022-11-13,NYG,HOU,24,16,14,10,0
2022,10,REG,2022-11-13,PIT,NO,20,10,14,6,0
2022,10,REG,2022-11-13,TEN,DEN,17,10,7,14,0
2022,10,REG,2022-11-13,LV,IND,20,25,7,7,0
2022,10,REG,2022-11-13,GB,DAL,31,28,7,14,0
2022,10,REG,2022-11-13,LA,ARI,17,27,7,7,1
2022,10,REG,2022-11-13,SF,LAC,22,16,14,7,0
2022,10,REG,2022-11-14,PHI,WAS,21,32,11,8,1
2022,11,REG,2022-11-17,GB,TEN,17,27,4,4,0
2022,11,REG,2022-11-20,ATL,CHI,27,24,10,7,0
2022,11,REG,2022-11-20,BAL,CAR,13,3,13,10,0
2022,11,REG,2022-11-20,BUF,CLE,31,23,7,7,0
2022,11,REG,2022-11-20,HOU,WAS,10,23,7,6,0
2022,11,REG,2022-11-20,IND,PHI,16,17,7,6,0
2022,11,REG,2022-11-20,NE,NYJ,10,3,14,14,1
2022,11,REG,2022-11-20,NO,LA,27,20,7,7,0
2022,11,REG,2022-11-20,NYG,DET,18,31,7,7,0
2022,11,REG,2022-11-20,DEN,LV,16,22,7,7,1
2022,11,REG,2022-11-20,MIN,DAL,3,40,7,7,0
2022,11,REG,2022-11-20,PIT,CIN,30,37,7,14,1
2022,11,REG,2022-11-20,LAC,KC,27,30,7,7,1
2022,11,REG,2022-11-21,ARI,SF,10,38,8,8,1
2022,12,REG,2022-11-24,DET,BUF,25,28,4,4,0
2022,12,REG,2022-11-24,DAL,NYG,28,20,4,4,1
2022,12,REG,2022-11-24,MIN,NE,33,26,4,4,0
2022,12,REG,2022-11-27,CAR,DEN,23,10,7,7,0
2022,12,REG,2022-11-27,CLE,TB,23,17,7,14,0
2022,12,REG,2022-11-27,JAX,BAL,28,27,14,7,0
2022,12,REG,2022-11-27,MIA,HOU,30,15,14,7,0
2022,12,REG,2022-11-27,NYJ,CHI,31,10,7,7,0
2022,12,REG,2022-11-27,TEN,CIN,16,20,10,7,0
2022,12,REG,2022-11-27,WAS,ATL,19,13,7,7,0
2022,12,REG,2022-11-27,ARI,LAC,24,25,6,7,0
2022,12,REG,2022-11-27,SEA,LV,34,40,14,7,0
2022,12,REG,2022-11-27,KC,LA,26,10,7,7,0
2022,12,REG,2022-11-27,SF,NO,13,0,6,7,0
2022,12,REG,2022-11-27,PHI,GB,40,33,7,10,0
2022,12,REG,2022-11-28,IND,PIT,17,24,8,8,0
2022,13,REG,2022-12-01,NE,BUF,10,24,7,7,1
2022,13,REG,2022-12-04,ATL,PIT,16,19,7,6,0
2022,13,REG,2022-12-04,BAL,DEN,10,9,7,7,0
2022,13,REG,2022-12-04,CHI,GB,19,28,7,7,1
2022,13,REG,2022-12-04,DET,JAX,40,14,10,7,0
2022,13,REG,2022-12-04,HOU,CLE,14,27,7,7,0
2022,13,REG,2022-12-04,MIN,NYJ,27,22,10,7,0
2022,13,REG,2022-12-04,NYG,WAS,20,20,10,7,1
2022,13,REG,2022-12-04,PHI,TEN,35,10,7,7,0
2022,13,REG,2022-12-04,LA,SEA,23,27,7,7,1
2022,13,REG,2022-12-04,SF,MIA,33,17,7,7,0
2022,13,REG,2022-12-04,CIN,KC,27,24,7,7,0
2022,13,REG,2022-12-04,LV,LAC,27,20,7,7,1
2022,13,REG,2022-12-04,DAL,IND,54,19,10,6,0
2022,13,REG,2022-12-05,TB,NO,17,16,8,8,1
2022,14,REG,2022-12-08,LA,LV,17,16,4,4,0
2022,14,REG,2022-12-11,BUF,NYJ,20,12,10,7,1
2022,14,REG,2022-12-11,CIN,CLE,23,10,7,7,1
2022,14,REG,2022-12-11,DAL,HOU,27,23,7,7,0
2022,14,REG,2022-12-11,DET,MIN,34,23,7,7,1
2022,14,REG,2022-12-11,NYG,PHI,22,48,7,7,1
2022,14,REG,2022-12-11,PIT,BAL,14,16,7,7,1
2022,14,REG,2022-12-11,TEN,JAX,22,36,7,7,1
2022,14,REG,2022-12-11,DEN,KC,28,34,7,7,1
2022,14,REG,2022-12-11,SEA,CAR,24,30,7,14,0
2022,14,REG,2022-12-11,SF,TB,35,7,7,6,0
2022,14,REG,2022-12-11,LAC,MIA,23,17,7,7,0
2022,14,REG,2022-12-12,ARI,NE,13,27,15,11,0
2022,15,REG,2022-12-15,SEA,SF,13,21,4,4,1
2022,15,REG,2022-12-17,MIN,IND,39,36,6,13,0
2022,15,REG,2022-12-17,CLE,BAL,13,3,6,6,1
2022,15,REG,2022-12-17,BUF,MIA,32,29,6,6,1
2022,15,REG,2022-12-18,CAR,PIT,16,24,7,7,0
2022,15,REG,2022-12-18,CHI,PHI,20,25,14,7,0
2022,15,REG,2022-12-18,HOU,KC,24,30,7,7,0
2022,15,REG,2022-12-18,JAX,DAL,40,34,7,7,0
2022,15,REG,2022-12-18,NO,ATL,21,18,13,14,1
2022,15,REG,2022-12-18,NYJ,DET,17,20,7,7,0
2022,15,REG,2022-12-18,DEN,ARI,24,15,7,6,0
2022,15,REG,2022-12-18,LV,NE,30,24,10,6,0
2022,15,REG,2022-12-18,LAC,TEN,17,14,7,7,0
2022,15,REG,2022-12-18,TB,CIN,23,34,7,7,0
2022,15,REG,2022-12-18,WAS,NYG,12,20,14,7,1
2022,15,REG,2022-12-19,GB,LA,24,12,15,11,0
2022,16,REG,2022-12-22,NYJ,JAX,3,19,4,4,0
2022,16,REG,2022-12-24,BAL,ATL,17,9,7,6,0
2022,16,REG,2022-12-24,CAR,DET,37,23,6,6,0
2022,16,REG,2022-12-24,CHI,BUF,13,35,6,7,0
2022,16,REG,2022-12-24,CLE,NO,10,17,7,6,0
2022,16,REG,2022-12-24,KC,SEA,24,10,6,9,0
2022,16,REG,2022-12-24,MIN,NYG,27,24,7,6,0
2022,16,REG,2022-12-24,NE,CIN,18,22,6,6,0
2022,16,REG,2022-12-24,TEN,HOU,14,19,6,6,1
2022,16,REG,2022-12-24,SF,WAS,37,20,9,6,0
2022,16,REG,2022-12-24,DAL,PHI,40,34,6,6,1
2022,16,REG,2022-12-24,PIT,LV,13,10,6,6,0
2022,16,REG,2022-12-25,MIA,GB,20,26,8,6,0
2022,16,REG,2022-12-25,LA,DEN,51,14,6,7,0
2022,16,REG,2022-12-25,ARI,TB,16,19,7,7,0
2022,16,REG,2022-12-26,IND,LAC,3,20,9,8,0
2022,17,REG,2022-12-29,TEN,DAL,13,27,5,5,0
2022,17,REG,2023-01-01,ATL,ARI,20,19,8,7,0
2022,17,REG,2023-01-01,DET,CHI,41,10,8,8,1
2022,17,REG,2023-01-01,HOU,JAX,3,31,8,10,1
2022,17,REG,2023-01-01,KC,DEN,27,24,8,7,1
2022,17,REG,2023-01-01,NE,MIA,23,21,8,7,1
2022,17,REG,2023-01-01,NYG,IND,38,10,8,6,0
2022,17,REG,2023-01-01,PHI,NO,10,20,8,8,0
2022,17,REG,2023-01-01,TB,CAR,30,24,7,8,1
2022,17,REG,2023-01-01,WAS,CLE,10,24,8,8,0
2022,17,REG,2023-01-01,LV,SF,34,37,8,8,0
2022,17,REG,2023-01-01,SEA,NYJ,23,6,8,10,0
2022,17,REG,2023-01-01,GB,MIN,41,17,7,8,1
2022,17,REG,2023-01-01,LAC,LA,31,10,6,7,0
2022,17,REG,2023-01-01,BAL,PIT,13,16,8,8,1
2022,18,REG,2023-01-07,LV,KC,13,31,6,6,1
2022,18,REG,2023-01-07,JAX,TEN,20,16,6,9,1
2022,18,REG,2023-01-08,ATL,TB,30,17,7,7,1
2022,18,REG,2023-01-08,BUF,NE,35,23,6,7,1
2022,18,REG,2023-01-08,CHI,MIN,13,29,7,7,1
2022,18,REG,2023-01-08,CIN,BAL,27,16,6,7,1
2022,18,REG,2023-01-08,IND,HOU,31,32,7,7,1
2022,18,REG,2023-01-08,MIA,NYJ,11,6,7,7,1
2022,18,REG,2023-01-08,NO,CAR,7,10,7,7,1
2022,18,REG,2023-01-08,PIT,CLE,28,14,7,7,1
2022,18,REG,2023-01-08,DEN,LAC,31,28,7,7,1
2022,18,REG,2023-01-08,PHI,NYG,22,16,7,7,1
2022,18,REG,2023-01-08,SEA,LA,19,16,7,7,1
2022,18,REG,2023-01-08,SF,ARI,38,13,7,7,1
2022,18,REG,2023-01-08,WAS,DAL,26,6,7,10,1
2022,18,REG,2023-01-08,GB,DET,16,20,7,7,1
2022,19,WC,2023-01-14,SF,SEA,41,23,6,6,1
2022,19,WC,2023-01-14,JAX,LAC,31,30,7,6,0
2022,19,WC,2023-01-15,BUF,MIA,34,31,7,7,1
2022,19,WC,2023-01-15,MIN,NYG,24,31,7,7,0
2022,19,WC,2023-01-15,CIN,BAL,24,17,7,7,1
2022,19,WC,2023-01-16,TB,DAL,14,31,8,8,0
2022,20,DIV,2023-01-21,KC,JAX,27,20,14,7,0
2022,20,DIV,2023-01-21,PHI,NYG,38,7,13,6,1
2022,20,DIV,2023-01-22,BUF,CIN,10,27,7,7,0
2022,20,DIV,2023-01-22,SF,DAL,19,12,8,6,0
2022,21,CON,2023-01-29,PHI,SF,31,7,8,7,0
2022,21,CON,2023-01-29,KC,CIN,23,20,8,7,0
2022,22,SB,2023-02-12,PHI,KC,35,38,14,14,0
2023,1,REG,2023-09-07,KC,DET,20,21,7,7,0
2023,1,REG,2023-09-10,ATL,CAR,24,10,7,7,1
2023,1,REG,2023-09-10,BAL,HOU,25,9,7,7,0
2023,1,REG,2023-09-10,CLE,CIN,24,3,7,7,1
2023,1,REG,2023-09-10,IND,JAX,21,31,7,7,1
2023,1,REG,2023-09-10,MIN,TB,17,20,7,7,0
2023,1,REG,2023-09-10,NO,TEN,16,15,7,7,0
2023,1,REG,2023-09-10,PIT,SF,7,30,7,7,0
2023,1,REG,2023-09-10,WAS,ARI,20,16,7,7,0
2023,1,REG,2023-09-10,CHI,GB,20,38,7,7,1
2023,1,REG,2023-09-10,DEN,LV,16,17,7,7,1
2023,1,REG,2023-09-10,LAC,MIA,34,36,7,7,0
2023,1,REG,2023-09-10,NE,PHI,20,25,7,7,0
2023,1,REG,2023-09-10,SEA,LA,13,30,7,7,1
2023,1,REG,2023-09-10,NYG,DAL,0,40,7,7,1
2023,1,REG,2023-09-11,NYJ,BUF,22,16,7,7,1
2023,2,REG,2023-09-14,PHI,MIN,34,28,4,4,0
2023,2,REG,2023-09-17,ATL,GB,25,24,7,7,0
2023,2,REG,2023-09-17,BUF,LV,38,10,6,7,0
2023,2,REG,2023-09-17,CIN,BAL,24,27,7,7,1
2023,2,REG,2023-09-17,DET,SEA,31,37,10,7,0
2023,2,REG,2023-09-17,HOU,IND,20,31,7,7,1
2023,2,REG,2023-09-17,JAX,KC,9,17,7,10,0
2023,2,REG,2023-09-17,TB,CHI,27,17,7,7,0
2023,2,REG,2023-09-17,TEN,LAC,27,24,7,7,0
2023,2,REG,2023-09-17,ARI,NYG,28,31,7,7,0
2023,2,REG,2023-09-17,LA,SF,23,30,7,7,1
2023,2,REG,2023-09-17,DAL,NYJ,30,10,7,6,0
2023,2,REG,2023-09-17,DEN,WAS,33,35,7,7,0
2023,2,REG,2023-09-17,NE,MIA,17,24,7,7,1
2023,2,REG,2023-09-18,CAR,NO,17,20,8,8,1
2023,2,REG,2023-09-18,PIT,CLE,26,22,8,8,1
2023,3,REG,2023-09-21,SF,NYG,30,12,4,4,0
2023,3,REG,2023-09-24,BAL,IND,19,22,7,7,0
2023,3,REG,2023-09-24,CLE,TEN,27,3,6,7,0
2023,3,REG,2023-09-24,DET,ATL,20,6,7,7,0
2023,3,REG,2023-09-24,GB,NO,18,17,7,6,0
2023,3,REG,2023-09-24,JAX,HOU,17,37,7,7,1
2023,3,REG,2023-09-24,MIA,DEN,70,20,7,7,0
2023,3,REG,2023-09-24,MIN,LAC,24,28,10,7,0
2023,3,REG,2023-09-24,NYJ,NE,10,15,7,7,1
2023,3,REG,2023-09-24,WAS,BUF,3,37,7,7,0
2023,3,REG,2023-09-24,SEA,CAR,37,27,7,6,0
2023,3,REG,2023-09-24,ARI,DAL,28,16,7,7,0
2023,3,REG,2023-09-24,KC,CHI,41,10,7,7,0
2023,3,REG,2023-09-24,LV,PIT,18,23,7,6,0
2023,3,REG,2023-09-25,TB,PHI,11,25,8,11,0
2023,3,REG,2023-09-25,CIN,LA,19,16,8,8,0
2023,4,REG,2023-09-28,GB,DET,20,34,4,4,1
2023,4,REG,2023-10-01,JAX,ATL,23,7,7,7,0
2023,4,REG,2023-10-01,BUF,MIA,48,20,7,7,1
2023,4,REG,2023-10-01,CAR,MIN,13,21,7,7,0
2023,4,REG,2023-10-01,CHI,DEN,28,31,7,7,0
2023,4,REG,2023-10-01,CLE,BAL,3,28,7,7,1
2023,4,REG,2023-10-01,HOU,PIT,30,6,7,7,0
2023,4,REG,2023-10-01,IND,LA,23,29,7,6,0
2023,4,REG,2023-10-01,NO,TB,9,26,7,6,1
2023,4,REG,2023-10-01,PHI,WAS,34,31,6,7,1
2023,4,REG,2023-10-01,TEN,CIN,27,3,7,6,0
2023,4,REG,2023-10-01,LAC,LV,24,17,7,7,1
2023,4,REG,2023-10-01,DAL,NE,38,3,7,7,0
2023,4,REG,2023-10-01,SF,ARI,35,16,10,7,1
2023,4,REG,2023-10-01,NYJ,KC,20,23,7,7,0
2023,4,REG,2023-10-02,NYG,SEA,3,24,11,8,0
2023,5,REG,2023-10-05,WAS,CHI,20,40,4,4,0
2023,5,REG,2023-10-08,BUF,JAX,20,25,7,7,0
2023,5,REG,2023-10-08,ATL,HOU,21,19,7,7,0
2023,5,REG,2023-10-08,DET,CAR,42,24,10,7,0
2023,5,REG,2023-10-08,IND,TEN,23,16,7,7,1
2023,5,REG,2023-10-08,MIA,NYG,31,16,7,6,0
2023,5,REG,2023-10-08,NE,NO,0,34,7,7,0
2023,5,REG,2023-10-08,PIT,BAL,17,10,7,7,1
2023,5,REG,2023-10-08,ARI,CIN,20,34,7,7,0
2023,5,REG,2023-10-08,LA,PHI,14,23,7,7,0
2023,5,REG,2023-10-08,DEN,NYJ,21,31,7,7,0
2023,5,REG,2023-10-08,MIN,KC,20,27,7,7,0
2023,5,REG,2023-10-08,SF,DAL,42,10,7,7,0
2023,5,REG,2023-10-09,LV,GB,17,13,8,11,0
2023,6,REG,2023-10-12,KC,DEN,19,8,4,4,1
2023,6,REG,2023-10-15,TEN,BAL,16,24,7,7,0
2023,6,REG,2023-10-15,ATL,WAS,16,24,7,10,0
2023,6,REG,2023-10-15,CHI,MIN,13,19,10,7,1
2023,6,REG,2023-10-15,CIN,SEA,17,13,7,13,0
2023,6,REG,2023-10-15,CLE,SF,19,17,14,7,0
2023,6,REG,2023-10-15,HOU,NO,20,13,7,7,0
2023,6,REG,2023-10-15,JAX,IND,37,20,7,7,1
2023,6,REG,2023-10-15,MIA,CAR,42,21,7,7,0
2023,6,REG,2023-10-15,LV,NE,21,17,6,7,0
2023,6,REG,2023-10-15,LA,ARI,26,9,7,7,1
2023,6,REG,2023-10-15,NYJ,PHI,20,14,7,7,0
2023,6,REG,2023-10-15,TB,DET,6,20,14,7,0
2023,6,REG,2023-10-15,BUF,NYG,14,9,7,7,0
2023,6,REG,2023-10-16,LAC,DAL,17,20,15,8,0
2023,7,REG,2023-10-19,NO,JAX,24,31,4,4,0
2023,7,REG,2023-10-22,BAL,DET,38,6,7,7,0
2023,7,REG,2023-10-22,CHI,LV,30,12,7,7,0
2023,7,REG,2023-10-22,IND,CLE,38,39,7,7,0
2023,7,REG,2023-10-22,NE,BUF,29,25,7,7,1
2023,7,REG,2023-10-22,NYG,WAS,14,7,7,7,1
2023,7,REG,2023-10-22,TB,ATL,13,16,7,7,1
2023,7,REG,2023-10-22,LA,PIT,17,24,7,14,0
2023,7,REG,2023-10-22,SEA,ARI,20,10,7,7,1
2023,7,REG,2023-10-22,DEN,GB,19,17,10,13,0
2023,7,REG,2023-10-22,KC,LAC,31,17,10,6,1
2023,7,REG,2023-10-22,PHI,MIA,31,17,7,7,0
2023,7,REG,2023-10-23,MIN,SF,22,17,8,8,0
2023,8,REG,2023-10-26,BUF,TB,24,18,4,4,0
2023,8,REG,2023-10-29,CAR,HOU,15,13,14,14,0
2023,8,REG,2023-10-29,DAL,LA,43,20,13,7,0
2023,8,REG,2023-10-29,GB,MIN,10,24,7,6,1
2023,8,REG,2023-10-29,IND,NO,27,38,7,10,0
2023,8,REG,2023-10-29,MIA,NE,31,17,7,7,1
2023,8,REG,2023-10-29,NYG,NYJ,10,13,7,14,0
2023,8,REG,2023-10-29,PIT,JAX,10,20,7,10,0
2023,8,REG,2023-10-29,TEN,ATL,28,23,14,7,0
2023,8,REG,2023-10-29,WAS,PHI,31,38,7,7,1
2023,8,REG,2023-10-29,SEA,CLE,24,20,7,7,0
2023,8,REG,2023-10-29,ARI,BAL,24,31,7,7,0
2023,8,REG,2023-10-29,DEN,KC,24,9,7,7,1
2023,8,REG,2023-10-29,SF,CIN,17,31,6,14,0
2023,8,REG,2023-10-29,LAC,CHI,30,13,7,7,0
2023,8,REG,2023-10-30,DET,LV,26,14,8,8,0
2023,9,REG,2023-11-02,PIT,TEN,20,16,4,4,0
2023,9,REG,2023-11-05,KC,MIA,21,14,7,7,0
2023,9,REG,2023-11-05,ATL,MIN,28,31,7,7,0
2023,9,REG,2023-11-05,BAL,SEA,37,3,7,7,0
2023,9,REG,2023-11-05,CLE,ARI,27,0,7,7,0
2023,9,REG,2023-11-05,GB,LA,20,3,7,7,0
2023,9,REG,2023-11-05,HOU,TB,39,37,7,10,0
2023,9,REG,2023-11-05,NE,WAS,17,20,7,7,0
2023,9,REG,2023-11-05,NO,CHI,24,17,7,7,0
2023,9,REG,2023-11-05,CAR,IND,13,27,7,7,0
2023,9,REG,2023-11-05,LV,NYG,30,6,6,7,0
2023,9,REG,2023-11-05,PHI,DAL,28,23,7,7,1
2023,9,REG,2023-11-05,CIN,BUF,24,18,7,10,0
2023,9,REG,2023-11-06,NYJ,LAC,6,27,8,8,0
2023,10,REG,2023-11-09,CHI,CAR,16,13,4,4,0
2023,10,REG,2023-11-12,NE,IND,6,10,7,7,0
2023,10,REG,2023-11-12,BAL,CLE,31,33,7,7,1
2023,10,REG,2023-11-12,CIN,HOU,27,30,7,7,0
2023,10,REG,2023-11-12,JAX,SF,3,34,14,14,0
2023,10,REG,2023-11-12,MIN,NO,27,19,7,7,0
2023,10,REG,2023-11-12,PIT,GB,23,19,10,7,0
2023,10,REG,2023-11-12,TB,TEN,20,6,7,10,0
2023,10,REG,2023-11-12,ARI,ATL,25,23,7,7,0
2023,10,REG,2023-11-12,LAC,DET,38,41,6,13,0
2023,10,REG,2023-11-12,DAL,NYG,49,17,7,7,1
2023,10,REG,2023-11-12,SEA,WAS,29,26,7,7,0
2023,10,REG,2023-11-12,LV,NYJ,16,12,7,6,0
2023,10,REG,2023-11-13,BUF,DEN,22,24,8,15,0
2023,11,REG,2023-11-16,BAL,CIN,34,20,4,4,1
2023,11,REG,2023-11-19,CAR,DAL,10,33,10,7,0
2023,11,REG,2023-11-19,CLE,PIT,13,10,7,7,1
2023,11,REG,2023-11-19,DET,CHI,31,26,7,10,1
2023,11,REG,2023-11-19,GB,LAC,23,20,7,7,0
2023,11,REG,2023-11-19,HOU,ARI,21,16,7,7,0
2023,11,REG,2023-11-19,JAX,TEN,34,14,7,7,1
2023,11,REG,2023-11-19,MIA,LV,20,13,14,7,0
2023,11,REG,2023-11-19,WAS,NYG,19,31,7,7,1
2023,11,REG,2023-11-19,SF,TB,27,14,7,7,0
2023,11,REG,2023-11-19,BUF,NYJ,32,6,6,7,1
2023,11,REG,2023-11-19,LA,SEA,17,16,14,7,1
2023,11,REG,2023-11-19,DEN,MIN,21,20,6,7,0
2023,11,REG,2023-11-20,KC,PHI,17,21,15,15,0
2023,12,REG,2023-11-23,DET,GB,22,29,4,4,1
2023,12,REG,2023-11-23,DAL,WAS,45,10,4,4,1
2023,12,REG,2023-11-23,SEA,SF,13,31,4,4,1
2023,12,REG,2023-11-24,NYJ,MIA,13,34,5,5,1
2023,12,REG,2023-11-26,ATL,NO,24,15,14,14,1
2023,12,REG,2023-11-26,CIN,PIT,10,16,10,7,1
2023,12,REG,2023-11-26,HOU,JAX,21,24,7,7,1
2023,12,REG,2023-11-26,IND,TB,27,20,14,7,0
2023,12,REG,2023-11-26,NYG,NE,10,7,7,14,0
2023,12,REG,2023-11-26,TEN,CAR,17,10,7,7,0
2023,12,REG,2023-11-26,ARI,LA,14,37,7,7,1
2023,12,REG,2023-11-26,DEN,CLE,29,12,7,7,0
2023,12,REG,2023-11-26,LV,KC,17,31,7,6,1
2023,12,REG,2023-11-26,PHI,BUF,37,34,6,7,0
2023,12,REG,2023-11-26,LAC,BAL,10,20,7,10,0
2023,12,REG,2023-11-27,MIN,CHI,10,12,8,8,1
2023,13,REG,2023-11-30,DAL,SEA,41,35,7,7,0
2023,13,REG,2023-12-03,HOU,DEN,22,17,7,7,0
2023,13,REG,2023-12-03,NE,LAC,0,6,7,7,0
2023,13,REG,2023-12-03,NO,DET,28,33,7,10,0
2023,13,REG,2023-12-03,NYJ,ATL,8,13,9,7,0
2023,13,REG,2023-12-03,PIT,ARI,10,24,7,7,0
2023,13,REG,2023-12-03,TEN,IND,28,31,7,7,1
2023,13,REG,2023-12-03,WAS,MIA,15,45,10,9,0
2023,13,REG,2023-12-03,TB,CAR,21,18,7,7,1
2023,13,REG,2023-12-03,LA,CLE,36,19,7,7,0
2023,13,REG,2023-12-03,PHI,SF,19,42,7,10,0
2023,13,REG,2023-12-03,GB,KC,27,19,10,7,0
2023,13,REG,2023-12-04,JAX,CIN,31,34,8,8,0
2023,14,REG,2023-12-07,PIT,NE,18,21,4,4,0
2023,14,REG,2023-12-10,ATL,TB,25,29,7,7,1
2023,14,REG,2023-12-10,BAL,LA,37,31,14,7,0
2023,14,REG,2023-12-10,CHI,DET,28,13,13,7,1
2023,14,REG,2023-12-10,CIN,IND,34,14,6,7,0
2023,14,REG,2023-12-10,CLE,JAX,31,27,7,6,0
2023,14,REG,2023-12-10,NO,CAR,28,6,7,7,1
2023,14,REG,2023-12-10,NYJ,HOU,30,6,7,7,0
2023,14,REG,2023-12-10,LV,MIN,0,3,14,13,0
2023,14,REG,2023-12-10,SF,SEA,28,16,7,10,1
2023,14,REG,2023-12-10,KC,BUF,17,20,7,14,0
2023,14,REG,2023-12-10,LAC,DEN,7,24,7,7,1
2023,14,REG,2023-12-10,DAL,PHI,33,13,10,7,1
2023,14,REG,2023-12-11,MIA,TEN,27,28,8,8,0
2023,14,REG,2023-12-11,NYG,GB,24,22,15,8,0
2023,15,REG,2023-12-14,LV,LAC,63,21,4,4,1
2023,15,REG,2023-12-16,CIN,MIN,27,24,6,6,0
2023,15,REG,2023-12-16,IND,PIT,30,13,6,9,0
2023,15,REG,2023-12-16,DET,DEN,42,17,6,6,0
2023,15,REG,2023-12-17,CAR,ATL,9,7,7,7,1
2023,15,REG,2023-12-17,CLE,CHI,20,17,7,7,0
2023,15,REG,2023-12-17,GB,TB,20,34,6,7,0
2023,15,REG,2023-12-17,MIA,NYJ,30,0,6,7,1
2023,15,REG,2023-12-17,NE,KC,17,27,10,7,0
2023,15,REG,2023-12-17,NO,NYG,24,6,7,6,0
2023,15,REG,2023-12-17,TEN,HOU,16,19,6,7,1
2023,15,REG,2023-12-17,ARI,SF,29,45,14,7,1
2023,15,REG,2023-12-17,LA,WAS,28,20,7,14,0
2023,15,REG,2023-12-17,BUF,DAL,31,10,7,7,0
2023,15,REG,2023-12-17,JAX,BAL,7,23,7,7,0
2023,15,REG,2023-12-18,SEA,PHI,20,17,8,8,0
2023,16,REG,2023-12-21,LA,NO,30,22,4,4,0
2023,16,REG,2023-12-23,PIT,CIN,34,11,7,7,1
2023,16,REG,2023-12-23,LAC,BUF,22,24,9,6,0
2023,16,REG,2023-12-24,ATL,IND,29,10,7,8,0
2023,16,REG,2023-12-24,CAR,GB,30,33,7,7,0
2023,16,REG,2023-12-24,HOU,CLE,22,36,7,7,0
2023,16,REG,2023-12-24,MIN,DET,24,30,8,8,1
2023,16,REG,2023-12-24,NYJ,WAS,30,28,7,7,0
2023,16,REG,2023-12-24,TEN,SEA,17,20,7,6,0
2023,16,REG,2023-12-24,TB,JAX,30,12,7,7,0
2023,16,REG,2023-12-24,CHI,ARI,27,16,7,7,0
2023,16,REG,2023-12-24,MIA,DAL,22,20,7,7,0
2023,16,REG,2023-12-24,DEN,NE,23,26,8,7,0
2023,16,REG,2023-12-25,KC,LV,14,20,8,11,1
2023,16,REG,2023-12-25,PHI,NYG,33,25,7,8,1
2023,16,REG,2023-12-25,SF,BAL,19,33,8,8,0
2023,17,REG,2023-12-28,CLE,NYJ,37,20,4,4,0
2023,17,REG,2023-12-30,DAL,DET,20,19,6,6,0
2023,17,REG,2023-12-31,BAL,MIA,56,19,6,7,0
2023,17,REG,2023-12-31,BUF,NE,27,21,8,7,1
2023,17,REG,2023-12-31,CHI,ATL,37,17,7,7,0
2023,17,REG,2023-12-31,HOU,TEN,26,3,7,7,1
2023,17,REG,2023-12-31,IND,LV,23,20,7,6,0
2023,17,REG,2023-12-31,JAX,CAR,26,0,7,7,0
2023,17,REG,2023-12-31,NYG,LA,25,26,6,10,0
2023,17,REG,2023-12-31,PHI,ARI,31,35,6,7,0
2023,17,REG,2023-12-31,TB,NO,13,23,7,10,1
2023,17,REG,2023-12-31,WAS,SF,10,27,7,6,0
2023,17,REG,2023-12-31,SEA,PIT,23,30,7,8,0
2023,17,REG,2023-12-31,DEN,LAC,16,9,7,8,1
2023,17,REG,2023-12-31,KC,CIN,25,17,6,8,0
2023,17,REG,2023-12-31,MIN,GB,10,33,7,7,1
2023,18,REG,2024-01-06,BAL,PIT,10,17,6,6,1
2023,18,REG,2024-01-06,IND,HOU,19,23,6,6,1
2023,18,REG,2024-01-07,CAR,TB,0,9,7,7,1
2023,18,REG,2024-01-07,CIN,CLE,31,14,7,10,1
2023,18,REG,2024-01-07,DET,MIN,30,20,8,7,1
2023,18,REG,2024-01-07,NE,NYJ,3,17,7,10,1
2023,18,REG,2024-01-07,NO,ATL,48,17,7,7,1
2023,18,REG,2024-01-07,TEN,JAX,28,20,7,7,1
2023,18,REG,2024-01-07,ARI,SEA,20,21,7,7,1
2023,18,REG,2024-01-07,GB,CHI,17,9,7,7,1
2023,18,REG,2024-01-07,LAC,KC,12,13,7,7,1
2023,18,REG,2024-01-07,LV,DEN,27,14,7,7,1
2023,18,REG,2024-01-07,NYG,PHI,27,10,7,7,1
2023,18,REG,2024-01-07,SF,LA,20,21,7,7,1
2023,18,REG,2024-01-07,WAS,DAL,10,38,7,8,1
2023,18,REG,2024-01-07,MIA,BUF,14,21,7,7,1
2023,19,WC,2024-01-13,HOU,CLE,45,14,7,6,0
2023,19,WC,2024-01-13,KC,MIA,26,7,6,6,0
2023,19,WC,2024-01-14,DAL,GB,32,48,7,7,0
2023,19,WC,2024-01-14,DET,LA,24,23,7,7,0
2023,19,WC,2024-01-15,BUF,PIT,31,17,8,9,0
2023,19,WC,2024-01-15,TB,PHI,32,9,8,8,0
2023,20,DIV,2024-01-20,BAL,HOU,34,10,14,7,0
2023,20,DIV,2024-01-20,SF,GB,24,21,13,6,0
2023,20,DIV,2024-01-21,DET,TB,31,23,7,6,0
2023,20,DIV,2024-01-21,BUF,KC,24,27,6,8,0
2023,21,CON,2024-01-28,BAL,KC,10,17,8,7,0
2023,21,CON,2024-01-28,SF,DET,34,31,8,7,0
2023,22,SB,2024-02-11,KC,SF,25,22,14,14,0
2024,1,REG,2024-09-05,KC,BAL,27,20,7,7,0
2024,1,REG,2024-09-06,PHI,GB,34,29,7,7,0
2024,1,REG,2024-09-08,ATL,PIT,10,18,7,7,0
2024,1,REG,2024-09-08,BUF,ARI,34,28,7,7,0
2024,1,REG,2024-09-08,CHI,TEN,24,17,7,7,0
2024,1,REG,2024-09-08,CIN,NE,10,16,7,7,0
2024,1,REG,2024-09-08,IND,HOU,27,29,7,7,1
2024,1,REG,2024-09-08,MIA,JAX,20,17,7,7,0
2024,1,REG,2024-09-08,NO,CAR,47,10,7,7,1
2024,1,REG,2024-09-08,NYG,MIN,6,28,7,7,0
2024,1,REG,2024-09-08,LAC,LV,22,10,7,7,1
2024,1,REG,2024-09-08,SEA,DEN,26,20,7,7,0
2024,1,REG,2024-09-08,CLE,DAL,17,33,7,7,0
2024,1,REG,2024-09-08,TB,WAS,37,20,7,7,0
2024,1,REG,2024-09-08,DET,LA,26,20,7,7,0
2024,1,REG,2024-09-09,SF,NYJ,32,19,7,7,0
2024,2,REG,2024-09-12,MIA,BUF,10,31,4,4,1
2024,2,REG,2024-09-15,BAL,LV,23,26,10,7,0
2024,2,REG,2024-09-15,CAR,LAC,3,26,7,7,0
2024,2,REG,2024-09-15,DAL,NO,19,44,7,7,0
2024,2,REG,2024-09-15,DET,TB,16,20,7,7,0
2024,2,REG,2024-09-15,GB,IND,16,10,9,7,0
2024,2,REG,2024-09-15,JAX,CLE,13,18,7,7,0
2024,2,REG,2024-09-15,MIN,SF,23,17,7,6,0
2024,2,REG,2024-09-15,NE,SEA,20,23,7,7,0
2024,2,REG,2024-09-15,TEN,NYJ,17,24,7,6,0
2024,2,REG,2024-09-15,WAS,NYG,21,18,7,7,1
2024,2,REG,2024-09-15,ARI,LA,41,10,7,7,1
2024,2,REG,2024-09-15,DEN,PIT,6,13,7,7,0
2024,2,REG,2024-09-15,KC,CIN,26,25,10,7,0
2024,2,REG,2024-09-15,HOU,CHI,19,13,7,7,0
2024,2,REG,2024-09-16,PHI,ATL,21,22,10,8,0
2024,3,REG,2024-09-19,NYJ,NE,24,3,4,4,1
2024,3,REG,2024-09-22,CLE,NYG,15,21,7,7,0
2024,3,REG,2024-09-22,IND,CHI,21,16,7,7,0
2024,3,REG,2024-09-22,MIN,HOU,34,7,7,7,0
2024,3,REG,2024-09-22,NO,PHI,12,15,7,6,0
2024,3,REG,2024-09-22,PIT,LAC,20,10,7,7,0
2024,3,REG,2024-09-22,TB,DEN,7,26,7,7,0
2024,3,REG,2024-09-22,TEN,GB,14,30,7,7,0
2024,3,REG,2024-09-22,LV,CAR,22,36,7,7,0
2024,3,REG,2024-09-22,SEA,MIA,24,3,7,10,0
2024,3,REG,2024-09-22,ARI,DET,13,20,7,7,0
2024,3,REG,2024-09-22,DAL,BAL,25,28,7,7,0
2024,3,REG,2024-09-22,LA,SF,27,24,7,7,1
2024,3,REG,2024-09-22,ATL,KC,17,22,6,7,0
2024,3,REG,2024-09-23,BUF,JAX,47,10,11,8,0
2024,3,REG,2024-09-23,CIN,WAS,33,38,8,8,0
2024,4,REG,2024-09-26,NYG,DAL,15,20,4,4,1
2024,4,REG,2024-09-29,ATL,NO,26,24,7,7,1
2024,4,REG,2024-09-29,CAR,CIN,24,34,7,6,0
2024,4,REG,2024-09-29,CHI,LA,24,18,7,7,0
2024,4,REG,2024-09-29,GB,MIN,29,31,7,7,1
2024,4,REG,2024-09-29,HOU,JAX,24,20,7,6,1
2024,4,REG,2024-09-29,IND,PIT,27,24,7,7,0
2024,4,REG,2024-09-29,NYJ,DEN,9,10,10,7,0
2024,4,REG,2024-09-29,TB,PHI,33,16,7,7,0
2024,4,REG,2024-09-29,ARI,WAS,14,42,7,6,0
2024,4,REG,2024-09-29,SF,NE,30,13,7,10,0
2024,4,REG,2024-09-29,LAC,KC,10,17,7,7,1
2024,4,REG,2024-09-29,LV,CLE,20,16,7,7,0
2024,4,REG,2024-09-29,BAL,BUF,35,10,7,6,0
2024,4,REG,2024-09-30,MIA,TEN,12,31,8,8,0
2024,4,REG,2024-09-30,DET,SEA,42,29,8,8,0
2024,5,REG,2024-10-03,ATL,TB,36,30,4,4,1
2024,5,REG,2024-10-06,MIN,NYJ,23,17,7,7,0
2024,5,REG,2024-10-06,CHI,CAR,36,10,7,7,0
2024,5,REG,2024-10-06,CIN,BAL,38,41,7,7,1
2024,5,REG,2024-10-06,HOU,BUF,23,20,7,7,0
2024,5,REG,2024-10-06,JAX,IND,37,34,7,7,1
2024,5,REG,2024-10-06,NE,MIA,10,15,7,6,1
2024,5,REG,2024-10-06,WAS,CLE,34,13,7,7,0
2024,5,REG,2024-10-06,DEN,LV,34,18,7,7,1
2024,5,REG,2024-10-06,SF,ARI,23,24,7,7,1
2024,5,REG,2024-10-06,LA,GB,19,24,7,7,0
2024,5,REG,2024-10-06,SEA,NYG,20,29,6,10,0
2024,5,REG,2024-10-06,PIT,DAL,17,20,7,10,0
2024,5,REG,2024-10-07,KC,NO,26,13,8,8,0
2024,6,REG,2024-10-10,SEA,SF,24,36,4,4,1
2024,6,REG,2024-10-13,CHI,JAX,35,16,7,7,0
2024,6,REG,2024-10-13,BAL,WAS,30,23,7,7,0
2024,6,REG,2024-10-13,GB,ARI,34,13,7,7,0
2024,6,REG,2024-10-13,NE,HOU,21,41,7,7,0
2024,6,REG,2024-10-13,NO,TB,27,51,6,10,1
2024,6,REG,2024-10-13,PHI,CLE,20,16,14,7,0
2024,6,REG,2024-10-13,TEN,IND,17,20,13,7,1
2024,6,REG,2024-10-13,DEN,LAC,16,23,7,14,1
2024,6,REG,2024-10-13,LV,PIT,13,32,7,7,0
2024,6,REG,2024-10-13,CAR,ATL,20,38,7,10,1
2024,6,REG,2024-10-13,DAL,DET,9,47,7,13,0
2024,6,REG,2024-10-13,NYG,CIN,7,17,7,7,0
2024,6,REG,2024-10-14,NYJ,BUF,20,23,8,8,1
2024,7,REG,2024-10-17,NO,DEN,10,33,4,4,0
2024,7,REG,2024-10-20,JAX,NE,32,16,7,7,0
2024,7,REG,2024-10-20,ATL,SEA,14,34,7,10,0
2024,7,REG,2024-10-20,BUF,TEN,34,10,6,7,0
2024,7,REG,2024-10-20,CLE,CIN,14,21,7,7,1
2024,7,REG,2024-10-20,GB,HOU,24,22,7,7,0
2024,7,REG,2024-10-20,IND,MIA,16,10,7,14,0
2024,7,REG,2024-10-20,MIN,DET,29,31,14,7,1
2024,7,REG,2024-10-20,NYG,PHI,3,28,7,7,1
2024,7,REG,2024-10-20,LA,LV,20,15,14,7,0
2024,7,REG,2024-10-20,WAS,CAR,40,7,7,7,0
2024,7,REG,2024-10-20,SF,KC,18,28,10,13,0
2024,7,REG,2024-10-20,PIT,NYJ,37,15,7,6,0
2024,7,REG,2024-10-21,TB,BAL,31,41,8,8,0
2024,7,REG,2024-10-21,ARI,LAC,17,15,8,8,0
2024,8,REG,2024-10-24,LA,MIN,30,20,4,4,0
2024,8,REG,2024-10-27,CIN,PHI,17,37,7,7,0
2024,8,REG,2024-10-27,CLE,BAL,29,24,7,6,1
2024,8,REG,2024-10-27,DET,TEN,52,14,7,7,0
2024,8,REG,2024-10-27,HOU,IND,23,20,7,7,1
2024,8,REG,2024-10-27,JAX,GB,27,30,7,7,0
2024,8,REG,2024-10-27,MIA,ARI,27,28,7,6,0
2024,8,REG,2024-10-27,NE,NYJ,25,22,7,7,1
2024,8,REG,2024-10-27,TB,ATL,26,31,6,7,1
2024,8,REG,2024-10-27,LAC,NO,26,8,6,10,0
2024,8,REG,2024-10-27,SEA,BUF,10,31,7,7,0
2024,8,REG,2024-10-27,DEN,CAR,28,14,10,7,0
2024,8,REG,2024-10-27,LV,KC,20,27,7,7,1
2024,8,REG,2024-10-27,WAS,CHI,18,15,7,14,0
2024,8,REG,2024-10-27,SF,DAL,30,24,7,14,0
2024,8,REG,2024-10-28,PIT,NYG,26,18,8,8,0
2024,9,REG,2024-10-31,NYJ,HOU,21,13,4,4,0
2024,9,REG,2024-11-03,ATL,DAL,27,21,7,7,0
2024,9,REG,2024-11-03,BAL,DEN,41,10,7,7,0
2024,9,REG,2024-11-03,BUF,MIA,30,27,7,7,1
2024,9,REG,2024-11-03,CAR,NO,23,22,7,7,1
2024,9,REG,2024-11-03,CIN,LV,41,24,7,7,0
2024,9,REG,2024-11-03,CLE,LAC,10,27,7,7,0
2024,9,REG,2024-11-03,NYG,WAS,22,27,6,7,1
2024,9,REG,2024-11-03,TEN,NE,20,17,7,7,0
2024,9,REG,2024-11-03,ARI,CHI,29,9,7,7,0
2024,9,REG,2024-11-03,PHI,JAX,28,23,7,7,0
2024,9,REG,2024-11-03,GB,DET,14,24,7,7,1
2024,9,REG,2024-11-03,SEA,LA,20,26,7,10,1
2024,9,REG,2024-11-03,MIN,IND,21,13,10,7,0
2024,9,REG,2024-11-04,KC,TB,30,24,8,8,0
2024,10,REG,2024-11-07,BAL,CIN,35,34,4,4,1
2024,10,REG,2024-11-10,CAR,NYG,20,17,7,7,0
2024,10,REG,2024-11-10,CHI,NE,3,19,7,7,0
2024,10,REG,2024-11-10,IND,BUF,20,30,7,7,0
2024,10,REG,2024-11-10,JAX,MIN,7,12,7,7,0
2024,10,REG,2024-11-10,KC,DEN,16,14,6,7,1
2024,10,REG,2024-11-10,NO,ATL,20,17,7,7,1
2024,10,REG,2024-11-10,TB,SF,20,23,6,14,0
2024,10,REG,2024-11-10,WAS,PIT,27,28,7,13,0
2024,10,REG,2024-11-10,LAC,TEN,27,17,7,7,0
2024,10,REG,2024-11-10,ARI,NYJ,31,6,7,10,0
2024,10,REG,2024-11-10,DAL,PHI,6,34,7,7,1
2024,10,REG,2024-11-10,HOU,DET,23,26,10,7,0
2024,10,REG,2024-11-11,LA,MIA,15,23,8,8,0
2024,11,REG,2024-11-14,PHI,WAS,26,18,4,4,1
2024,11,REG,2024-11-17,CHI,GB,19,20,7,14,1
2024,11,REG,2024-11-17,DET,JAX,52,6,7,7,0
2024,11,REG,2024-11-17,MIA,LV,34,19,6,14,0
2024,11,REG,2024-11-17,NE,LA,22,28,7,6,0
2024,11,REG,2024-11-17,NO,CLE,35,14,7,14,0
2024,11,REG,2024-11-17,NYJ,IND,27,28,7,7,0
2024,11,REG,2024-11-17,PIT,BAL,18,16,7,10,1
2024,11,REG,2024-11-17,TEN,MIN,13,23,7,7,0
2024,11,REG,2024-11-17,DEN,ATL,38,6,7,7,0
2024,11,REG,2024-11-17,SF,SEA,17,20,7,14,1
2024,11,REG,2024-11-17,BUF,KC,30,21,7,7,0
2024,11,REG,2024-11-17,LAC,CIN,34,27,7,10,0
2024,11,REG,2024-11-18,DAL,HOU,10,34,8,8,0
2024,12,REG,2024-11-21,CLE,PIT,24,19,4,4,1
2024,12,REG,2024-11-24,CAR,KC,27,30,14,7,0
2024,12,REG,2024-11-24,CHI,MIN,27,30,7,7,1
2024,12,REG,2024-11-24,HOU,TEN,27,32,6,7,1
2024,12,REG,2024-11-24,IND,DET,6,24,7,7,0
2024,12,REG,2024-11-24,MIA,NE,34,15,7,7,1
2024,12,REG,2024-11-24,NYG,TB,7,30,14,14,0
2024,12,REG,2024-11-24,WAS,DAL,26,34,10,6,1
2024,12,REG,2024-11-24,LV,DEN,19,29,7,7,1
2024,12,REG,2024-11-24,GB,SF,38,10,7,7,0
2024,12,REG,2024-11-24,SEA,ARI,16,6,7,14,1
2024,12,REG,2024-11-24,LA,PHI,20,37,7,10,0
2024,12,REG,2024-11-25,LAC,BAL,23,30,8,8,0
2024,13,REG,2024-11-28,DET,CHI,23,20,4,4,1
2024,13,REG,2024-11-28,DAL,NYG,27,20,4,4,1
2024,13,REG,2024-11-28,GB,MIA,30,17,4,4,0
2024,13,REG,2024-11-29,KC,LV,19,17,5,5,1
2024,13,REG,2024-12-01,ATL,LAC,13,17,14,6,0
2024,13,REG,2024-12-01,CIN,PIT,38,44,14,10,1
2024,13,REG,2024-12-01,JAX,HOU,20,23,14,7,1
2024,13,REG,2024-12-01,MIN,ARI,23,22,7,7,0
2024,13,REG,2024-12-01,NE,IND,24,25,7,7,0
2024,13,REG,2024-12-01,NYJ,SEA,21,26,14,7,0
2024,13,REG,2024-12-01,WAS,TEN,42,19,7,7,0
2024,13,REG,2024-12-01,CAR,TB,23,26,7,7,1
2024,13,REG,2024-12-01,NO,LA,14,21,14,7,0
2024,13,REG,2024-12-01,BAL,PHI,19,24,6,7,0
2024,13,REG,2024-12-01,BUF,SF,35,10,14,7,0
2024,13,REG,2024-12-02,DEN,CLE,41,32,8,11,0
2024,14,REG,2024-12-05,DET,GB,34,31,7,7,1
2024,14,REG,2024-12-08,MIA,NYJ,32,26,10,7,1
2024,14,REG,2024-12-08,MIN,ATL,42,21,7,7,0
2024,14,REG,2024-12-08,NYG,NO,11,14,10,7,0
2024,14,REG,2024-12-08,PHI,CAR,22,16,7,7,0
2024,14,REG,2024-12-08,PIT,CLE,27,14,7,6,1
2024,14,REG,2024-12-08,TB,LV,28,13,7,9,0
2024,14,REG,2024-12-08,TEN,JAX,6,10,7,7,1
2024,14,REG,2024-12-08,ARI,SEA,18,30,7,7,1
2024,14,REG,2024-12-08,LA,BUF,44,42,7,7,0
2024,14,REG,2024-12-08,SF,CHI,38,13,7,10,0
2024,14,REG,2024-12-08,KC,LAC,19,17,9,7,1
2024,14,REG,2024-12-09,DAL,CIN,20,27,11,8,0
2024,15,REG,2024-12-12,SF,LA,6,12,4,4,1
2024,15,REG,2024-12-15,CAR,DAL,14,30,7,6,0
2024,15,REG,2024-12-15,CLE,KC,7,21,7,7,0
2024,15,REG,2024-12-15,HOU,MIA,20,12,14,7,0
2024,15,REG,2024-12-15,JAX,NYJ,25,32,7,7,0
2024,15,REG,2024-12-15,NO,WAS,19,20,7,14,0
2024,15,REG,2024-12-15,NYG,BAL,14,35,7,14,0
2024,15,REG,2024-12-15,TEN,CIN,27,37,7,6,0
2024,15,REG,2024-12-15,ARI,NE,30,17,7,14,0
2024,15,REG,2024-12-15,DEN,IND,31,13,13,14,0
2024,15,REG,2024-12-15,DET,BUF,42,48,10,7,0
2024,15,REG,2024-12-15,LAC,TB,17,40,7,7,0
2024,15,REG,2024-12-15,PHI,PIT,27,13,7,7,0
2024,15,REG,2024-12-15,SEA,GB,13,30,7,10,0
2024,15,REG,2024-12-16,MIN,CHI,30,12,8,8,1
2024,15,REG,2024-12-16,LV,ATL,9,15,8,8,0
2024,16,REG,2024-12-19,LAC,DEN,34,27,4,4,1
2024,16,REG,2024-12-21,KC,HOU,27,19,6,6,0
2024,16,REG,2024-12-21,BAL,PIT,34,17,6,6,1
2024,16,REG,2024-12-22,ATL,NYG,34,7,6,7,0
2024,16,REG,2024-12-22,CAR,ARI,36,30,7,7,0
2024,16,REG,2024-12-22,CHI,DET,17,34,6,7,1
2024,16,REG,2024-12-22,CIN,CLE,24,6,7,7,1
2024,16,REG,2024-12-22,IND,TEN,38,30,7,7,1
2024,16,REG,2024-12-22,NYJ,LA,9,19,7,10,0
2024,16,REG,2024-12-22,WAS,PHI,36,33,7,7,1
2024,16,REG,2024-12-22,SEA,MIN,24,27,7,6,0
2024,16,REG,2024-12-22,BUF,NE,24,21,7,7,1
2024,16,REG,2024-12-22,LV,JAX,19,14,6,7,0
2024,16,REG,2024-12-22,MIA,SF,29,17,7,10,0
2024,16,REG,2024-12-22,DAL,TB,26,24,7,7,0
2024,16,REG,2024-12-23,GB,NO,34,0,8,8,0
2024,17,REG,2024-12-25,PIT,KC,10,29,4,4,0
2024,17,REG,2024-12-25,HOU,BAL,2,31,4,4,0
2024,17,REG,2024-12-26,CHI,SEA,3,6,4,4,0
2024,17,REG,2024-12-28,NE,LAC,7,40,6,9,0
2024,17,REG,2024-12-28,CIN,DEN,30,24,6,9,0
2024,17,REG,2024-12-28,LA,ARI,13,9,6,6,1
2024,17,REG,2024-12-29,BUF,NYJ,40,14,7,7,1
2024,17,REG,2024-12-29,JAX,TEN,20,13,7,7,1
2024,17,REG,2024-12-29,NO,LV,10,25,6,7,0
2024,17,REG,2024-12-29,NYG,IND,45,33,7,7,0
2024,17,REG,2024-12-29,PHI,DAL,41,7,7,7,1
2024,17,REG,2024-12-29,TB,CAR,48,14,7,7,1
2024,17,REG,2024-12-29,CLE,MIA,3,20,7,7,0
2024,17,REG,2024-12-29,MIN,GB,27,25,7,6,1
2024,17,REG,2024-12-29,WAS,ATL,30,24,7,7,0
2024,17,REG,2024-12-30,SF,DET,34,40,8,8,0
2024,18,REG,2025-01-04,BAL,CLE,35,10,10,6,1
2024,18,REG,2025-01-04,PIT,CIN,17,19,10,7,1
2024,18,REG,2025-01-05,ATL,CAR,38,44,7,7,1
2024,18,REG,2025-01-05,DAL,WAS,19,23,7,7,1
2024,18,REG,2025-01-05,GB,CHI,22,24,7,10,1
2024,18,REG,2025-01-05,IND,JAX,26,23,7,7,1
2024,18,REG,2025-01-05,NE,BUF,23,16,8,7,1
2024,18,REG,2025-01-05,PHI,NYG,20,13,7,7,1
2024,18,REG,2025-01-05,TB,NO,27,19,7,7,1
2024,18,REG,2025-01-05,TEN,HOU,14,23,7,11,1
2024,18,REG,2025-01-05,ARI,SF,47,24,8,6,1
2024,18,REG,2025-01-05,DEN,KC,38,0,8,11,1
2024,18,REG,2025-01-05,LA,SEA,25,30,8,10,1
2024,18,REG,2025-01-05,LV,LAC,20,34,7,8,1
2024,18,REG,2025-01-05,NYJ,MIA,32,20,7,7,1
2024,18,REG,2025-01-05,DET,MIN,31,9,6,7,1
2024,19,WC,2025-01-11,HOU,LAC,32,12,6,6,0
2024,19,WC,2025-01-11,BAL,PIT,28,14,7,7,1
2024,19,WC,2025-01-12,BUF,DEN,31,7,7,7,0
2024,19,WC,2025-01-12,PHI,GB,22,10,7,7,0
2024,19,WC,2025-01-12,TB,WAS,20,23,7,7,0
2024,19,WC,2025-01-13,LA,MIN,27,9,8,8,0
2024,20,DIV,2025-01-18,KC,HOU,23,14,13,7,0
2024,20,DIV,2025-01-18,DET,WAS,31,45,13,6,0
2024,20,DIV,2025-01-19,PHI,LA,28,22,7,6,0
2024,20,DIV,2025-01-19,BUF,BAL,27,25,7,8,0
2024,21,CON,2025-01-26,PHI,WAS,55,23,7,8,1
2024,21,CON,2025-01-26,KC,BUF,32,29,8,7,0
2024,22,SB,2025-02-09,PHI,KC,40,22,14,14,0
2025,1,REG,2025-09-04,PHI,DAL,24,20,7,7,1
2025,1,REG,2025-09-05,LAC,KC,27,21,7,7,1
2025,1,REG,2025-09-07,ATL,TB,20,23,7,7,1
2025,1,REG,2025-09-07,CLE,CIN,16,17,7,7,1
2025,1,REG,2025-09-07,IND,MIA,33,8,7,7,0
2025,1,REG,2025-09-07,JAX,CAR,26,10,7,7,0
2025,1,REG,2025-09-07,NE,LV,13,20,7,7,0
2025,1,REG,2025-09-07,NO,ARI,13,20,7,7,0
2025,1,REG,2025-09-07,NYJ,PIT,32,34,7,7,0
2025,1,REG,2025-09-07,WAS,NYG,21,6,7,7,1
2025,1,REG,2025-09-07,DEN,TEN,20,12,7,7,0
2025,1,REG,2025-09-07,SEA,SF,13,17,7,7,1
2025,1,REG,2025-09-07,GB,DET,27,13,7,7,1
2025,1,REG,2025-09-07,LA,HOU,14,9,7,7,0
2025,1,REG,2025-09-07,BUF,BAL,41,40,7,7,0
2025,1,REG,2025-09-08,CHI,MIN,24,27,7,7,1
2025,2,REG,2025-09-11,GB,WAS,27,18,4,4,0
2025,2,REG,2025-09-14,BAL,CLE,41,17,7,7,1
2025,2,REG,2025-09-14,CIN,JAX,31,27,7,7,0
2025,2,REG,2025-09-14,DAL,NYG,40,37,10,7,1
2025,2,REG,2025-09-14,DET,CHI,52,21,7,6,1
2025,2,REG,2025-09-14,MIA,NE,27,33,7,7,1
2025,2,REG,2025-09-14,NO,SF,21,26,7,7,0
2025,2,REG,2025-09-14,NYJ,BUF,10,30,7,7,1
2025,2,REG,2025-09-14,PIT,SEA,17,31,7,7,0
2025,2,REG,2025-09-14,TEN,LA,19,33,7,7,0
2025,2,REG,2025-09-14,ARI,CAR,27,22,7,7,0
2025,2,REG,2025-09-14,IND,DEN,29,28,7,7,0
2025,2,REG,2025-09-14,KC,PHI,17,20,9,10,0
2025,2,REG,2025-09-14,MIN,ATL,6,22,6,7,0
2025,2,REG,2025-09-15,HOU,TB,19,20,8,8,0
2025,2,REG,2025-09-15,LV,LAC,9,20,8,10,1
2025,3,REG,2025-09-18,BUF,MIA,31,21,4,4,1
2025,3,REG,2025-09-21,CAR,ATL,30,0,7,7,1
2025,3,REG,2025-09-21,CLE,GB,13,10,7,10,0
2025,3,REG,2025-09-21,JAX,HOU,17,10,7,6,1
2025,3,REG,2025-09-21,MIN,CIN,48,10,7,7,0
2025,3,REG,2025-09-21,NE,PIT,14,21,7,7,0
2025,3,REG,2025-09-21,PHI,LA,33,26,7,7,0
2025,3,REG,2025-09-21,TB,NYJ,29,27,6,7,0
2025,3,REG,2025-09-21,TEN,IND,20,41,7,7,1
2025,3,REG,2025-09-21,WAS,LV,41,24,10,6,0
2025,3,REG,2025-09-21,LAC,DEN,23,20,6,7,1
2025,3,REG,2025-09-21,SEA,NO,44,13,7,7,0
2025,3,REG,2025-09-21,CHI,DAL,31,14,7,7,0
2025,3,REG,2025-09-21,SF,ARI,16,15,7,7,1
2025,3,REG,2025-09-21,NYG,KC,9,22,7,7,0
2025,3,REG,2025-09-22,BAL,DET,30,38,8,8,0
2025,4,REG,2025-09-25,ARI,SEA,20,23,4,4,1
2025,4,REG,2025-09-28,PIT,MIN,24,21,7,7,0
2025,4,REG,2025-09-28,ATL,WAS,34,27,7,7,0
2025,4,REG,2025-09-28,BUF,NO,31,19,10,7,0
2025,4,REG,2025-09-28,DET,CLE,34,10,6,7,0
2025,4,REG,2025-09-28,HOU,TEN,26,0,7,7,1
2025,4,REG,2025-09-28,NE,CAR,42,13,7,7,0
2025,4,REG,2025-09-28,NYG,LAC,21,18,7,7,0
2025,4,REG,2025-09-28,TB,PHI,25,31,7,7,0
2025,4,REG,2025-09-28,LA,IND,27,20,7,7,0
2025,4,REG,2025-09-28,SF,JAX,21,26,7,7,0
2025,4,REG,2025-09-28,KC,BAL,37,20,7,6,0
2025,4,REG,2025-09-28,LV,CHI,24,25,7,7,0
2025,4,REG,2025-09-28,DAL,GB,40,40,7,7,0
2025,4,REG,2025-09-29,MIA,NYJ,27,21,11,8,1
2025,4,REG,2025-09-29,DEN,CIN,28,3,8,8,0
2025,5,REG,2025-10-02,LA,SF,23,26,4,4,1
2025,5,REG,2025-10-05,CLE,MIN,17,21,7,7,0
2025,5,REG,2025-10-05,BAL,HOU,10,44,7,7,0
2025,5,REG,2025-10-05,CAR,MIA,27,24,7,6,0
2025,5,REG,2025-10-05,IND,LV,40,6,7,7,0
2025,5,REG,2025-10-05,NO,NYG,26,14,7,7,0
2025,5,REG,2025-10-05,NYJ,DAL,22,37,6,7,0
2025,5,REG,2025-10-05,PHI,DEN,17,21,7,6,0
2025,5,REG,2025-10-05,ARI,TEN,21,22,10,7,0
2025,5,REG,2025-10-05,SEA,TB,35,38,10,7,0
2025,5,REG,2025-10-05,CIN,DET,24,37,6,7,0
2025,5,REG,2025-10-05,LAC,WAS,10,27,7,7,0
2025,5,REG,2025-10-05,BUF,NE,20,23,7,7,1
2025,5,REG,2025-10-06,JAX,KC,31,28,8,8,0
2025,6,REG,2025-10-09,NYG,PHI,34,17,4,4,1
2025,6,REG,2025-10-12,NYJ,DEN,11,13,7,7,0
2025,6,REG,2025-10-12,BAL,LA,3,17,7,10,0
2025,6,REG,2025-10-12,CAR,DAL,30,27,7,7,0
2025,6,REG,2025-10-12,IND,ARI,31,27,7,7,0
2025,6,REG,2025-10-12,JAX,SEA,12,20,6,7,0
2025,6,REG,2025-10-12,MIA,LAC,27,29,7,7,0
2025,6,REG,2025-10-12,NO,NE,19,25,7,7,0
2025,6,REG,2025-10-12,PIT,CLE,23,9,14,7,1
2025,6,REG,2025-10-12,LV,TEN,20,10,7,7,0
2025,6,REG,2025-10-12,GB,CIN,27,18,14,7,0
2025,6,REG,2025-10-12,TB,SF,30,19,7,10,0
2025,6,REG,2025-10-12,KC,DET,30,17,6,7,0
2025,6,REG,2025-10-13,ATL,BUF,24,14,15,8,0
2025,6,REG,2025-10-13,WAS,CHI,24,25,8,15,0
2025,7,REG,2025-10-16,CIN,PIT,33,31,4,4,1
2025,7,REG,2025-10-19,JAX,LA,7,35,7,7,0
2025,7,REG,2025-10-19,CHI,NO,26,14,6,7,0
2025,7,REG,2025-10-19,CLE,MIA,31,6,7,7,0
2025,7,REG,2025-10-19,KC,LV,31,0,7,7,1
2025,7,REG,2025-10-19,MIN,PHI,22,28,14,10,0
2025,7,REG,2025-10-19,NYJ,CAR,6,13,7,7,0
2025,7,REG,2025-10-19,TEN,NE,13,31,7,7,0
2025,7,REG,2025-10-19,DEN,NYG,33,32,7,10,0
2025,7,REG,2025-10-19,LAC,IND,24,38,7,7,0
2025,7,REG,2025-10-19,ARI,GB,23,27,7,7,0
2025,7,REG,2025-10-19,DAL,WAS,44,22,7,6,1
2025,7,REG,2025-10-19,SF,ATL,20,10,7,6,0
2025,7,REG,2025-10-20,DET,TB,24,9,8,8,0
2025,7,REG,2025-10-20,SEA,HOU,27,19,8,15,0
2025,8,REG,2025-10-23,LAC,MIN,37,10,4,4,0
2025,8,REG,2025-10-26,ATL,MIA,10,34,7,7,0
2025,8,REG,2025-10-26,BAL,CHI,30,16,14,7,0
2025,8,REG,2025-10-26,CAR,BUF,9,40,7,13,0
2025,8,REG,2025-10-26,CIN,NYJ,38,39,10,7,0
2025,8,REG,2025-10-26,HOU,SF,26,15,6,7,0
2025,8,REG,2025-10-26,NE,CLE,32,13,7,7,0
2025,8,REG,2025-10-26,PHI,NYG,38,20,7,7,1
2025,8,REG,2025-10-26,NO,TB,3,23,7,6,1
2025,8,REG,2025-10-26,DEN,DAL,44,24,7,7,0
2025,8,REG,2025-10-26,IND,TEN,38,14,7,7,1
2025,8,REG,2025-10-26,PIT,GB,25,35,10,7,0
2025,8,REG,2025-10-27,KC,WAS,28,7,8,8,0
2025,9,REG,2025-10-30,MIA,BAL,6,28,4,4,0
2025,9,REG,2025-11-02,CIN,CHI,42,47,7,7,0
2025,9,REG,2025-11-02,DET,MIN,24,27,13,10,1
2025,9,REG,2025-11-02,GB,CAR,13,16,7,7,0
2025,9,REG,2025-11-02,HOU,DEN,15,18,7,7,0
2025,9,REG,2025-11-02,NE,ATL,24,23,7,7,0
2025,9,REG,2025-11-02,NYG,SF,24,34,7,7,0
2025,9,REG,2025-11-02,PIT,IND,27,20,7,7,0
2025,9,REG,2025-11-02,TEN,LAC,20,27,7,10,0
2025,9,REG,2025-11-02,LA,NO,34,10,14,7,0
2025,9,REG,2025-11-02,LV,JAX,29,30,14,14,0
2025,9,REG,2025-11-02,BUF,KC,28,21,7,6,0
2025,9,REG,2025-11-02,WAS,SEA,14,38,6,13,0
2025,9,REG,2025-11-03,DAL,ARI,17,27,8,15,0
2025,10,REG,2025-11-06,DEN,LV,10,7,4,4,1
2025,10,REG,2025-11-09,IND,ATL,31,25,7,7,0
2025,10,REG,2025-11-09,CAR,NO,7,17,7,7,1
2025,10,REG,2025-11-09,CHI,NYG,24,20,7,7,0
2025,10,REG,2025-11-09,HOU,JAX,36,29,7,7,1
2025,10,REG,2025-11-09,MIA,BUF,30,13,10,7,1
2025,10,REG,2025-11-09,MIN,BAL,19,27,7,10,0
2025,10,REG,2025-11-09,NYJ,CLE,27,20,14,14,0
2025,10,REG,2025-11-09,TB,NE,23,28,14,7,0
2025,10,REG,2025-11-09,SEA,ARI,44,22,7,6,1
2025,10,REG,2025-11-09,SF,LA,26,42,7,7,1
2025,10,REG,2025-11-09,WAS,DET,22,44,7,7,0
2025,10,REG,2025-11-09,LAC,PIT,25,10,7,7,0
2025,10,REG,2025-11-10,GB,PHI,7,10,8,15,0
2025,11,REG,2025-11-13,NE,NYJ,27,14,4,4,1
2025,11,REG,2025-11-16,MIA,WAS,16,13,7,7,0
2025,11,REG,2025-11-16,ATL,CAR,27,30,7,7,1
2025,11,REG,2025-11-16,BUF,TB,44,32,7,7,0
2025,11,REG,2025-11-16,JAX,LAC,35,6,7,7,0
2025,11,REG,2025-11-16,MIN,CHI,17,19,7,7,1
2025,11,REG,2025-11-16,NYG,GB,20,27,7,6,0
2025,11,REG,2025-11-16,PIT,CIN,34,12,7,14,1
2025,11,REG,2025-11-16,TEN,HOU,13,16,14,7,1
2025,11,REG,2025-11-16,ARI,SF,22,41,7,7,1
2025,11,REG,2025-11-16,LA,SEA,21,19,7,7,1
2025,11,REG,2025-11-16,CLE,BAL,16,23,7,7,1
2025,11,REG,2025-11-16,DEN,KC,22,19,10,14,1
2025,11,REG,2025-11-16,PHI,DET,16,9,6,7,0
2025,11,REG,2025-11-17,LV,DAL,16,33,11,14,0
2025,12,REG,2025-11-20,HOU,BUF,23,19,4,4,0
2025,12,REG,2025-11-23,BAL,NYJ,23,10,7,10,0
2025,12,REG,2025-11-23,CHI,PIT,31,28,7,7,0
2025,12,REG,2025-11-23,CIN,NE,20,26,7,10,0
2025,12,REG,2025-11-23,DET,NYG,34,27,7,7,0
2025,12,REG,2025-11-23,GB,MIN,23,6,7,7,1
2025,12,REG,2025-11-23,KC,IND,23,20,7,14,0
2025,12,REG,2025-11-23,TEN,SEA,24,30,7,7,0
2025,12,REG,2025-11-23,ARI,JAX,24,27,7,7,0
2025,12,REG,2025-11-23,LV,CLE,10,24,6,7,0
2025,12,REG,2025-11-23,DAL,PHI,24,21,6,7,1
2025,12,REG,2025-11-23,NO,ATL,10,24,14,7,1
2025,12,REG,2025-11-23,LA,TB,34,7,7,7,0
2025,12,REG,2025-11-24,SF,CAR,20,9,8,8,0
2025,13,REG,2025-11-27,DET,GB,24,31,4,4,1
2025,13,REG,2025-11-27,DAL,KC,31,28,4,4,0
2025,13,REG,2025-11-27,BAL,CIN,14,32,4,4,1
2025,13,REG,2025-11-28,PHI,CHI,15,24,5,5,0
2025,13,REG,2025-11-30,CAR,LA,31,28,6,7,0
2025,13,REG,2025-11-30,CLE,SF,8,26,7,6,0
2025,13,REG,2025-11-30,IND,HOU,16,20,7,10,1
2025,13,REG,2025-11-30,MIA,NO,21,17,14,7,0
2025,13,REG,2025-11-30,NYJ,ATL,27,24,7,7,0
2025,13,REG,2025-11-30,TB,ARI,20,17,7,7,0
2025,13,REG,2025-11-30,TEN,JAX,3,25,7,7,1
2025,13,REG,2025-11-30,SEA,MIN,26,0,7,7,0
2025,13,REG,2025-11-30,LAC,LV,31,14,14,7,1
2025,13,REG,2025-11-30,PIT,BUF,7,26,7,10,0
2025,13,REG,2025-11-30,WAS,DEN,26,27,14,14,0
2025,13,REG,2025-12-01,NE,NYG,33,15,8,8,0
2025,14,REG,2025-12-04,DET,DAL,44,30,7,7,0
2025,14,REG,2025-12-07,ATL,SEA,9,37,7,7,0
2025,14,REG,2025-12-07,BAL,PIT,22,27,10,7,1
2025,14,REG,2025-12-07,BUF,CIN,39,34,7,10,0
2025,14,REG,2025-12-07,CLE,TEN,29,31,7,7,0
2025,14,REG,2025-12-07,JAX,IND,36,19,7,7,1
2025,14,REG,2025-12-07,MIN,WAS,31,0,7,7,0
2025,14,REG,2025-12-07,NYJ,MIA,10,34,7,7,1
2025,14,REG,2025-12-07,TB,NO,20,24,7,7,1
2025,14,REG,2025-12-07,LV,DEN,17,24,7,7,1
2025,14,REG,2025-12-07,ARI,LA,17,45,7,7,1
2025,14,REG,2025-12-07,GB,CHI,28,21,10,9,1
2025,14,REG,2025-12-07,KC,HOU,10,20,10,7,0
2025,14,REG,2025-12-08,LAC,PHI,22,19,8,10,0
2025,15,REG,2025-12-11,TB,ATL,28,29,4,4,1
2025,15,REG,2025-12-14,CHI,CLE,31,3,7,7,0
2025,15,REG,2025-12-14,CIN,BAL,0,24,7,7,1
2025,15,REG,2025-12-14,HOU,ARI,40,20,7,7,0
2025,15,REG,2025-12-14,JAX,NYJ,48,20,7,7,0
2025,15,REG,2025-12-14,KC,LAC,13,16,7,6,1
2025,15,REG,2025-12-14,NE,BUF,31,35,13,7,1
2025,15,REG,2025-12-14,NYG,WAS,21,29,13,7,1
2025,15,REG,2025-12-14,PHI,LV,31,0,6,7,0
2025,15,REG,2025-12-14,DEN,GB,34,26,7,7,0
2025,15,REG,2025-12-14,LA,DET,41,34,7,10,0
2025,15,REG,2025-12-14,NO,CAR,20,17,7,14,1
2025,15,REG,2025-12-14,SEA,IND,18,16,7,7,0
2025,15,REG,2025-12-14,SF,TEN,37,24,14,7,0
2025,15,REG,2025-12-14,DAL,MIN,26,34,10,7,0
2025,15,REG,2025-12-15,PIT,MIA,28,15,8,8,0
2025,16,REG,2025-12-18,SEA,LA,38,37,4,4,1
2025,16,REG,2025-12-20,WAS,PHI,18,29,6,6,1
2025,16,REG,2025-12-20,CHI,GB,22,16,6,6,1
2025,16,REG,2025-12-21,CAR,TB,23,20,7,10,1
2025,16,REG,2025-12-21,CLE,BUF,20,23,7,7,0
2025,16,REG,2025-12-21,DAL,LAC,17,34,7,7,0
2025,16,REG,2025-12-21,MIA,CIN,21,45,6,7,0
2025,16,REG,2025-12-21,NO,NYJ,29,6,7,7,0
2025,16,REG,2025-12-21,NYG,MIN,13,16,7,7,0
2025,16,REG,2025-12-21,TEN,KC,26,9,7,7,0
2025,16,REG,2025-12-21,ARI,ATL,19,26,7,10,0
2025,16,REG,2025-12-21,DEN,JAX,20,34,7,7,0
2025,16,REG,2025-12-21,DET,PIT,24,29,7,6,0
2025,16,REG,2025-12-21,HOU,LV,23,21,7,7,0
2025,16,REG,2025-12-21,BAL,NE,24,28,7,7,0
2025,16,REG,2025-12-22,IND,SF,27,48,8,8,0
2025,17,REG,2025-12-25,WAS,DAL,23,30,5,4,1
2025,17,REG,2025-12-25,MIN,DET,23,10,4,4,1
2025,17,REG,2025-12-25,KC,DEN,13,20,4,4,1
2025,17,REG,2025-12-27,LAC,HOU,16,20,6,6,0
2025,17,REG,2025-12-27,GB,BAL,24,41,7,6,0
2025,17,REG,2025-12-28,CAR,SEA,10,27,7,10,0
2025,17,REG,2025-12-28,CIN,ARI,37,14,7,7,0
2025,17,REG,2025-12-28,CLE,PIT,13,6,7,7,1
2025,17,REG,2025-12-28,IND,JAX,17,23,6,7,1
2025,17,REG,2025-12-28,MIA,TB,20,17,7,7,0
2025,17,REG,2025-12-28,NYJ,NE,10,42,7,7,1
2025,17,REG,2025-12-28,TEN,NO,26,34,7,7,0
2025,17,REG,2025-12-28,LV,NYG,10,34,7,7,0
2025,17,REG,2025-12-28,BUF,PHI,12,13,7,8,0
2025,17,REG,2025-12-28,SF,CHI,42,38,6,8,0
2025,17,REG,2025-12-29,ATL,LA,27,24,8,11,0
2025,18,REG,2026-01-03,TB,CAR,16,14,6,6,1
2025,18,REG,2026-01-03,SF,SEA,3,13,6,6,1
2025,18,REG,2026-01-04,ATL,NO,19,17,6,7,1
2025,18,REG,2026-01-04,CIN,CLE,18,20,7,7,1
2025,18,REG,2026-01-04,HOU,IND,38,30,8,7,1
2025,18,REG,2026-01-04,JAX,TEN,41,7,7,7,1
2025,18,REG,2026-01-04,MIN,GB,16,3,10,8,1
2025,18,REG,2026-01-04,NYG,DAL,34,17,7,10,1
2025,18,REG,2026-01-04,BUF,NYJ,35,8,7,7,1
2025,18,REG,2026-01-04,CHI,DET,16,19,7,10,1
2025,18,REG,2026-01-04,DEN,LAC,19,3,10,8,1
2025,18,REG,2026-01-04,LA,ARI,37,20,6,7,1
2025,18,REG,2026-01-04,LV,KC,14,12,7,10,1
2025,18,REG,2026-01-04,NE,MIA,38,10,7,7,1
2025,18,REG,2026-01-04,PHI,WAS,17,24,7,10,1
2025,18,REG,2026-01-04,PIT,BAL,26,24,7,8,1
2025,19,WC,2026-01-10,CAR,LA,31,34,7,6,0
2025,19,WC,2026-01-10,CHI,GB,31,27,6,6,1
2025,19,WC,2026-01-11,JAX,BUF,24,27,7,7,0
2025,19,WC,2026-01-11,PHI,SF,19,23,7,8,0
2025,19,WC,2026-01-11,NE,LAC,16,3,7,7,0
2025,19,WC,2026-01-12,PIT,HOU,6,30,8,8,0
2025,20,DIV,2026-01-17,DEN,BUF,33,30,13,6,0
2025,20,DIV,2026-01-17,SEA,SF,41,6,14,6,1
2025,20,DIV,2026-01-18,NE,HOU,28,16,7,6,0
2025,20,DIV,2026-01-18,CHI,LA,17,20,8,8,0
2025,21,CON,2026-01-25,DEN,NE,7,10,8,7,0
2025,21,CON,2026-01-25,SEA,LA,31,27,8,7,1
2025,22,SB,2026-02-08,NE,SEA,13,29,14,14,0
2026,1,REG,2026-09-09,SEA,NE,13,10,7,7,0
2026,1,REG,2026-09-10,LA,SF,7,27,7,7,1
